redemption_id,card_id,redemption_date,redemption_amount
GC-500001-R1,GC-500001,2022-02-21,69.34
GC-500002-R1,GC-500002,2022-07-28,90.32
GC-500004-R1,GC-500004,2024-05-28,139.17
GC-500005-R1,GC-500005,2023-12-02,46.08
GC-500007-R1,GC-500007,2024-10-28,11.19
GC-500008-R1,GC-500008,2023-03-28,22.61
GC-500010-R1,GC-500010,2022-12-28,26.44
GC-500010-R2,GC-500010,2023-02-28,15.36
GC-500010-R3,GC-500010,2023-04-28,6.79
GC-500010-R4,GC-500010,2023-08-28,5.75
GC-500010-R5,GC-500010,2024-01-28,14.73
GC-500012-R1,GC-500012,2022-09-16,47.21
GC-500012-R2,GC-500012,2023-01-16,24.51
GC-500012-R3,GC-500012,2023-03-16,20.94
GC-500012-R4,GC-500012,2023-08-16,20.07
GC-500012-R5,GC-500012,2024-01-16,35.42
GC-500013-R1,GC-500013,2024-06-28,49.99
GC-500014-R1,GC-500014,2022-04-21,48.14
GC-500015-R1,GC-500015,2024-03-28,60.59
GC-500015-R2,GC-500015,2024-04-28,36.14
GC-500015-R3,GC-500015,2024-09-28,22.63
GC-500015-R4,GC-500015,2024-12-28,7.14
GC-500016-R1,GC-500016,2024-09-18,69.59
GC-500016-R2,GC-500016,2024-10-18,59.0
GC-500017-R1,GC-500017,2023-03-12,27.8
GC-500017-R2,GC-500017,2023-07-12,9.35
GC-500017-R3,GC-500017,2023-10-12,16.72
GC-500017-R4,GC-500017,2024-01-12,5.26
GC-500017-R5,GC-500017,2024-03-12,14.09
GC-500018-R1,GC-500018,2022-12-11,189.72
GC-500019-R1,GC-500019,2023-02-15,87.5
GC-500019-R2,GC-500019,2023-06-15,49.91
GC-500019-R3,GC-500019,2023-11-15,22.22
GC-500019-R4,GC-500019,2024-01-15,29.88
GC-500021-R1,GC-500021,2023-01-05,45.32
GC-500022-R1,GC-500022,2023-03-28,24.27
GC-500024-R1,GC-500024,2022-12-28,143.64
GC-500025-R1,GC-500025,2023-05-25,11.09
GC-500025-R2,GC-500025,2023-06-25,5.25
GC-500025-R3,GC-500025,2023-07-25,1.7
GC-500025-R4,GC-500025,2023-10-25,6.11
GC-500026-R1,GC-500026,2023-06-25,47.68
GC-500028-R1,GC-500028,2022-05-14,83.59
GC-500028-R2,GC-500028,2022-05-23,-28.79
GC-500029-R1,GC-500029,2022-08-01,29.43
GC-500029-R2,GC-500029,2023-01-01,24.15
GC-500029-R3,GC-500029,2023-05-01,8.98
GC-500029-R4,GC-500029,2023-08-01,27.46
GC-500030-R1,GC-500030,2022-05-02,190.84
GC-500031-R1,GC-500031,2024-09-03,115.46
GC-500031-R2,GC-500031,2024-09-06,-43.7
GC-500033-R1,GC-500033,2024-07-08,57.52
GC-500033-R2,GC-500033,2024-10-08,23.35
GC-500034-R1,GC-500034,2023-09-07,85.02
GC-500035-R1,GC-500035,2022-08-24,64.09
GC-500035-R2,GC-500035,2022-11-24,21.16
GC-500035-R3,GC-500035,2023-03-24,23.83
GC-500035-R4,GC-500035,2023-06-24,29.12
GC-500037-R1,GC-500037,2023-08-26,24.36
GC-500038-R1,GC-500038,2024-03-04,90.87
GC-500038-R2,GC-500038,2024-04-04,23.18
GC-500038-R3,GC-500038,2024-08-04,35.29
GC-500038-R4,GC-500038,2024-09-04,43.34
GC-500039-R1,GC-500039,2024-02-15,199.6
GC-500040-R1,GC-500040,2024-06-25,26.4
GC-500041-R1,GC-500041,2023-01-28,11.89
GC-500041-R2,GC-500041,2023-03-28,13.33
GC-500041-R3,GC-500041,2023-06-28,19.99
GC-500042-R1,GC-500042,2024-05-12,227.99
GC-500043-R1,GC-500043,2024-06-24,13.63
GC-500043-R2,GC-500043,2024-07-24,11.03
GC-500043-R3,GC-500043,2024-08-24,10.99
GC-500043-R4,GC-500043,2024-10-24,13.03
GC-500045-R1,GC-500045,2023-07-28,69.59
GC-500046-R1,GC-500046,2024-05-21,56.31
GC-500047-R1,GC-500047,2022-09-25,15.93
GC-500048-R1,GC-500048,2024-01-09,29.41
GC-500049-R1,GC-500049,2023-07-25,24.27
GC-500051-R1,GC-500051,2024-02-05,7.24
GC-500051-R2,GC-500051,2024-05-05,6.25
GC-500051-R3,GC-500051,2024-07-05,3.53
GC-500051-R4,GC-500051,2024-11-05,7.28
GC-500052-R1,GC-500052,2024-01-09,64.27
GC-500052-R2,GC-500052,2024-06-09,33.0
GC-500052-R3,GC-500052,2024-10-09,50.24
GC-500053-R1,GC-500053,2024-06-30,47.56
GC-500054-R1,GC-500054,2023-11-05,51.52
GC-500054-R2,GC-500054,2024-01-05,34.47
GC-500054-R3,GC-500054,2024-02-05,106.67
GC-500056-R1,GC-500056,2023-03-03,87.8
GC-500056-R2,GC-500056,2023-04-03,43.3
GC-500056-R3,GC-500056,2023-06-03,56.58
GC-500058-R1,GC-500058,2024-12-23,38.21
GC-500059-R1,GC-500059,2025-04-28,141.69
GC-500060-R1,GC-500060,2024-11-10,19.09
GC-500061-R1,GC-500061,2022-07-08,16.73
GC-500061-R2,GC-500061,2022-09-08,16.54
GC-500061-R3,GC-500061,2022-11-08,14.83
GC-500061-R4,GC-500061,2022-12-08,6.87
GC-500061-R5,GC-500061,2023-03-08,14.29
GC-500062-R1,GC-500062,2024-09-12,10.52
GC-500064-R1,GC-500064,2023-06-28,18.57
GC-500064-R2,GC-500064,2023-10-28,11.6
GC-500064-R3,GC-500064,2024-02-28,7.7
GC-500064-R4,GC-500064,2024-07-28,8.49
GC-500065-R1,GC-500065,2022-07-25,143.47
GC-500066-R1,GC-500066,2023-02-05,13.49
GC-500066-R2,GC-500066,2023-06-05,9.0
GC-500066-R3,GC-500066,2023-10-05,22.76
GC-500067-R1,GC-500067,2022-08-17,24.37
GC-500068-R1,GC-500068,2022-06-21,29.7
GC-500070-R1,GC-500070,2024-12-10,73.25
GC-500071-R1,GC-500071,2023-03-02,27.05
GC-500072-R1,GC-500072,2022-11-05,196.61
GC-500073-R1,GC-500073,2022-10-05,8.22
GC-500073-R2,GC-500073,2023-01-05,3.09
GC-500073-R3,GC-500073,2023-05-05,5.39
GC-500073-R4,GC-500073,2023-06-05,6.67
GC-500074-R1,GC-500074,2024-06-12,47.53
GC-500074-R2,GC-500074,2024-09-12,19.06
GC-500075-R1,GC-500075,2024-09-10,54.42
GC-500076-R1,GC-500076,2024-11-09,36.92
GC-500078-R1,GC-500078,2022-02-06,45.43
GC-500079-R1,GC-500079,2023-06-08,27.81
GC-500079-R2,GC-500079,2023-10-08,27.98
GC-500079-R3,GC-500079,2024-01-08,40.67
GC-500080-R1,GC-500080,2024-06-26,42.78
GC-500080-R2,GC-500080,2024-10-26,28.18
GC-500081-R1,GC-500081,2022-09-11,46.58
GC-500083-R1,GC-500083,2023-09-03,19.17
GC-500083-R2,GC-500083,2023-11-03,7.71
GC-500083-R3,GC-500083,2023-12-03,7.17
GC-500083-R4,GC-500083,2024-02-03,12.43
GC-500084-R1,GC-500084,2022-09-28,68.19
GC-500084-R2,GC-500084,2022-12-28,34.28
GC-500084-R3,GC-500084,2023-04-28,8.62
GC-500084-R4,GC-500084,2023-05-28,28.18
GC-500085-R1,GC-500085,2024-11-04,144.44
GC-500086-R1,GC-500086,2023-10-05,45.59
GC-500088-R1,GC-500088,2022-05-11,181.98
GC-500089-R1,GC-500089,2022-06-16,45.87
GC-500090-R1,GC-500090,2024-09-11,142.05
GC-500091-R1,GC-500091,2024-12-18,73.56
GC-500094-R1,GC-500094,2023-11-15,8.29
GC-500094-R2,GC-500094,2024-03-15,5.1
GC-500094-R3,GC-500094,2024-08-15,2.18
GC-500094-R4,GC-500094,2024-12-15,8.1
GC-500096-R1,GC-500096,2022-02-18,71.82
GC-500097-R1,GC-500097,2025-03-28,99.16
GC-500098-R1,GC-500098,2024-11-04,42.75
GC-500100-R1,GC-500100,2025-01-20,69.39
GC-500102-R1,GC-500102,2024-01-18,96.25
GC-500103-R1,GC-500103,2023-02-26,43.46
GC-500103-R2,GC-500103,2023-04-26,16.23
GC-500103-R3,GC-500103,2023-05-26,39.12
GC-500106-R1,GC-500106,2023-11-14,99.8
GC-500108-R1,GC-500108,2024-09-28,139.01
GC-500110-R1,GC-500110,2024-10-21,49.9
GC-500112-R1,GC-500112,2024-05-01,70.0
GC-500112-R2,GC-500112,2024-10-01,38.83
GC-500112-R3,GC-500112,2024-11-01,90.79
GC-500113-R1,GC-500113,2023-01-24,90.15
GC-500115-R1,GC-500115,2024-03-04,64.96
GC-500115-R2,GC-500115,2024-04-04,29.18
GC-500115-R3,GC-500115,2024-06-04,18.13
GC-500115-R4,GC-500115,2024-09-04,14.19
GC-500115-R5,GC-500115,2024-10-04,14.24
GC-500116-R1,GC-500116,2022-10-21,93.0
GC-500116-R2,GC-500116,2022-11-21,31.05
GC-500116-R3,GC-500116,2022-12-21,21.14
GC-500116-R4,GC-500116,2023-03-21,17.2
GC-500116-R5,GC-500116,2023-05-21,35.06
GC-500117-R1,GC-500117,2024-04-23,195.85
GC-500118-R1,GC-500118,2023-09-09,37.94
GC-500118-R2,GC-500118,2023-10-09,46.6
GC-500118-R3,GC-500118,2024-02-09,24.75
GC-500118-R4,GC-500118,2024-07-09,27.86
GC-500119-R1,GC-500119,2022-09-01,25.25
GC-500119-R2,GC-500119,2022-12-01,12.9
GC-500119-R3,GC-500119,2023-04-01,16.76
GC-500119-R4,GC-500119,2023-05-01,20.0
GC-500120-R1,GC-500120,2024-05-21,22.02
GC-500121-R1,GC-500121,2023-07-19,147.98
GC-500122-R1,GC-500122,2023-09-10,147.03
GC-500124-R1,GC-500124,2024-08-21,140.47
GC-500125-R1,GC-500125,2024-09-28,16.01
GC-500125-R2,GC-500125,2024-12-28,13.32
GC-500126-R1,GC-500126,2023-10-28,31.34
GC-500126-R2,GC-500126,2023-12-28,19.32
GC-500126-R3,GC-500126,2024-04-28,22.87
GC-500127-R1,GC-500127,2024-04-20,36.22
GC-500127-R2,GC-500127,2024-07-20,20.24
GC-500127-R3,GC-500127,2024-10-20,7.83
GC-500127-R4,GC-500127,2024-12-20,25.85
GC-500129-R1,GC-500129,2024-08-08,72.37
GC-500131-R1,GC-500131,2024-03-24,72.53
GC-500132-R1,GC-500132,2023-02-13,38.18
GC-500132-R2,GC-500132,2023-05-13,38.13
GC-500132-R3,GC-500132,2023-09-13,51.27
GC-500132-R4,GC-500132,2023-12-13,54.4
GC-500133-R1,GC-500133,2024-02-23,90.72
GC-500133-R2,GC-500133,2024-06-23,21.94
GC-500133-R3,GC-500133,2024-08-23,74.51
GC-500134-R1,GC-500134,2022-04-21,49.94
GC-500135-R1,GC-500135,2023-09-01,49.07
GC-500136-R1,GC-500136,2022-02-06,19.89
GC-500136-R2,GC-500136,2022-03-06,7.2
GC-500136-R3,GC-500136,2022-06-06,22.85
GC-500137-R1,GC-500137,2024-01-26,46.33
GC-500138-R1,GC-500138,2022-09-07,23.69
GC-500139-R1,GC-500139,2025-01-14,49.73
GC-500140-R1,GC-500140,2023-12-10,199.28
GC-500142-R1,GC-500142,2022-10-15,137.23
GC-500143-R1,GC-500143,2024-02-28,32.85
GC-500143-R2,GC-500143,2024-03-28,50.19
GC-500143-R3,GC-500143,2024-08-28,24.94
GC-500143-R4,GC-500143,2024-10-28,11.51
GC-500143-R5,GC-500143,2024-12-28,23.47
GC-500144-R1,GC-500144,2024-02-26,94.16
GC-500145-R1,GC-500145,2023-07-07,11.04
GC-500145-R2,GC-500145,2023-08-07,15.83
GC-500145-R3,GC-500145,2023-11-07,21.56
GC-500147-R1,GC-500147,2024-01-05,98.68
GC-500148-R1,GC-500148,2024-03-22,142.61
GC-500149-R1,GC-500149,2022-08-29,140.51
GC-500151-R1,GC-500151,2023-07-13,46.37
GC-500152-R1,GC-500152,2022-02-13,10.88
GC-500152-R2,GC-500152,2022-07-13,9.77
GC-500152-R3,GC-500152,2022-11-13,27.18
GC-500153-R1,GC-500153,2024-04-28,15.75
GC-500153-R2,GC-500153,2024-05-28,13.34
GC-500153-R3,GC-500153,2024-10-28,8.76
GC-500153-R4,GC-500153,2024-11-28,9.01
GC-500154-R1,GC-500154,2024-10-24,16.12
GC-500156-R1,GC-500156,2023-03-05,48.84
GC-500157-R1,GC-500157,2022-12-03,97.47
GC-500158-R1,GC-500158,2024-05-17,147.5
GC-500159-R1,GC-500159,2022-05-28,23.65
GC-500160-R1,GC-500160,2024-09-28,20.03
GC-500160-R2,GC-500160,2024-12-28,19.39
GC-500161-R1,GC-500161,2024-05-12,98.44
GC-500162-R1,GC-500162,2024-12-17,98.71
GC-500163-R1,GC-500163,2023-03-11,44.12
GC-500163-R2,GC-500163,2023-05-11,27.19
GC-500163-R3,GC-500163,2023-07-11,73.19
GC-500164-R1,GC-500164,2023-02-12,137.29
GC-500166-R1,GC-500166,2024-01-10,34.22
GC-500166-R2,GC-500166,2024-04-10,19.89
GC-500166-R3,GC-500166,2024-07-10,12.38
GC-500166-R4,GC-500166,2024-08-10,24.19
GC-500167-R1,GC-500167,2024-01-26,17.99
GC-500167-R2,GC-500167,2024-02-05,-5.67
GC-500168-R1,GC-500168,2022-08-26,35.51
GC-500168-R2,GC-500168,2022-09-26,36.62
GC-500168-R3,GC-500168,2022-12-26,35.94
GC-500168-R4,GC-500168,2023-01-26,36.71
GC-500169-R1,GC-500169,2023-05-20,22.17
GC-500170-R1,GC-500170,2024-02-05,70.41
GC-500174-R1,GC-500174,2024-07-13,145.63
GC-500175-R1,GC-500175,2023-11-04,228.84
GC-500176-R1,GC-500176,2024-12-07,23.41
GC-500177-R1,GC-500177,2024-11-22,50.0
GC-500178-R1,GC-500178,2025-01-05,197.67
GC-500181-R1,GC-500181,2024-02-07,92.34
GC-500182-R1,GC-500182,2023-06-02,105.6
GC-500185-R1,GC-500185,2025-02-22,68.13
GC-500186-R1,GC-500186,2023-01-28,24.87
GC-500187-R1,GC-500187,2022-03-24,7.34
GC-500187-R2,GC-500187,2022-04-24,4.77
GC-500187-R3,GC-500187,2022-05-24,5.14
GC-500187-R4,GC-500187,2022-08-24,6.24
GC-500188-R1,GC-500188,2023-02-09,24.89
GC-500188-R2,GC-500188,2023-03-09,23.35
GC-500188-R3,GC-500188,2023-04-09,26.14
GC-500190-R1,GC-500190,2022-11-16,46.51
GC-500191-R1,GC-500191,2022-09-09,95.97
GC-500192-R1,GC-500192,2023-07-11,46.46
GC-500193-R1,GC-500193,2024-06-03,93.98
GC-500193-R2,GC-500193,2024-11-03,35.0
GC-500194-R1,GC-500194,2022-05-11,38.36
GC-500194-R2,GC-500194,2022-08-11,22.74
GC-500194-R3,GC-500194,2022-11-11,7.99
GC-500194-R4,GC-500194,2022-12-11,21.35
GC-500195-R1,GC-500195,2024-01-12,10.5
GC-500195-R2,GC-500195,2024-05-12,6.37
GC-500195-R3,GC-500195,2024-09-12,2.54
GC-500195-R4,GC-500195,2024-11-12,0.87
GC-500197-R1,GC-500197,2023-10-28,42.55
GC-500197-R2,GC-500197,2023-12-28,16.39
GC-500197-R3,GC-500197,2024-01-28,18.83
GC-500197-R4,GC-500197,2024-04-28,22.12
GC-500198-R1,GC-500198,2022-09-25,98.89
GC-500199-R1,GC-500199,2023-03-18,229.88
GC-500200-R1,GC-500200,2022-08-11,149.93
GC-500201-R1,GC-500201,2022-11-28,18.11
GC-500201-R2,GC-500201,2023-03-28,16.6
GC-500201-R3,GC-500201,2023-04-28,15.78
GC-500201-R4,GC-500201,2023-07-28,8.45
GC-500201-R5,GC-500201,2023-11-28,13.52
GC-500202-R1,GC-500202,2022-06-28,93.65
GC-500202-R2,GC-500202,2022-08-28,45.05
GC-500202-R3,GC-500202,2022-12-28,11.37
GC-500202-R4,GC-500202,2023-01-28,11.56
GC-500202-R5,GC-500202,2023-04-28,31.12
GC-500204-R1,GC-500204,2024-05-01,9.45
GC-500204-R2,GC-500204,2024-07-01,7.07
GC-500204-R3,GC-500204,2024-08-01,3.12
GC-500204-R4,GC-500204,2024-12-01,4.29
GC-500205-R1,GC-500205,2024-05-03,11.55
GC-500205-R2,GC-500205,2024-08-03,4.74
GC-500205-R3,GC-500205,2024-12-03,1.78
GC-500206-R1,GC-500206,2024-12-14,188.9
GC-500207-R1,GC-500207,2024-02-13,9.87
GC-500207-R2,GC-500207,2024-04-13,6.13
GC-500207-R3,GC-500207,2024-09-13,2.1
GC-500207-R4,GC-500207,2024-11-13,5.77
GC-500209-R1,GC-500209,2023-01-23,8.11
GC-500209-R2,GC-500209,2023-05-23,6.5
GC-500209-R3,GC-500209,2023-06-23,1.91
GC-500209-R4,GC-500209,2023-09-23,2.41
GC-500209-R5,GC-500209,2024-01-23,3.73
GC-500210-R1,GC-500210,2024-12-14,49.39
GC-500211-R1,GC-500211,2022-09-22,148.66
GC-500212-R1,GC-500212,2022-12-10,51.27
GC-500213-R1,GC-500213,2023-10-05,37.94
GC-500213-R2,GC-500213,2023-10-11,-14.58
GC-500215-R1,GC-500215,2023-11-23,24.56
GC-500216-R1,GC-500216,2023-07-27,17.06
GC-500216-R2,GC-500216,2023-12-27,9.11
GC-500216-R3,GC-500216,2024-03-27,7.82
GC-500216-R4,GC-500216,2024-07-27,4.29
GC-500216-R5,GC-500216,2024-08-27,10.55
GC-500217-R1,GC-500217,2023-03-20,94.84
GC-500219-R1,GC-500219,2024-01-28,136.59
GC-500220-R1,GC-500220,2024-12-09,14.8
GC-500221-R1,GC-500221,2024-01-03,16.58
GC-500221-R2,GC-500221,2024-02-03,14.95
GC-500221-R3,GC-500221,2024-07-03,5.38
GC-500221-R4,GC-500221,2024-09-03,10.58
GC-500223-R1,GC-500223,2023-11-09,10.57
GC-500223-R2,GC-500223,2024-02-09,3.0
GC-500223-R3,GC-500223,2024-03-09,4.1
GC-500223-R4,GC-500223,2024-05-09,6.95
GC-500224-R1,GC-500224,2023-08-24,95.04
GC-500225-R1,GC-500225,2023-02-21,54.52
GC-500226-R1,GC-500226,2023-02-12,141.02
GC-500228-R1,GC-500228,2023-01-14,52.85
GC-500228-R2,GC-500228,2023-06-14,38.99
GC-500228-R3,GC-500228,2023-11-14,16.63
GC-500228-R4,GC-500228,2024-04-14,9.08
GC-500228-R5,GC-500228,2024-05-14,22.23
GC-500230-R1,GC-500230,2024-09-17,195.66
GC-500232-R1,GC-500232,2022-10-28,49.14
GC-500233-R1,GC-500233,2024-02-05,47.06
GC-500237-R1,GC-500237,2023-03-28,71.69
GC-500238-R1,GC-500238,2023-06-01,54.34
GC-500238-R2,GC-500238,2023-11-01,54.58
GC-500238-R3,GC-500238,2024-03-01,37.9
GC-500238-R4,GC-500238,2024-07-01,19.14
GC-500238-R5,GC-500238,2024-09-01,23.82
GC-500239-R1,GC-500239,2022-05-28,217.8
GC-500241-R1,GC-500241,2023-01-12,191.74
GC-500242-R1,GC-500242,2023-08-08,10.42
GC-500242-R2,GC-500242,2023-10-08,7.02
GC-500242-R3,GC-500242,2024-03-08,13.73
GC-500242-R4,GC-500242,2024-05-08,4.54
GC-500242-R5,GC-500242,2024-09-08,9.55
GC-500243-R1,GC-500243,2023-08-13,69.64
GC-500244-R1,GC-500244,2023-05-21,220.44
GC-500245-R1,GC-500245,2022-03-26,91.86
GC-500246-R1,GC-500246,2022-03-19,159.44
GC-500249-R1,GC-500249,2024-03-22,145.12
GC-500251-R1,GC-500251,2023-01-15,74.52
GC-500252-R1,GC-500252,2024-07-04,69.76
GC-500253-R1,GC-500253,2024-03-07,45.31
GC-500255-R1,GC-500255,2022-09-28,70.26
GC-500256-R1,GC-500256,2023-04-10,94.66
GC-500256-R2,GC-500256,2023-09-10,46.32
GC-500256-R3,GC-500256,2023-11-10,25.2
GC-500256-R4,GC-500256,2024-04-10,15.52
GC-500256-R5,GC-500256,2024-05-10,18.08
GC-500258-R1,GC-500258,2022-08-07,62.99
GC-500258-R2,GC-500258,2022-12-07,17.62
GC-500258-R3,GC-500258,2023-02-07,57.42
GC-500259-R1,GC-500259,2024-10-28,141.68
GC-500260-R1,GC-500260,2024-05-28,43.31
GC-500260-R2,GC-500260,2024-06-28,39.22
GC-500260-R3,GC-500260,2024-11-28,11.84
GC-500261-R1,GC-500261,2022-08-11,24.84
GC-500262-R1,GC-500262,2023-08-25,48.84
GC-500264-R1,GC-500264,2023-01-28,31.37
GC-500267-R1,GC-500267,2022-03-07,105.59
GC-500269-R1,GC-500269,2023-06-17,23.51
GC-500272-R1,GC-500272,2023-03-21,67.02
GC-500272-R2,GC-500272,2023-05-21,27.65
GC-500272-R3,GC-500272,2023-09-21,43.65
GC-500274-R1,GC-500274,2024-03-15,32.18
GC-500274-R2,GC-500274,2024-05-15,17.96
GC-500274-R3,GC-500274,2024-07-15,43.94
GC-500277-R1,GC-500277,2024-03-28,145.87
GC-500279-R1,GC-500279,2023-05-21,23.74
GC-500279-R2,GC-500279,2023-06-21,10.86
GC-500279-R3,GC-500279,2023-10-21,14.75
GC-500280-R1,GC-500280,2023-03-08,47.76
GC-500282-R1,GC-500282,2024-10-19,19.79
GC-500282-R2,GC-500282,2024-11-19,7.53
GC-500283-R1,GC-500283,2024-09-05,45.98
GC-500285-R1,GC-500285,2022-12-27,68.77
GC-500286-R1,GC-500286,2022-11-01,24.6
GC-500287-R1,GC-500287,2022-06-14,49.21
GC-500288-R1,GC-500288,2022-06-19,141.84
GC-500291-R1,GC-500291,2022-12-08,137.23
GC-500292-R1,GC-500292,2024-03-27,65.91
GC-500292-R2,GC-500292,2024-04-09,-17.65
GC-500294-R1,GC-500294,2023-06-20,45.41
GC-500297-R1,GC-500297,2022-04-09,67.62
GC-500299-R1,GC-500299,2024-05-11,59.14
GC-500300-R1,GC-500300,2022-08-20,92.32
GC-500301-R1,GC-500301,2024-02-28,68.33
GC-500303-R1,GC-500303,2023-10-28,76.56
GC-500303-R2,GC-500303,2024-01-28,32.33
GC-500303-R3,GC-500303,2024-02-28,14.63
GC-500303-R4,GC-500303,2024-05-28,57.95
GC-500304-R1,GC-500304,2024-04-08,22.83
GC-500306-R1,GC-500306,2024-03-17,70.6
GC-500307-R1,GC-500307,2025-02-03,187.61
GC-500309-R1,GC-500309,2024-03-10,16.4
GC-500309-R2,GC-500309,2024-05-10,9.38
GC-500309-R3,GC-500309,2024-09-10,6.84
GC-500311-R1,GC-500311,2024-01-19,52.89
GC-500311-R2,GC-500311,2024-05-19,64.3
GC-500311-R3,GC-500311,2024-07-19,19.9
GC-500311-R4,GC-500311,2024-10-19,46.93
GC-500312-R1,GC-500312,2024-03-18,69.62
GC-500313-R1,GC-500313,2022-08-25,99.43
GC-500315-R1,GC-500315,2023-06-05,48.58
GC-500316-R1,GC-500316,2024-12-08,110.47
GC-500317-R1,GC-500317,2022-11-24,10.3
GC-500317-R2,GC-500317,2023-03-24,18.62
GC-500317-R3,GC-500317,2023-06-24,9.49
GC-500317-R4,GC-500317,2023-10-24,2.29
GC-500317-R5,GC-500317,2023-11-24,7.59
GC-500319-R1,GC-500319,2023-04-17,70.43
GC-500320-R1,GC-500320,2022-12-05,10.66
GC-500320-R2,GC-500320,2023-02-05,3.97
GC-500320-R3,GC-500320,2023-05-05,9.08
GC-500321-R1,GC-500321,2023-07-28,93.48
GC-500323-R1,GC-500323,2024-05-04,24.19
GC-500326-R1,GC-500326,2024-07-21,192.28
GC-500327-R1,GC-500327,2024-04-07,68.78
GC-500327-R2,GC-500327,2024-09-07,29.58
GC-500327-R3,GC-500327,2024-12-07,22.27
GC-500330-R1,GC-500330,2022-12-02,23.1
GC-500333-R1,GC-500333,2023-05-08,14.81
GC-500333-R2,GC-500333,2023-08-08,26.09
GC-500333-R3,GC-500333,2023-12-08,6.66
GC-500333-R4,GC-500333,2024-04-08,20.99
GC-500335-R1,GC-500335,2022-12-19,135.46
GC-500336-R1,GC-500336,2023-08-05,139.33
GC-500337-R1,GC-500337,2024-11-24,136.71
GC-500338-R1,GC-500338,2022-04-27,49.72
GC-500339-R1,GC-500339,2024-10-02,92.63
GC-500341-R1,GC-500341,2024-06-26,137.09
GC-500342-R1,GC-500342,2024-05-20,71.98
GC-500343-R1,GC-500343,2023-09-16,17.96
GC-500343-R2,GC-500343,2024-01-16,26.96
GC-500343-R3,GC-500343,2024-04-16,13.67
GC-500343-R4,GC-500343,2024-06-16,6.59
GC-500343-R5,GC-500343,2024-08-16,9.46
GC-500344-R1,GC-500344,2022-11-09,73.71
GC-500345-R1,GC-500345,2022-11-19,72.31
GC-500345-R2,GC-500345,2022-12-19,36.28
GC-500345-R3,GC-500345,2023-03-19,31.36
GC-500345-R4,GC-500345,2023-06-19,45.42
GC-500346-R1,GC-500346,2024-09-29,135.04
GC-500347-R1,GC-500347,2024-02-04,98.38
GC-500347-R2,GC-500347,2024-02-11,-44.12
GC-500349-R1,GC-500349,2022-06-05,65.04
GC-500349-R2,GC-500349,2022-07-05,65.0
GC-500349-R3,GC-500349,2022-11-05,65.64
GC-500350-R1,GC-500350,2022-11-28,73.41
GC-500352-R1,GC-500352,2024-04-05,72.94
GC-500353-R1,GC-500353,2022-08-14,47.38
GC-500355-R1,GC-500355,2024-09-09,46.92
GC-500356-R1,GC-500356,2023-10-09,68.53
GC-500358-R1,GC-500358,2024-03-21,48.14
GC-500359-R1,GC-500359,2023-08-21,22.85
GC-500360-R1,GC-500360,2024-05-21,73.43
GC-500362-R1,GC-500362,2023-12-10,144.1
GC-500363-R1,GC-500363,2022-09-22,93.86
GC-500364-R1,GC-500364,2025-06-17,74.5
GC-500365-R1,GC-500365,2024-05-14,145.24
GC-500366-R1,GC-500366,2022-08-19,79.58
GC-500368-R1,GC-500368,2023-01-09,8.4
GC-500368-R2,GC-500368,2023-05-09,5.59
GC-500368-R3,GC-500368,2023-06-09,9.28
GC-500369-R1,GC-500369,2024-09-14,45.29
GC-500371-R1,GC-500371,2022-12-02,182.74
GC-500373-R1,GC-500373,2022-08-02,92.72
GC-500374-R1,GC-500374,2022-12-07,95.11
GC-500375-R1,GC-500375,2023-04-08,46.28
GC-500376-R1,GC-500376,2024-04-13,135.04
GC-500377-R1,GC-500377,2022-10-05,70.37
GC-500379-R1,GC-500379,2023-09-10,37.53
GC-500379-R2,GC-500379,2024-02-10,50.96
GC-500379-R3,GC-500379,2024-06-10,52.1
GC-500381-R1,GC-500381,2024-03-26,24.33
GC-500381-R2,GC-500381,2024-08-26,23.3
GC-500381-R3,GC-500381,2024-10-26,10.12
GC-500382-R1,GC-500382,2022-12-05,43.79
GC-500382-R2,GC-500382,2023-01-05,19.87
GC-500382-R3,GC-500382,2023-05-05,12.09
GC-500382-R4,GC-500382,2023-08-05,3.35
GC-500382-R5,GC-500382,2024-01-05,11.14
GC-500383-R1,GC-500383,2024-07-09,24.93
GC-500387-R1,GC-500387,2023-07-28,87.93
GC-500388-R1,GC-500388,2023-11-14,83.51
GC-500389-R1,GC-500389,2022-09-12,8.27
GC-500389-R2,GC-500389,2022-11-12,4.91
GC-500389-R3,GC-500389,2023-03-12,2.72
GC-500389-R4,GC-500389,2023-04-12,7.01
GC-500391-R1,GC-500391,2023-05-17,45.46
GC-500393-R1,GC-500393,2024-07-08,146.22
GC-500394-R1,GC-500394,2022-10-22,22.65
GC-500395-R1,GC-500395,2023-02-10,84.74
GC-500397-R1,GC-500397,2022-12-08,7.46
GC-500397-R2,GC-500397,2023-04-08,5.28
GC-500397-R3,GC-500397,2023-08-08,9.87
GC-500398-R1,GC-500398,2023-02-20,10.42
GC-500398-R2,GC-500398,2023-07-20,15.06
GC-500398-R3,GC-500398,2023-10-20,8.41
GC-500398-R4,GC-500398,2024-03-20,15.65
GC-500399-R1,GC-500399,2022-10-05,19.33
GC-500399-R2,GC-500399,2023-03-05,22.38
GC-500399-R3,GC-500399,2023-07-05,12.45
GC-500399-R4,GC-500399,2023-10-05,5.57
GC-500399-R5,GC-500399,2024-02-05,10.64
GC-500400-R1,GC-500400,2025-02-25,92.7
GC-500401-R1,GC-500401,2022-08-02,12.26
GC-500401-R2,GC-500401,2022-10-02,2.82
GC-500401-R3,GC-500401,2022-12-02,2.64
GC-500401-R4,GC-500401,2023-01-02,6.8
GC-500404-R1,GC-500404,2023-02-21,37.67
GC-500404-R2,GC-500404,2023-04-21,21.0
GC-500404-R3,GC-500404,2023-08-21,80.97
GC-500405-R1,GC-500405,2024-02-11,10.68
GC-500405-R2,GC-500405,2024-04-11,14.42
GC-500405-R3,GC-500405,2024-06-11,23.93
GC-500406-R1,GC-500406,2025-03-13,27.35
GC-500407-R1,GC-500407,2023-09-25,49.88
GC-500409-R1,GC-500409,2023-07-03,35.07
GC-500409-R2,GC-500409,2023-08-03,54.35
GC-500409-R3,GC-500409,2024-01-03,18.35
GC-500409-R4,GC-500409,2024-06-03,8.27
GC-500409-R5,GC-500409,2024-11-03,31.18
GC-500410-R1,GC-500410,2023-04-28,37.06
GC-500410-R2,GC-500410,2023-07-28,24.91
GC-500410-R3,GC-500410,2023-08-28,33.3
GC-500410-R4,GC-500410,2023-11-28,41.29
GC-500411-R1,GC-500411,2022-03-24,46.25
GC-500412-R1,GC-500412,2022-05-03,32.84
GC-500412-R2,GC-500412,2022-09-03,18.79
GC-500412-R3,GC-500412,2023-01-03,42.75
GC-500413-R1,GC-500413,2024-12-08,195.16
GC-500414-R1,GC-500414,2022-03-10,14.84
GC-500414-R2,GC-500414,2022-03-18,-3.68
GC-500416-R1,GC-500416,2024-07-02,14.38
GC-500416-R2,GC-500416,2024-09-02,10.86
GC-500417-R1,GC-500417,2023-09-28,69.73
GC-500420-R1,GC-500420,2024-11-27,16.68
GC-500421-R1,GC-500421,2023-05-14,31.81
GC-500421-R2,GC-500421,2023-07-14,27.92
GC-500421-R3,GC-500421,2023-12-14,7.42
GC-500421-R4,GC-500421,2024-01-14,26.54
GC-500423-R1,GC-500423,2022-10-05,65.62
GC-500423-R2,GC-500423,2023-02-05,21.92
GC-500423-R3,GC-500423,2023-06-05,25.3
GC-500423-R4,GC-500423,2023-07-05,28.44
GC-500424-R1,GC-500424,2025-05-24,199.66
GC-500425-R1,GC-500425,2023-03-21,49.04
GC-500430-R1,GC-500430,2022-08-12,146.69
GC-500433-R1,GC-500433,2022-06-21,72.68
GC-500434-R1,GC-500434,2024-06-02,33.68
GC-500434-R2,GC-500434,2024-07-02,19.65
GC-500434-R3,GC-500434,2024-09-02,4.88
GC-500435-R1,GC-500435,2023-10-06,96.05
GC-500437-R1,GC-500437,2023-04-22,15.2
GC-500437-R2,GC-500437,2023-06-22,26.65
GC-500437-R3,GC-500437,2023-08-22,13.97
GC-500437-R4,GC-500437,2023-10-22,3.57
GC-500437-R5,GC-500437,2023-11-22,13.43
GC-500438-R1,GC-500438,2023-03-12,29.79
GC-500438-R2,GC-500438,2023-05-12,13.68
GC-500438-R3,GC-500438,2023-10-12,10.09
GC-500438-R4,GC-500438,2024-02-12,7.57
GC-500438-R5,GC-500438,2024-05-12,12.55
GC-500439-R1,GC-500439,2022-12-01,196.62
GC-500440-R1,GC-500440,2022-05-12,146.7
GC-500441-R1,GC-500441,2023-08-28,188.19
GC-500443-R1,GC-500443,2023-12-18,65.13
GC-500443-R2,GC-500443,2024-02-18,43.43
GC-500443-R3,GC-500443,2024-07-18,37.7
GC-500443-R4,GC-500443,2024-11-18,46.59
GC-500444-R1,GC-500444,2022-09-28,108.68
GC-500444-R2,GC-500444,2022-10-09,-41.59
GC-500445-R1,GC-500445,2022-11-10,6.5
GC-500445-R2,GC-500445,2023-02-10,4.32
GC-500445-R3,GC-500445,2023-07-10,5.38
GC-500445-R4,GC-500445,2023-08-10,7.14
GC-500447-R1,GC-500447,2023-11-16,93.88
GC-500450-R1,GC-500450,2023-10-25,44.19
GC-500450-R2,GC-500450,2024-01-25,18.66
GC-500450-R3,GC-500450,2024-03-25,8.72
GC-500450-R4,GC-500450,2024-06-25,6.43
GC-500450-R5,GC-500450,2024-09-25,13.28
GC-500451-R1,GC-500451,2023-06-18,70.98
GC-500452-R1,GC-500452,2023-11-26,47.5
GC-500453-R1,GC-500453,2023-10-04,24.68
GC-500455-R1,GC-500455,2024-10-25,67.03
GC-500455-R2,GC-500455,2024-12-25,56.84
GC-500456-R1,GC-500456,2023-03-21,7.5
GC-500456-R2,GC-500456,2023-07-21,4.83
GC-500456-R3,GC-500456,2023-08-21,3.78
GC-500456-R4,GC-500456,2023-11-21,6.71
GC-500457-R1,GC-500457,2024-03-22,45.09
GC-500458-R1,GC-500458,2023-08-09,69.84
GC-500459-R1,GC-500459,2023-05-09,8.81
GC-500459-R2,GC-500459,2023-08-09,4.77
GC-500459-R3,GC-500459,2023-10-09,2.93
GC-500459-R4,GC-500459,2024-02-09,2.07
GC-500459-R5,GC-500459,2024-04-09,4.67
GC-500460-R1,GC-500460,2024-06-06,23.99
GC-500461-R1,GC-500461,2022-12-26,72.83
GC-500462-R1,GC-500462,2024-12-28,23.98
GC-500463-R1,GC-500463,2022-07-09,8.06
GC-500463-R2,GC-500463,2022-09-09,4.05
GC-500463-R3,GC-500463,2022-10-09,3.32
GC-500463-R4,GC-500463,2022-11-09,3.23
GC-500463-R5,GC-500463,2023-02-09,4.88
GC-500464-R1,GC-500464,2024-05-07,145.78
GC-500465-R1,GC-500465,2024-12-16,42.42
GC-500466-R1,GC-500466,2023-02-25,142.45
GC-500468-R1,GC-500468,2025-03-08,24.45
GC-500469-R1,GC-500469,2023-08-09,32.42
GC-500469-R2,GC-500469,2023-08-12,-14.39
GC-500470-R1,GC-500470,2023-08-23,186.25
GC-500471-R1,GC-500471,2022-06-20,54.12
GC-500471-R2,GC-500471,2022-07-20,43.28
GC-500471-R3,GC-500471,2022-10-20,24.35
GC-500471-R4,GC-500471,2023-02-20,71.19
GC-500472-R1,GC-500472,2024-09-23,22.67
GC-500472-R2,GC-500472,2024-10-23,36.7
GC-500472-R3,GC-500472,2024-12-23,8.67
GC-500473-R1,GC-500473,2024-08-16,48.53
GC-500473-R2,GC-500473,2024-12-16,21.56
GC-500474-R1,GC-500474,2022-10-05,72.41
GC-500476-R1,GC-500476,2024-10-05,45.24
GC-500477-R1,GC-500477,2022-03-24,10.57
GC-500477-R2,GC-500477,2022-07-24,10.95
GC-500477-R3,GC-500477,2022-10-24,12.77
GC-500477-R4,GC-500477,2022-11-24,13.24
GC-500478-R1,GC-500478,2024-05-02,187.57
GC-500479-R1,GC-500479,2024-07-28,44.91
GC-500479-R2,GC-500479,2024-08-28,10.61
GC-500479-R3,GC-500479,2024-12-28,7.45
GC-500481-R1,GC-500481,2023-04-28,85.73
GC-500481-R2,GC-500481,2023-07-28,38.05
GC-500481-R3,GC-500481,2023-12-28,65.34
GC-500482-R1,GC-500482,2024-01-23,91.14
GC-500483-R1,GC-500483,2024-03-01,81.83
GC-500483-R2,GC-500483,2024-04-01,55.1
GC-500483-R3,GC-500483,2024-08-01,15.1
GC-500483-R4,GC-500483,2024-12-01,10.97
GC-500484-R1,GC-500484,2024-04-20,92.16
GC-500485-R1,GC-500485,2023-09-09,24.82
GC-500486-R1,GC-500486,2024-10-25,149.34
GC-500488-R1,GC-500488,2024-01-28,137.6
GC-500490-R1,GC-500490,2023-09-15,24.22
GC-500490-R2,GC-500490,2024-02-15,14.65
GC-500490-R3,GC-500490,2024-07-15,35.91
GC-500491-R1,GC-500491,2023-05-22,23.79
GC-500491-R2,GC-500491,2023-07-22,8.54
GC-500491-R3,GC-500491,2023-10-22,6.52
GC-500491-R4,GC-500491,2024-01-22,9.27
GC-500493-R1,GC-500493,2023-09-09,23.81
GC-500494-R1,GC-500494,2022-06-26,73.13
GC-500495-R1,GC-500495,2023-02-27,195.69
GC-500497-R1,GC-500497,2023-10-05,191.23
GC-500498-R1,GC-500498,2022-04-18,94.17
GC-500500-R1,GC-500500,2023-09-07,81.86
GC-500500-R2,GC-500500,2023-11-07,48.62
GC-500500-R3,GC-500500,2024-01-07,18.36
GC-500500-R4,GC-500500,2024-03-07,22.45
GC-500500-R5,GC-500500,2024-04-07,22.9
GC-500501-R1,GC-500501,2023-02-22,136.79
GC-500502-R1,GC-500502,2023-10-26,19.79
GC-500502-R2,GC-500502,2023-12-26,5.96
GC-500502-R3,GC-500502,2024-03-26,8.4
GC-500502-R4,GC-500502,2024-08-26,13.77
GC-500503-R1,GC-500503,2024-10-12,140.37
GC-500504-R1,GC-500504,2023-08-27,49.12
GC-500504-R2,GC-500504,2023-09-27,26.49
GC-500504-R3,GC-500504,2023-11-27,24.1
GC-500504-R4,GC-500504,2024-02-27,36.31
GC-500505-R1,GC-500505,2024-02-25,43.27
GC-500507-R1,GC-500507,2023-11-20,11.11
GC-500507-R2,GC-500507,2024-02-20,4.38
GC-500507-R3,GC-500507,2024-07-20,2.66
GC-500507-R4,GC-500507,2024-08-20,5.31
GC-500508-R1,GC-500508,2023-07-28,136.24
GC-500511-R1,GC-500511,2022-06-28,41.42
GC-500511-R2,GC-500511,2022-07-28,35.9
GC-500511-R3,GC-500511,2022-10-28,38.86
GC-500511-R4,GC-500511,2023-03-28,66.9
GC-500512-R1,GC-500512,2023-07-14,29.95
GC-500512-R2,GC-500512,2023-08-14,23.27
GC-500512-R3,GC-500512,2024-01-14,9.04
GC-500512-R4,GC-500512,2024-06-14,32.25
GC-500513-R1,GC-500513,2022-06-08,136.59
GC-500515-R1,GC-500515,2023-02-17,22.29
GC-500515-R2,GC-500515,2023-04-17,6.77
GC-500515-R3,GC-500515,2023-07-17,8.1
GC-500515-R4,GC-500515,2023-08-17,3.12
GC-500515-R5,GC-500515,2024-01-17,5.4
GC-500516-R1,GC-500516,2022-10-10,6.97
GC-500516-R2,GC-500516,2023-01-10,4.47
GC-500516-R3,GC-500516,2023-06-10,3.03
GC-500516-R4,GC-500516,2023-08-10,2.52
GC-500516-R5,GC-500516,2023-11-10,6.94
GC-500517-R1,GC-500517,2024-04-23,195.99
GC-500518-R1,GC-500518,2022-10-28,181.35
GC-500520-R1,GC-500520,2023-11-07,9.53
GC-500520-R2,GC-500520,2024-02-07,6.21
GC-500520-R3,GC-500520,2024-04-07,3.33
GC-500520-R4,GC-500520,2024-07-07,5.68
GC-500521-R1,GC-500521,2024-06-10,23.28
GC-500523-R1,GC-500523,2024-05-05,95.52
GC-500524-R1,GC-500524,2023-08-01,137.95
GC-500527-R1,GC-500527,2025-02-24,46.83
GC-500528-R1,GC-500528,2022-11-02,56.89
GC-500528-R2,GC-500528,2023-04-02,34.76
GC-500528-R3,GC-500528,2023-09-02,12.35
GC-500528-R4,GC-500528,2023-11-02,9.81
GC-500528-R5,GC-500528,2024-04-02,28.85
GC-500529-R1,GC-500529,2024-12-17,7.16
GC-500530-R1,GC-500530,2024-12-26,46.8
GC-500533-R1,GC-500533,2025-02-24,99.73
GC-500534-R1,GC-500534,2024-01-08,98.87
GC-500535-R1,GC-500535,2023-02-06,5.88
GC-500535-R2,GC-500535,2023-07-06,7.44
GC-500535-R3,GC-500535,2023-08-06,10.47
GC-500537-R1,GC-500537,2023-04-08,11.5
GC-500537-R2,GC-500537,2023-09-08,9.12
GC-500537-R3,GC-500537,2024-02-08,27.62
GC-500538-R1,GC-500538,2023-01-28,46.29
GC-500539-R1,GC-500539,2022-04-08,64.69
GC-500539-R2,GC-500539,2022-08-08,59.15
GC-500539-R3,GC-500539,2022-10-08,69.39
GC-500541-R1,GC-500541,2023-06-26,212.3
GC-500542-R1,GC-500542,2024-05-28,23.01
GC-500545-R1,GC-500545,2022-06-03,62.0
GC-500545-R2,GC-500545,2022-10-03,55.32
GC-500545-R3,GC-500545,2023-02-03,71.31
GC-500546-R1,GC-500546,2022-07-23,46.27
GC-500547-R1,GC-500547,2024-04-17,45.03
GC-500551-R1,GC-500551,2023-07-22,53.78
GC-500551-R2,GC-500551,2023-10-22,46.17
GC-500551-R3,GC-500551,2024-03-22,14.2
GC-500551-R4,GC-500551,2024-07-22,32.61
GC-500553-R1,GC-500553,2022-12-25,57.69
GC-500553-R2,GC-500553,2023-01-25,20.68
GC-500553-R3,GC-500553,2023-02-25,27.64
GC-500553-R4,GC-500553,2023-04-25,11.95
GC-500553-R5,GC-500553,2023-09-25,23.05
GC-500554-R1,GC-500554,2022-06-28,69.16
GC-500556-R1,GC-500556,2023-05-25,94.39
GC-500557-R1,GC-500557,2023-10-09,9.41
GC-500557-R2,GC-500557,2023-11-09,4.63
GC-500557-R3,GC-500557,2023-12-09,5.13
GC-500557-R4,GC-500557,2024-01-09,2.64
GC-500557-R5,GC-500557,2024-05-09,2.65
GC-500558-R1,GC-500558,2024-08-20,138.0
GC-500560-R1,GC-500560,2024-03-14,60.33
GC-500560-R2,GC-500560,2024-03-25,-12.15
GC-500561-R1,GC-500561,2024-05-13,10.54
GC-500561-R2,GC-500561,2024-08-13,6.18
GC-500562-R1,GC-500562,2024-08-25,142.25
GC-500563-R1,GC-500563,2024-10-01,9.55
GC-500563-R2,GC-500563,2024-12-01,6.23
GC-500564-R1,GC-500564,2024-12-23,7.75
GC-500566-R1,GC-500566,2023-06-10,198.61
GC-500567-R1,GC-500567,2023-05-26,49.36
GC-500568-R1,GC-500568,2024-05-28,22.8
GC-500569-R1,GC-500569,2022-05-14,11.56
GC-500569-R2,GC-500569,2022-10-14,6.02
GC-500569-R3,GC-500569,2023-02-14,1.79
GC-500569-R4,GC-500569,2023-07-14,5.25
GC-500570-R1,GC-500570,2024-07-25,65.98
GC-500570-R2,GC-500570,2024-08-25,24.88
GC-500570-R3,GC-500570,2024-12-25,21.1
GC-500572-R1,GC-500572,2023-05-08,49.77
GC-500572-R2,GC-500572,2023-07-08,24.36
GC-500572-R3,GC-500572,2023-12-08,18.9
GC-500572-R4,GC-500572,2024-02-08,43.48
GC-500573-R1,GC-500573,2024-08-18,32.52
GC-500574-R1,GC-500574,2023-07-14,185.4
GC-500575-R1,GC-500575,2024-04-06,182.99
GC-500576-R1,GC-500576,2024-11-05,190.34
GC-500577-R1,GC-500577,2023-06-28,135.72
GC-500578-R1,GC-500578,2023-08-18,98.39
GC-500579-R1,GC-500579,2023-08-17,80.22
GC-500580-R1,GC-500580,2023-01-06,199.26
GC-500581-R1,GC-500581,2023-04-24,32.65
GC-500581-R2,GC-500581,2023-08-24,14.32
GC-500581-R3,GC-500581,2023-12-24,8.95
GC-500581-R4,GC-500581,2024-02-24,6.46
GC-500581-R5,GC-500581,2024-05-24,7.56
GC-500582-R1,GC-500582,2024-06-08,22.9
GC-500585-R1,GC-500585,2023-08-28,194.99
GC-500586-R1,GC-500586,2022-10-15,95.48
GC-500587-R1,GC-500587,2022-09-20,72.14
GC-500590-R1,GC-500590,2023-08-12,106.71
GC-500591-R1,GC-500591,2024-10-09,69.77
GC-500591-R2,GC-500591,2024-11-09,40.91
GC-500592-R1,GC-500592,2023-09-17,19.33
GC-500592-R2,GC-500592,2024-02-17,9.77
GC-500592-R3,GC-500592,2024-06-17,38.48
GC-500594-R1,GC-500594,2024-04-05,40.96
GC-500594-R2,GC-500594,2024-08-05,25.95
GC-500594-R3,GC-500594,2024-10-05,31.91
GC-500595-R1,GC-500595,2022-07-02,184.79
GC-500596-R1,GC-500596,2023-09-07,48.56
GC-500596-R2,GC-500596,2023-12-07,33.12
GC-500596-R3,GC-500596,2024-04-07,108.96
GC-500597-R1,GC-500597,2023-08-12,69.9
GC-500597-R2,GC-500597,2023-09-12,18.54
GC-500597-R3,GC-500597,2023-10-12,53.94
GC-500598-R1,GC-500598,2023-07-06,188.77
GC-500599-R1,GC-500599,2022-04-28,15.84
GC-500599-R2,GC-500599,2022-05-28,9.23
GC-500599-R3,GC-500599,2022-07-28,4.69
GC-500599-R4,GC-500599,2022-11-28,16.95
GC-500600-R1,GC-500600,2024-09-20,11.71
GC-500600-R2,GC-500600,2024-11-20,11.91
GC-500601-R1,GC-500601,2022-08-10,97.35
GC-500602-R1,GC-500602,2024-09-26,234.25
GC-500604-R1,GC-500604,2023-02-20,188.68
GC-500605-R1,GC-500605,2023-03-03,45.04
GC-500606-R1,GC-500606,2023-04-14,6.97
GC-500606-R2,GC-500606,2023-05-14,3.52
GC-500606-R3,GC-500606,2023-07-14,5.18
GC-500606-R4,GC-500606,2023-08-14,1.77
GC-500606-R5,GC-500606,2023-10-14,5.68
GC-500608-R1,GC-500608,2023-03-03,9.7
GC-500608-R2,GC-500608,2023-05-03,5.18
GC-500608-R3,GC-500608,2023-10-03,2.69
GC-500608-R4,GC-500608,2024-02-03,6.14
GC-500609-R1,GC-500609,2023-04-25,42.59
GC-500609-R2,GC-500609,2023-05-25,41.0
GC-500609-R3,GC-500609,2023-10-25,16.86
GC-500609-R4,GC-500609,2023-12-25,36.88
GC-500610-R1,GC-500610,2024-05-16,46.6
GC-500612-R1,GC-500612,2024-03-23,186.44
GC-500613-R1,GC-500613,2022-06-28,49.37
GC-500614-R1,GC-500614,2022-12-22,56.0
GC-500614-R2,GC-500614,2023-05-22,24.53
GC-500614-R3,GC-500614,2023-08-22,17.06
GC-500614-R4,GC-500614,2023-09-22,47.04
GC-500615-R1,GC-500615,2024-10-04,99.28
GC-500616-R1,GC-500616,2024-02-10,88.86
GC-500616-R2,GC-500616,2024-05-10,39.42
GC-500616-R3,GC-500616,2024-06-10,31.74
GC-500616-R4,GC-500616,2024-07-10,38.74
GC-500620-R1,GC-500620,2024-08-24,19.45
GC-500621-R1,GC-500621,2024-04-23,64.33
GC-500621-R2,GC-500621,2024-08-23,38.31
GC-500621-R3,GC-500621,2024-11-23,18.07
GC-500622-R1,GC-500622,2023-07-15,72.65
GC-500622-R2,GC-500622,2023-08-15,31.86
GC-500622-R3,GC-500622,2023-11-15,16.81
GC-500622-R4,GC-500622,2024-04-15,27.57
GC-500623-R1,GC-500623,2023-11-11,74.88
GC-500624-R1,GC-500624,2023-08-20,153.21
GC-500626-R1,GC-500626,2023-05-23,28.44
GC-500626-R2,GC-500626,2023-09-23,10.01
GC-500626-R3,GC-500626,2024-02-23,29.74
GC-500627-R1,GC-500627,2023-12-08,59.71
GC-500627-R2,GC-500627,2024-04-08,44.34
GC-500627-R3,GC-500627,2024-05-08,92.12
GC-500628-R1,GC-500628,2022-04-24,67.93
GC-500628-R2,GC-500628,2022-06-24,35.68
GC-500628-R3,GC-500628,2022-08-24,84.04
GC-500629-R1,GC-500629,2022-08-14,145.98
GC-500629-R2,GC-500629,2022-08-17,-38.92
GC-500630-R1,GC-500630,2024-04-18,17.01
GC-500630-R2,GC-500630,2024-07-18,6.69
GC-500630-R3,GC-500630,2024-12-18,7.59
GC-500632-R1,GC-500632,2024-12-20,45.36
GC-500633-R1,GC-500633,2022-10-03,57.11
GC-500633-R2,GC-500633,2022-11-03,56.52
GC-500633-R3,GC-500633,2023-01-03,74.64
GC-500634-R1,GC-500634,2024-07-24,51.45
GC-500635-R1,GC-500635,2023-03-16,22.78
GC-500636-R1,GC-500636,2023-11-13,72.7
GC-500637-R1,GC-500637,2022-06-16,48.7
GC-500638-R1,GC-500638,2023-12-14,49.04
GC-500639-R1,GC-500639,2024-05-11,49.58
GC-500639-R2,GC-500639,2024-10-11,39.66
GC-500640-R1,GC-500640,2023-10-17,185.43
GC-500641-R1,GC-500641,2022-06-09,167.2
GC-500641-R2,GC-500641,2022-06-12,-78.78
GC-500642-R1,GC-500642,2025-04-24,40.04
GC-500642-R2,GC-500642,2025-04-26,-8.49
GC-500643-R1,GC-500643,2023-11-17,93.93
GC-500644-R1,GC-500644,2024-04-28,42.28
GC-500644-R2,GC-500644,2024-04-30,-16.39
GC-500645-R1,GC-500645,2022-05-02,15.66
GC-500645-R2,GC-500645,2022-09-02,19.07
GC-500645-R3,GC-500645,2023-02-02,15.91
GC-500645-R4,GC-500645,2023-04-02,18.55
GC-500646-R1,GC-500646,2023-08-08,15.78
GC-500646-R2,GC-500646,2023-10-08,8.21
GC-500646-R3,GC-500646,2023-12-08,8.66
GC-500646-R4,GC-500646,2024-02-08,6.64
GC-500646-R5,GC-500646,2024-05-08,7.84
GC-500649-R1,GC-500649,2024-02-13,52.55
GC-500649-R2,GC-500649,2024-05-13,31.44
GC-500649-R3,GC-500649,2024-07-13,22.41
GC-500649-R4,GC-500649,2024-09-13,74.19
GC-500651-R1,GC-500651,2022-07-23,8.25
GC-500651-R2,GC-500651,2022-10-23,4.08
GC-500651-R3,GC-500651,2023-02-23,4.13
GC-500651-R4,GC-500651,2023-04-23,1.93
GC-500651-R5,GC-500651,2023-06-23,5.83
GC-500652-R1,GC-500652,2024-09-16,74.63
GC-500653-R1,GC-500653,2023-07-23,22.19
GC-500654-R1,GC-500654,2024-12-26,94.05
GC-500657-R1,GC-500657,2023-06-06,140.93
GC-500659-R1,GC-500659,2023-04-07,72.1
GC-500661-R1,GC-500661,2023-01-05,93.23
GC-500664-R1,GC-500664,2025-04-08,85.59
GC-500664-R2,GC-500664,2025-04-16,-31.25
GC-500665-R1,GC-500665,2024-02-16,148.07
GC-500666-R1,GC-500666,2023-04-02,9.14
GC-500666-R2,GC-500666,2023-05-02,6.77
GC-500666-R3,GC-500666,2023-07-02,1.54
GC-500666-R4,GC-500666,2023-10-02,6.1
GC-500667-R1,GC-500667,2024-10-28,95.44
GC-500668-R1,GC-500668,2023-08-21,72.02
GC-500668-R2,GC-500668,2023-10-21,54.59
GC-500668-R3,GC-500668,2024-01-21,62.9
GC-500671-R1,GC-500671,2022-11-28,23.54
GC-500672-R1,GC-500672,2022-12-28,230.61
GC-500674-R1,GC-500674,2024-12-22,8.66
GC-500675-R1,GC-500675,2022-12-12,83.27
GC-500675-R2,GC-500675,2023-05-12,55.85
GC-500675-R3,GC-500675,2023-08-12,60.47
GC-500678-R1,GC-500678,2023-10-18,10.03
GC-500678-R2,GC-500678,2024-02-18,4.14
GC-500678-R3,GC-500678,2024-05-18,8.63
GC-500679-R1,GC-500679,2023-06-11,53.38
GC-500679-R2,GC-500679,2023-11-11,38.82
GC-500679-R3,GC-500679,2023-12-11,91.82
GC-500681-R1,GC-500681,2023-03-26,90.95
GC-500683-R1,GC-500683,2024-03-18,99.28
GC-500685-R1,GC-500685,2024-03-26,46.4
GC-500687-R1,GC-500687,2023-11-07,23.18
GC-500688-R1,GC-500688,2024-09-14,47.63
GC-500689-R1,GC-500689,2023-03-07,95.06
GC-500690-R1,GC-500690,2023-03-25,41.93
GC-500690-R2,GC-500690,2023-04-25,24.74
GC-500690-R3,GC-500690,2023-09-25,12.35
GC-500690-R4,GC-500690,2023-11-25,18.3
GC-500691-R1,GC-500691,2022-06-16,46.6
GC-500691-R2,GC-500691,2022-11-16,23.33
GC-500691-R3,GC-500691,2023-02-16,27.21
GC-500692-R1,GC-500692,2022-04-06,146.49
GC-500693-R1,GC-500693,2023-12-02,46.6
GC-500694-R1,GC-500694,2023-12-16,182.35
GC-500695-R1,GC-500695,2022-04-01,142.71
GC-500697-R1,GC-500697,2022-07-26,30.97
GC-500697-R2,GC-500697,2022-08-26,27.21
GC-500697-R3,GC-500697,2022-09-26,90.2
GC-500700-R1,GC-500700,2024-01-10,136.98
GC-500701-R1,GC-500701,2024-08-07,192.89
GC-500702-R1,GC-500702,2023-07-04,60.64
GC-500702-R2,GC-500702,2023-10-04,26.28
GC-500702-R3,GC-500702,2023-11-04,51.95
GC-500705-R1,GC-500705,2024-02-28,68.42
GC-500705-R2,GC-500705,2024-04-28,43.65
GC-500705-R3,GC-500705,2024-09-28,17.18
GC-500710-R1,GC-500710,2024-05-02,193.2
GC-500711-R1,GC-500711,2022-06-01,68.32
GC-500711-R2,GC-500711,2022-08-01,30.01
GC-500711-R3,GC-500711,2022-11-01,24.54
GC-500711-R4,GC-500711,2023-02-01,60.11
GC-500712-R1,GC-500712,2024-04-07,74.9
GC-500713-R1,GC-500713,2022-09-08,149.52
GC-500715-R1,GC-500715,2023-12-14,32.21
GC-500715-R2,GC-500715,2024-02-14,22.68
GC-500715-R3,GC-500715,2024-05-14,39.17
GC-500716-R1,GC-500716,2023-04-12,182.51
GC-500717-R1,GC-500717,2022-11-22,51.56
GC-500717-R2,GC-500717,2022-12-04,-22.78
GC-500718-R1,GC-500718,2024-09-21,14.49
GC-500718-R2,GC-500718,2024-11-21,10.73
GC-500718-R3,GC-500718,2024-12-21,8.23
GC-500719-R1,GC-500719,2023-07-06,143.65
GC-500720-R1,GC-500720,2024-10-16,16.58
GC-500723-R1,GC-500723,2024-02-02,8.32
GC-500723-R2,GC-500723,2024-06-02,6.12
GC-500723-R3,GC-500723,2024-09-02,10.32
GC-500725-R1,GC-500725,2023-06-18,189.46
GC-500726-R1,GC-500726,2022-05-25,21.78
GC-500726-R2,GC-500726,2022-08-25,19.51
GC-500726-R3,GC-500726,2022-11-25,10.12
GC-500726-R4,GC-500726,2022-12-25,39.42
GC-500727-R1,GC-500727,2023-05-06,93.7
GC-500728-R1,GC-500728,2024-11-20,56.02
GC-500729-R1,GC-500729,2024-05-01,48.3
GC-500730-R1,GC-500730,2024-12-08,185.29
GC-500731-R1,GC-500731,2024-08-26,93.01
GC-500732-R1,GC-500732,2024-06-17,38.23
GC-500732-R2,GC-500732,2024-10-17,47.05
GC-500733-R1,GC-500733,2022-06-26,107.58
GC-500733-R2,GC-500733,2022-07-08,-49.22
GC-500735-R1,GC-500735,2023-07-11,191.77
GC-500736-R1,GC-500736,2024-10-04,24.18
GC-500737-R1,GC-500737,2022-10-20,6.67
GC-500737-R2,GC-500737,2022-11-20,3.63
GC-500737-R3,GC-500737,2022-12-20,3.02
GC-500737-R4,GC-500737,2023-05-20,4.32
GC-500737-R5,GC-500737,2023-07-20,6.57
GC-500739-R1,GC-500739,2023-02-14,71.94
GC-500739-R2,GC-500739,2023-05-14,48.14
GC-500739-R3,GC-500739,2023-08-14,17.63
GC-500739-R4,GC-500739,2023-09-14,13.02
GC-500739-R5,GC-500739,2023-10-14,32.96
GC-500741-R1,GC-500741,2022-08-23,48.05
GC-500746-R1,GC-500746,2022-05-08,90.1
GC-500746-R2,GC-500746,2022-06-08,39.35
GC-500746-R3,GC-500746,2022-07-08,21.87
GC-500746-R4,GC-500746,2022-11-08,47.48
GC-500747-R1,GC-500747,2024-06-06,186.06
GC-500748-R1,GC-500748,2024-03-19,17.23
GC-500748-R2,GC-500748,2024-04-19,24.94
GC-500748-R3,GC-500748,2024-06-19,7.51
GC-500748-R4,GC-500748,2024-10-19,18.42
GC-500749-R1,GC-500749,2024-03-06,5.21
GC-500749-R2,GC-500749,2024-04-06,8.11
GC-500749-R3,GC-500749,2024-09-06,11.39
GC-500751-R1,GC-500751,2025-06-28,22.59
GC-500753-R1,GC-500753,2023-04-02,138.49
GC-500755-R1,GC-500755,2023-05-13,182.61
GC-500757-R1,GC-500757,2023-02-22,146.99
GC-500758-R1,GC-500758,2024-10-22,70.41
GC-500759-R1,GC-500759,2022-05-04,46.68
GC-500760-R1,GC-500760,2023-01-11,17.2
GC-500760-R2,GC-500760,2023-06-11,17.03
GC-500760-R3,GC-500760,2023-08-11,7.66
GC-500760-R4,GC-500760,2023-12-11,6.67
GC-500760-R5,GC-500760,2024-01-11,23.09
GC-500761-R1,GC-500761,2022-11-02,78.23
GC-500761-R2,GC-500761,2023-01-02,27.61
GC-500761-R3,GC-500761,2023-04-02,30.71
GC-500761-R4,GC-500761,2023-08-02,15.03
GC-500761-R5,GC-500761,2023-10-02,40.29
GC-500762-R1,GC-500762,2023-07-04,96.12
GC-500763-R1,GC-500763,2024-04-14,23.89
GC-500764-R1,GC-500764,2024-01-19,138.29
GC-500766-R1,GC-500766,2025-03-15,48.35
GC-500768-R1,GC-500768,2022-04-28,62.56
GC-500768-R2,GC-500768,2022-05-28,26.22
GC-500768-R3,GC-500768,2022-07-28,92.27
GC-500770-R1,GC-500770,2022-08-21,45.49
GC-500771-R1,GC-500771,2023-06-28,95.85
GC-500772-R1,GC-500772,2023-05-19,35.76
GC-500772-R2,GC-500772,2023-08-19,14.6
GC-500772-R3,GC-500772,2023-10-19,8.68
GC-500772-R4,GC-500772,2024-03-19,32.74
GC-500773-R1,GC-500773,2023-10-28,6.55
GC-500773-R2,GC-500773,2024-01-28,6.89
GC-500773-R3,GC-500773,2024-06-28,11.19
GC-500774-R1,GC-500774,2023-09-16,33.72
GC-500774-R2,GC-500774,2024-01-16,18.4
GC-500774-R3,GC-500774,2024-05-16,46.45
GC-500776-R1,GC-500776,2022-02-11,7.41
GC-500776-R2,GC-500776,2022-06-11,5.22
GC-500776-R3,GC-500776,2022-07-11,3.35
GC-500776-R4,GC-500776,2022-09-11,1.49
GC-500776-R5,GC-500776,2022-10-11,5.13
GC-500779-R1,GC-500779,2023-08-19,97.72
GC-500780-R1,GC-500780,2024-06-28,97.04
GC-500781-R1,GC-500781,2024-07-28,25.93
GC-500781-R2,GC-500781,2024-09-28,19.87
GC-500781-R3,GC-500781,2024-10-28,9.92
GC-500782-R1,GC-500782,2025-01-20,74.16
GC-500784-R1,GC-500784,2023-05-24,69.29
GC-500786-R1,GC-500786,2024-10-16,8.11
GC-500786-R2,GC-500786,2024-11-16,4.96
GC-500790-R1,GC-500790,2023-02-05,149.28
GC-500791-R1,GC-500791,2022-09-29,70.65
GC-500792-R1,GC-500792,2023-05-23,24.68
GC-500793-R1,GC-500793,2024-05-09,72.42
GC-500795-R1,GC-500795,2022-12-18,26.52
GC-500795-R2,GC-500795,2022-12-24,-8.93
GC-500796-R1,GC-500796,2022-12-26,78.62
GC-500796-R2,GC-500796,2022-12-29,-16.69
GC-500797-R1,GC-500797,2023-02-17,70.27
GC-500798-R1,GC-500798,2024-03-12,13.61
GC-500798-R2,GC-500798,2024-04-12,10.69
GC-500798-R3,GC-500798,2024-08-12,22.56
GC-500799-R1,GC-500799,2024-08-13,45.02
GC-500800-R1,GC-500800,2023-09-17,74.77
GC-500801-R1,GC-500801,2024-08-24,73.52
GC-500801-R2,GC-500801,2024-09-24,31.8
GC-500803-R1,GC-500803,2025-06-14,68.97
GC-500804-R1,GC-500804,2022-11-28,44.41
GC-500804-R2,GC-500804,2023-02-28,15.17
GC-500804-R3,GC-500804,2023-06-28,10.06
GC-500804-R4,GC-500804,2023-09-28,4.54
GC-500804-R5,GC-500804,2023-12-28,17.76
GC-500805-R1,GC-500805,2023-10-08,136.31
GC-500806-R1,GC-500806,2024-09-25,38.8
GC-500806-R2,GC-500806,2024-10-03,-9.38
GC-500807-R1,GC-500807,2024-03-22,71.06
GC-500809-R1,GC-500809,2022-12-30,97.1
GC-500810-R1,GC-500810,2023-07-16,71.65
GC-500811-R1,GC-500811,2024-03-15,146.1
GC-500812-R1,GC-500812,2024-06-12,74.67
GC-500814-R1,GC-500814,2022-06-28,56.83
GC-500814-R2,GC-500814,2022-07-09,-19.56
GC-500819-R1,GC-500819,2022-05-10,86.0
GC-500820-R1,GC-500820,2023-11-13,47.72
GC-500822-R1,GC-500822,2024-12-27,19.46
GC-500823-R1,GC-500823,2023-05-21,114.09
GC-500823-R2,GC-500823,2023-06-03,-48.7
GC-500824-R1,GC-500824,2024-05-04,22.79
GC-500826-R1,GC-500826,2024-03-19,67.72
GC-500827-R1,GC-500827,2022-10-19,46.54
GC-500828-R1,GC-500828,2022-08-19,24.44
GC-500829-R1,GC-500829,2022-08-09,190.27
GC-500830-R1,GC-500830,2022-04-03,72.51
GC-500831-R1,GC-500831,2023-08-14,187.03
GC-500832-R1,GC-500832,2024-01-03,49.28
GC-500836-R1,GC-500836,2024-10-19,6.07
GC-500836-R2,GC-500836,2024-12-19,5.44
GC-500837-R1,GC-500837,2024-08-22,137.04
GC-500838-R1,GC-500838,2022-08-25,29.96
GC-500838-R2,GC-500838,2022-12-25,11.04
GC-500838-R3,GC-500838,2023-04-25,8.67
GC-500838-R4,GC-500838,2023-08-25,21.53
GC-500839-R1,GC-500839,2022-10-23,187.35
GC-500841-R1,GC-500841,2022-11-21,50.98
GC-500841-R2,GC-500841,2022-11-26,-15.38
GC-500842-R1,GC-500842,2023-02-09,36.77
GC-500842-R2,GC-500842,2023-06-09,18.56
GC-500842-R3,GC-500842,2023-11-09,20.33
GC-500842-R4,GC-500842,2024-03-09,7.63
GC-500842-R5,GC-500842,2024-05-09,13.96
GC-500843-R1,GC-500843,2022-09-10,71.17
GC-500844-R1,GC-500844,2022-09-23,7.74
GC-500844-R2,GC-500844,2022-12-23,4.14
GC-500844-R3,GC-500844,2023-05-23,12.7
GC-500845-R1,GC-500845,2022-06-13,146.51
GC-500847-R1,GC-500847,2022-07-06,7.93
GC-500847-R2,GC-500847,2022-08-06,3.93
GC-500847-R3,GC-500847,2022-11-06,5.4
GC-500847-R4,GC-500847,2023-01-06,6.2
GC-500848-R1,GC-500848,2024-11-01,29.33
GC-500849-R1,GC-500849,2024-11-20,51.5
GC-500850-R1,GC-500850,2024-02-06,22.57
GC-500852-R1,GC-500852,2024-03-19,37.23
GC-500852-R2,GC-500852,2024-05-19,15.2
GC-500852-R3,GC-500852,2024-08-19,15.5
GC-500852-R4,GC-500852,2024-09-19,25.52
GC-500853-R1,GC-500853,2022-12-23,16.71
GC-500853-R2,GC-500853,2023-04-23,7.95
GC-500853-R3,GC-500853,2023-08-23,7.69
GC-500853-R4,GC-500853,2023-11-23,12.75
GC-500854-R1,GC-500854,2024-05-10,41.05
GC-500854-R2,GC-500854,2024-10-10,42.31
GC-500856-R1,GC-500856,2023-07-15,36.74
GC-500858-R1,GC-500858,2025-02-28,46.74
GC-500860-R1,GC-500860,2024-11-21,195.27
GC-500861-R1,GC-500861,2023-04-18,55.94
GC-500861-R2,GC-500861,2023-04-30,-20.13
GC-500862-R1,GC-500862,2022-06-03,46.82
GC-500864-R1,GC-500864,2024-06-24,23.28
GC-500864-R2,GC-500864,2024-07-24,12.02
GC-500864-R3,GC-500864,2024-08-24,10.14
GC-500864-R4,GC-500864,2024-11-24,9.13
GC-500865-R1,GC-500865,2024-08-14,10.05
GC-500865-R2,GC-500865,2024-11-14,5.15
GC-500866-R1,GC-500866,2025-01-22,24.65
GC-500868-R1,GC-500868,2023-03-15,9.55
GC-500868-R2,GC-500868,2023-08-15,6.97
GC-500868-R3,GC-500868,2024-01-15,7.41
GC-500869-R1,GC-500869,2024-10-24,48.0
GC-500870-R1,GC-500870,2024-04-09,46.65
GC-500870-R2,GC-500870,2024-07-09,45.82
GC-500870-R3,GC-500870,2024-10-09,92.25
GC-500871-R1,GC-500871,2025-02-01,72.75
GC-500873-R1,GC-500873,2024-12-28,73.66
GC-500875-R1,GC-500875,2024-04-14,23.84
GC-500876-R1,GC-500876,2022-02-17,77.4
GC-500877-R1,GC-500877,2024-07-01,74.1
GC-500878-R1,GC-500878,2023-11-16,43.85
GC-500878-R2,GC-500878,2023-12-16,22.75
GC-500878-R3,GC-500878,2024-03-16,9.89
GC-500878-R4,GC-500878,2024-06-16,18.22
GC-500879-R1,GC-500879,2024-04-01,180.55
GC-500880-R1,GC-500880,2024-08-27,45.02
GC-500882-R1,GC-500882,2024-04-29,94.78
GC-500883-R1,GC-500883,2024-03-02,21.96
GC-500883-R2,GC-500883,2024-08-02,6.27
GC-500883-R3,GC-500883,2024-09-02,8.2
GC-500884-R1,GC-500884,2023-07-02,46.31
GC-500885-R1,GC-500885,2024-06-28,60.31
GC-500885-R2,GC-500885,2024-07-01,-12.32
GC-500886-R1,GC-500886,2024-07-10,189.88
GC-500887-R1,GC-500887,2023-12-28,189.88
GC-500888-R1,GC-500888,2023-05-18,40.38
GC-500888-R2,GC-500888,2023-08-18,41.45
GC-500888-R3,GC-500888,2023-12-18,52.75
GC-500888-R4,GC-500888,2024-03-18,58.96
GC-500890-R1,GC-500890,2024-07-25,21.19
GC-500890-R2,GC-500890,2024-10-25,36.51
GC-500891-R1,GC-500891,2022-07-04,17.08
GC-500891-R2,GC-500891,2022-12-04,11.51
GC-500891-R3,GC-500891,2023-02-04,11.87
GC-500891-R4,GC-500891,2023-07-04,30.82
GC-500893-R1,GC-500893,2023-01-18,19.76
GC-500893-R2,GC-500893,2023-02-02,-5.62
GC-500894-R1,GC-500894,2024-06-08,72.1
GC-500895-R1,GC-500895,2023-12-04,21.74
GC-500896-R1,GC-500896,2022-07-19,45.27
GC-500897-R1,GC-500897,2023-04-01,29.46
GC-500899-R1,GC-500899,2023-02-11,10.28
GC-500899-R2,GC-500899,2023-07-11,5.95
GC-500899-R3,GC-500899,2023-12-11,6.78
GC-500900-R1,GC-500900,2022-02-09,165.75
GC-500902-R1,GC-500902,2024-02-05,24.59
GC-500904-R1,GC-500904,2024-04-06,45.96
GC-500904-R2,GC-500904,2024-05-06,64.52
GC-500904-R3,GC-500904,2024-08-06,24.34
GC-500904-R4,GC-500904,2024-09-06,24.39
GC-500905-R1,GC-500905,2022-10-09,36.88
GC-500905-R2,GC-500905,2022-10-24,-9.68
GC-500907-R1,GC-500907,2023-10-04,109.22
GC-500909-R1,GC-500909,2023-07-16,141.35
GC-500910-R1,GC-500910,2024-08-08,35.85
GC-500910-R2,GC-500910,2024-10-08,26.39
GC-500912-R1,GC-500912,2024-02-08,15.9
GC-500912-R2,GC-500912,2024-07-08,6.97
GC-500912-R3,GC-500912,2024-08-08,25.55
GC-500913-R1,GC-500913,2025-04-17,141.37
GC-500914-R1,GC-500914,2023-06-04,71.89
GC-500915-R1,GC-500915,2024-11-05,49.21
GC-500917-R1,GC-500917,2023-12-21,45.93
GC-500918-R1,GC-500918,2022-10-06,53.67
GC-500918-R2,GC-500918,2023-02-06,33.26
GC-500918-R3,GC-500918,2023-07-06,48.34
GC-500920-R1,GC-500920,2024-03-12,45.68
GC-500921-R1,GC-500921,2023-02-21,47.41
GC-500922-R1,GC-500922,2023-04-26,73.27
GC-500923-R1,GC-500923,2022-12-27,10.02
GC-500923-R2,GC-500923,2023-04-27,14.52
GC-500923-R3,GC-500923,2023-06-27,6.97
GC-500923-R4,GC-500923,2023-10-27,17.18
GC-500927-R1,GC-500927,2023-09-20,5.22
GC-500927-R2,GC-500927,2024-01-20,8.68
GC-500927-R3,GC-500927,2024-02-20,3.46
GC-500927-R4,GC-500927,2024-05-20,6.46
GC-500928-R1,GC-500928,2024-08-12,46.44
GC-500930-R1,GC-500930,2022-11-26,158.96
GC-500930-R2,GC-500930,2022-12-10,-78.09
GC-500932-R1,GC-500932,2023-03-21,48.03
GC-500933-R1,GC-500933,2023-12-14,26.96
GC-500934-R1,GC-500934,2023-02-21,135.48
GC-500935-R1,GC-500935,2023-07-10,59.61
GC-500935-R2,GC-500935,2023-12-10,22.07
GC-500935-R3,GC-500935,2024-02-10,25.85
GC-500935-R4,GC-500935,2024-07-10,30.83
GC-500936-R1,GC-500936,2022-04-18,99.63
GC-500937-R1,GC-500937,2022-04-27,22.92
GC-500938-R1,GC-500938,2022-12-04,72.81
GC-500939-R1,GC-500939,2023-05-12,70.01
GC-500942-R1,GC-500942,2024-01-26,184.91
GC-500943-R1,GC-500943,2023-09-13,41.26
GC-500943-R2,GC-500943,2023-12-13,25.54
GC-500943-R3,GC-500943,2024-04-13,6.66
GC-500943-R4,GC-500943,2024-05-13,20.67
GC-500944-R1,GC-500944,2022-07-23,30.06
GC-500948-R1,GC-500948,2024-08-07,75.34
GC-500948-R2,GC-500948,2024-12-07,47.05
GC-500951-R1,GC-500951,2023-01-24,11.12
GC-500951-R2,GC-500951,2023-04-24,5.69
GC-500951-R3,GC-500951,2023-09-24,1.85
GC-500951-R4,GC-500951,2023-10-24,6.07
GC-500952-R1,GC-500952,2023-11-16,140.32
GC-500953-R1,GC-500953,2024-12-08,53.99
GC-500956-R1,GC-500956,2022-08-20,61.73
GC-500956-R2,GC-500956,2022-10-20,43.47
GC-500956-R3,GC-500956,2023-02-20,83.31
GC-500958-R1,GC-500958,2023-12-25,55.82
GC-500959-R1,GC-500959,2024-07-03,23.31
GC-500959-R2,GC-500959,2024-12-03,11.12
GC-500960-R1,GC-500960,2024-09-21,30.08
GC-500961-R1,GC-500961,2024-06-16,5.51
GC-500961-R2,GC-500961,2024-09-16,8.91
GC-500961-R3,GC-500961,2024-12-16,2.59
GC-500963-R1,GC-500963,2023-05-18,189.78
GC-500965-R1,GC-500965,2024-03-12,196.67
GC-500967-R1,GC-500967,2024-08-18,20.83
GC-500967-R2,GC-500967,2024-09-18,13.18
GC-500967-R3,GC-500967,2024-10-18,15.49
GC-500969-R1,GC-500969,2022-05-19,54.79
GC-500969-R2,GC-500969,2022-10-19,21.09
GC-500969-R3,GC-500969,2022-11-19,61.96
GC-500971-R1,GC-500971,2025-06-28,70.51
GC-500973-R1,GC-500973,2023-08-11,6.36
GC-500973-R2,GC-500973,2023-09-11,4.58
GC-500973-R3,GC-500973,2024-01-11,5.65
GC-500973-R4,GC-500973,2024-02-11,8.36
GC-500974-R1,GC-500974,2023-03-07,58.67
GC-500974-R2,GC-500974,2023-06-07,33.98
GC-500974-R3,GC-500974,2023-07-07,19.08
GC-500974-R4,GC-500974,2023-09-07,69.44
GC-500975-R1,GC-500975,2024-10-06,140.78
GC-500976-R1,GC-500976,2025-01-09,90.65
GC-500978-R1,GC-500978,2023-02-15,141.1
GC-500979-R1,GC-500979,2023-03-21,71.55
GC-500981-R1,GC-500981,2022-05-02,46.34
GC-500981-R2,GC-500981,2022-07-02,17.42
GC-500981-R3,GC-500981,2022-12-02,8.24
GC-500981-R4,GC-500981,2023-02-02,8.74
GC-500981-R5,GC-500981,2023-07-02,11.99
GC-500984-R1,GC-500984,2024-11-16,23.56
GC-500985-R1,GC-500985,2022-10-01,24.02
GC-500986-R1,GC-500986,2024-05-14,194.07
GC-500987-R1,GC-500987,2024-01-08,24.73
GC-500988-R1,GC-500988,2024-06-24,140.37
GC-500989-R1,GC-500989,2022-10-13,31.86
GC-500989-R2,GC-500989,2023-01-13,10.98
GC-500989-R3,GC-500989,2023-06-13,31.68
GC-500990-R1,GC-500990,2023-06-28,99.67
GC-500991-R1,GC-500991,2023-09-15,187.92
GC-500993-R1,GC-500993,2023-02-26,136.92
GC-500994-R1,GC-500994,2023-09-12,195.65
GC-500996-R1,GC-500996,2024-07-24,198.86
GC-500997-R1,GC-500997,2024-09-13,10.35
GC-500997-R2,GC-500997,2024-11-13,2.97
GC-500998-R1,GC-500998,2024-08-08,11.67
GC-500998-R2,GC-500998,2024-10-08,5.83
GC-500999-R1,GC-500999,2023-10-27,46.65
GC-501001-R1,GC-501001,2023-05-28,19.62
GC-501001-R2,GC-501001,2023-06-07,-8.6
GC-501002-R1,GC-501002,2024-06-17,188.93
GC-501003-R1,GC-501003,2024-08-12,181.3
GC-501004-R1,GC-501004,2022-09-23,144.39
GC-501006-R1,GC-501006,2023-08-23,89.31
GC-501006-R2,GC-501006,2024-01-23,23.77
GC-501006-R3,GC-501006,2024-02-23,26.7
GC-501006-R4,GC-501006,2024-05-23,52.7
GC-501007-R1,GC-501007,2023-02-10,23.99
GC-501008-R1,GC-501008,2023-02-16,46.29
GC-501008-R2,GC-501008,2023-04-16,22.33
GC-501008-R3,GC-501008,2023-05-16,15.32
GC-501008-R4,GC-501008,2023-08-16,20.61
GC-501008-R5,GC-501008,2024-01-16,34.29
GC-501009-R1,GC-501009,2023-11-28,146.63
GC-501015-R1,GC-501015,2023-11-07,23.64
GC-501016-R1,GC-501016,2023-07-26,184.46
GC-501017-R1,GC-501017,2024-11-05,195.37
GC-501018-R1,GC-501018,2024-03-28,23.41
GC-501020-R1,GC-501020,2022-05-28,45.99
GC-501021-R1,GC-501021,2024-05-27,45.89
GC-501023-R1,GC-501023,2024-01-25,34.21
GC-501023-R2,GC-501023,2024-06-25,17.05
GC-501023-R3,GC-501023,2024-07-25,4.63
GC-501023-R4,GC-501023,2024-09-25,15.03
GC-501024-R1,GC-501024,2023-03-28,46.17
GC-501024-R2,GC-501024,2023-08-28,19.1
GC-501024-R3,GC-501024,2024-01-28,9.13
GC-501024-R4,GC-501024,2024-03-28,22.54
GC-501028-R1,GC-501028,2024-07-06,57.97
GC-501028-R2,GC-501028,2024-11-06,28.74
GC-501029-R1,GC-501029,2022-07-16,13.14
GC-501029-R2,GC-501029,2022-11-16,16.95
GC-501029-R3,GC-501029,2023-04-16,19.38
GC-501030-R1,GC-501030,2024-02-16,136.27
GC-501033-R1,GC-501033,2024-05-23,22.21
GC-501033-R2,GC-501033,2024-08-23,11.32
GC-501034-R1,GC-501034,2022-06-10,45.49
GC-501035-R1,GC-501035,2023-05-15,12.44
GC-501035-R2,GC-501035,2023-10-15,17.95
GC-501035-R3,GC-501035,2024-03-15,8.52
GC-501035-R4,GC-501035,2024-04-15,4.08
GC-501035-R5,GC-501035,2024-07-15,5.39
GC-501036-R1,GC-501036,2024-09-07,146.37
GC-501037-R1,GC-501037,2022-11-18,46.13
GC-501038-R1,GC-501038,2024-12-07,146.36
GC-501039-R1,GC-501039,2022-09-25,51.47
GC-501040-R1,GC-501040,2022-08-03,47.89
GC-501042-R1,GC-501042,2023-09-11,135.35
GC-501044-R1,GC-501044,2024-06-11,49.74
GC-501045-R1,GC-501045,2024-09-28,18.04
GC-501046-R1,GC-501046,2022-03-07,142.33
GC-501047-R1,GC-501047,2023-09-05,14.43
GC-501047-R2,GC-501047,2023-10-05,8.06
GC-501047-R3,GC-501047,2024-02-05,7.61
GC-501047-R4,GC-501047,2024-03-05,16.36
GC-501048-R1,GC-501048,2024-06-06,100.12
GC-501048-R2,GC-501048,2024-06-11,-29.33
GC-501050-R1,GC-501050,2024-07-28,45.04
GC-501051-R1,GC-501051,2024-12-21,74.33
GC-501053-R1,GC-501053,2024-04-12,53.81
GC-501053-R2,GC-501053,2024-09-12,59.65
GC-501055-R1,GC-501055,2023-06-06,30.35
GC-501055-R2,GC-501055,2023-08-06,20.69
GC-501055-R3,GC-501055,2023-12-06,11.49
GC-501055-R4,GC-501055,2024-05-06,2.74
GC-501055-R5,GC-501055,2024-08-06,8.85
GC-501056-R1,GC-501056,2022-09-04,70.58
GC-501058-R1,GC-501058,2024-02-20,187.99
GC-501059-R1,GC-501059,2023-09-28,68.51
GC-501059-R2,GC-501059,2023-10-28,29.18
GC-501059-R3,GC-501059,2023-12-28,41.68
GC-501059-R4,GC-501059,2024-04-28,14.28
GC-501059-R5,GC-501059,2024-07-28,44.69
GC-501060-R1,GC-501060,2023-04-16,34.2
GC-501060-R2,GC-501060,2023-05-16,41.25
GC-501060-R3,GC-501060,2023-07-16,20.28
GC-501060-R4,GC-501060,2023-09-16,10.81
GC-501060-R5,GC-501060,2023-10-16,29.97
GC-501062-R1,GC-501062,2022-07-28,186.17
GC-501063-R1,GC-501063,2024-02-12,46.87
GC-501064-R1,GC-501064,2024-10-13,23.34
GC-501065-R1,GC-501065,2023-06-28,183.36
GC-501066-R1,GC-501066,2022-09-09,71.72
GC-501067-R1,GC-501067,2024-05-20,23.08
GC-501068-R1,GC-501068,2022-03-28,40.95
GC-501068-R2,GC-501068,2022-06-28,57.42
GC-501068-R3,GC-501068,2022-09-28,18.75
GC-501068-R4,GC-501068,2022-11-28,69.2
GC-501069-R1,GC-501069,2024-01-10,99.83
GC-501070-R1,GC-501070,2023-06-18,10.0
GC-501074-R1,GC-501074,2023-05-22,146.38
GC-501075-R1,GC-501075,2023-07-14,5.56
GC-501075-R2,GC-501075,2023-09-14,6.71
GC-501075-R3,GC-501075,2023-11-14,4.95
GC-501075-R4,GC-501075,2024-04-14,5.43
GC-501076-R1,GC-501076,2023-11-07,69.88
GC-501077-R1,GC-501077,2024-09-28,73.13
GC-501079-R1,GC-501079,2023-09-01,95.21
GC-501080-R1,GC-501080,2022-06-13,24.88
GC-501081-R1,GC-501081,2023-12-15,47.96
GC-501083-R1,GC-501083,2024-07-18,39.06
GC-501083-R2,GC-501083,2024-11-18,22.33
GC-501084-R1,GC-501084,2024-06-13,40.42
GC-501084-R2,GC-501084,2024-10-13,11.12
GC-501086-R1,GC-501086,2023-11-11,32.04
GC-501086-R2,GC-501086,2024-02-11,14.71
GC-501086-R3,GC-501086,2024-06-11,11.98
GC-501086-R4,GC-501086,2024-08-11,6.91
GC-501087-R1,GC-501087,2024-12-03,64.97
GC-501087-R2,GC-501087,2024-12-09,-25.49
GC-501090-R1,GC-501090,2022-05-07,99.27
GC-501091-R1,GC-501091,2022-08-12,194.13
GC-501092-R1,GC-501092,2023-07-20,99.44
GC-501094-R1,GC-501094,2024-04-25,149.61
GC-501095-R1,GC-501095,2023-04-06,27.32
GC-501095-R2,GC-501095,2023-08-06,19.32
GC-501095-R3,GC-501095,2023-09-06,6.06
GC-501095-R4,GC-501095,2024-02-06,8.66
GC-501095-R5,GC-501095,2024-05-06,11.33
GC-501096-R1,GC-501096,2023-08-05,24.63
GC-501096-R2,GC-501096,2023-12-05,5.02
GC-501096-R3,GC-501096,2024-01-05,8.64
GC-501096-R4,GC-501096,2024-05-05,11.36
GC-501097-R1,GC-501097,2024-07-03,73.0
GC-501098-R1,GC-501098,2023-01-03,106.83
GC-501099-R1,GC-501099,2024-04-16,24.37
GC-501100-R1,GC-501100,2024-09-17,198.26
GC-501101-R1,GC-501101,2022-07-13,8.81
GC-501101-R2,GC-501101,2022-11-13,5.06
GC-501101-R3,GC-501101,2022-12-13,1.94
GC-501101-R4,GC-501101,2023-03-13,7.63
GC-501102-R1,GC-501102,2022-07-27,47.61
GC-501107-R1,GC-501107,2022-04-22,7.66
GC-501107-R2,GC-501107,2022-09-22,6.9
GC-501107-R3,GC-501107,2023-01-22,3.58
GC-501107-R4,GC-501107,2023-03-22,1.31
GC-501107-R5,GC-501107,2023-06-22,5.22
GC-501108-R1,GC-501108,2024-05-08,59.69
GC-501108-R2,GC-501108,2024-10-08,55.57
GC-501109-R1,GC-501109,2024-09-12,198.1
GC-501112-R1,GC-501112,2024-10-14,27.18
GC-501112-R2,GC-501112,2024-12-14,30.83
GC-501113-R1,GC-501113,2024-09-09,27.55
GC-501115-R1,GC-501115,2025-01-10,189.84
GC-501117-R1,GC-501117,2024-07-13,13.99
GC-501117-R2,GC-501117,2024-12-13,15.55
GC-501121-R1,GC-501121,2022-11-07,10.76
GC-501121-R2,GC-501121,2023-03-07,5.29
GC-501121-R3,GC-501121,2023-05-07,7.8
GC-501122-R1,GC-501122,2023-10-26,196.98
GC-501123-R1,GC-501123,2024-03-25,86.16
GC-501124-R1,GC-501124,2025-04-10,199.33
GC-501125-R1,GC-501125,2022-12-09,58.6
GC-501126-R1,GC-501126,2023-07-02,107.77
GC-501128-R1,GC-501128,2024-05-12,9.77
GC-501128-R2,GC-501128,2024-10-12,4.47
GC-501128-R3,GC-501128,2024-12-12,2.85
GC-501129-R1,GC-501129,2024-02-15,183.27
GC-501130-R1,GC-501130,2023-08-21,46.09
GC-501131-R1,GC-501131,2023-01-28,25.9
GC-501132-R1,GC-501132,2022-11-16,91.8
GC-501133-R1,GC-501133,2024-06-07,194.45
GC-501134-R1,GC-501134,2024-06-23,58.88
GC-501134-R2,GC-501134,2024-07-07,-23.62
GC-501136-R1,GC-501136,2022-06-24,6.07
GC-501136-R2,GC-501136,2022-11-24,6.19
GC-501136-R3,GC-501136,2023-04-24,3.59
GC-501136-R4,GC-501136,2023-05-24,3.01
GC-501136-R5,GC-501136,2023-07-24,3.85
GC-501138-R1,GC-501138,2023-11-04,198.18
GC-501139-R1,GC-501139,2022-02-27,147.26
GC-501140-R1,GC-501140,2023-06-11,143.08
GC-501141-R1,GC-501141,2022-11-28,145.43
GC-501143-R1,GC-501143,2023-11-10,6.27
GC-501143-R2,GC-501143,2023-12-10,5.13
GC-501143-R3,GC-501143,2024-01-10,6.56
GC-501143-R4,GC-501143,2024-06-10,6.99
GC-501146-R1,GC-501146,2024-08-01,45.71
GC-501147-R1,GC-501147,2023-04-02,69.58
GC-501148-R1,GC-501148,2023-09-07,96.5
GC-501149-R1,GC-501149,2023-07-05,99.4
GC-501151-R1,GC-501151,2025-05-13,47.1
GC-501152-R1,GC-501152,2024-03-16,56.2
GC-501152-R2,GC-501152,2024-07-16,18.13
GC-501152-R3,GC-501152,2024-08-16,19.88
GC-501152-R4,GC-501152,2024-11-16,19.29
GC-501153-R1,GC-501153,2023-10-15,20.64
GC-501153-R2,GC-501153,2023-10-29,-9.86
GC-501156-R1,GC-501156,2022-09-09,27.27
GC-501156-R2,GC-501156,2023-01-09,16.24
GC-501156-R3,GC-501156,2023-03-09,8.63
GC-501156-R4,GC-501156,2023-08-09,22.46
GC-501157-R1,GC-501157,2022-12-16,39.44
GC-501157-R2,GC-501157,2023-02-16,22.69
GC-501157-R3,GC-501157,2023-06-16,13.82
GC-501157-R4,GC-501157,2023-08-16,6.54
GC-501157-R5,GC-501157,2023-11-16,13.19
GC-501158-R1,GC-501158,2024-12-25,21.76
GC-501159-R1,GC-501159,2024-05-12,24.09
GC-501160-R1,GC-501160,2023-01-05,11.1
GC-501160-R2,GC-501160,2023-05-05,4.68
GC-501160-R3,GC-501160,2023-07-05,2.38
GC-501160-R4,GC-501160,2023-12-05,4.55
GC-501162-R1,GC-501162,2024-10-20,146.25
GC-501164-R1,GC-501164,2023-06-06,23.42
GC-501165-R1,GC-501165,2024-07-15,79.38
GC-501165-R2,GC-501165,2024-07-20,-35.68
GC-501166-R1,GC-501166,2024-01-18,92.94
GC-501167-R1,GC-501167,2024-07-17,61.83
GC-501167-R2,GC-501167,2024-07-19,-29.72
GC-501168-R1,GC-501168,2022-05-28,4.85
GC-501168-R2,GC-501168,2022-07-28,6.15
GC-501168-R3,GC-501168,2022-08-28,3.0
GC-501168-R4,GC-501168,2022-12-28,10.04
GC-501169-R1,GC-501169,2022-07-23,36.63
GC-501169-R2,GC-501169,2022-10-23,29.96
GC-501169-R3,GC-501169,2023-02-23,25.57
GC-501169-R4,GC-501169,2023-05-23,56.32
GC-501170-R1,GC-501170,2023-03-09,16.53
GC-501170-R2,GC-501170,2023-07-09,10.45
GC-501170-R3,GC-501170,2023-09-09,9.64
GC-501170-R4,GC-501170,2023-12-09,31.7
GC-501172-R1,GC-501172,2023-05-12,199.66
GC-501173-R1,GC-501173,2024-10-24,182.55
GC-501174-R1,GC-501174,2024-03-12,24.89
GC-501175-R1,GC-501175,2024-05-06,24.42
GC-501176-R1,GC-501176,2024-09-28,40.5
GC-501177-R1,GC-501177,2023-02-09,68.66
GC-501177-R2,GC-501177,2023-04-09,27.65
GC-501177-R3,GC-501177,2023-08-09,41.49
GC-501178-R1,GC-501178,2024-10-28,12.07
GC-501179-R1,GC-501179,2023-06-15,15.41
GC-501179-R2,GC-501179,2023-11-15,8.21
GC-501179-R3,GC-501179,2023-12-15,23.39
GC-501180-R1,GC-501180,2024-06-14,29.16
GC-501181-R1,GC-501181,2022-08-06,27.41
GC-501181-R2,GC-501181,2022-11-06,28.54
GC-501181-R3,GC-501181,2023-01-06,11.98
GC-501181-R4,GC-501181,2023-02-06,28.51
GC-501182-R1,GC-501182,2022-07-25,6.86
GC-501182-R2,GC-501182,2022-12-25,3.98
GC-501182-R3,GC-501182,2023-02-25,3.67
GC-501182-R4,GC-501182,2023-06-25,9.64
GC-501183-R1,GC-501183,2024-03-16,22.74
GC-501184-R1,GC-501184,2023-11-29,196.2
GC-501186-R1,GC-501186,2022-12-06,194.85
GC-501187-R1,GC-501187,2023-05-28,99.26
GC-501188-R1,GC-501188,2024-02-10,99.9
GC-501190-R1,GC-501190,2024-03-13,96.3
GC-501191-R1,GC-501191,2024-11-15,56.57
GC-501193-R1,GC-501193,2024-11-10,99.95
GC-501193-R2,GC-501193,2024-11-20,-31.51
GC-501194-R1,GC-501194,2024-07-28,69.05
GC-501195-R1,GC-501195,2022-01-28,95.04
GC-501196-R1,GC-501196,2023-04-28,185.37
GC-501197-R1,GC-501197,2025-02-28,67.79
GC-501198-R1,GC-501198,2023-09-08,91.89
GC-501199-R1,GC-501199,2024-05-13,41.76
GC-501199-R2,GC-501199,2024-07-13,34.77
GC-501199-R3,GC-501199,2024-12-13,21.07
GC-501200-R1,GC-501200,2023-12-28,199.3
GC-501201-R1,GC-501201,2022-10-06,237.16
GC-501202-R1,GC-501202,2023-07-27,46.62
GC-501203-R1,GC-501203,2023-03-15,11.1
GC-501203-R2,GC-501203,2023-05-15,12.69
GC-501203-R3,GC-501203,2023-07-15,24.86
GC-501204-R1,GC-501204,2024-11-01,48.24
GC-501205-R1,GC-501205,2024-06-18,137.82
GC-501206-R1,GC-501206,2024-08-20,34.67
GC-501206-R2,GC-501206,2024-12-20,17.76
GC-501207-R1,GC-501207,2022-08-28,9.97
GC-501207-R2,GC-501207,2022-09-28,18.95
GC-501207-R3,GC-501207,2022-10-28,7.23
GC-501207-R4,GC-501207,2023-01-28,5.79
GC-501207-R5,GC-501207,2023-02-28,6.91
GC-501208-R1,GC-501208,2024-02-13,148.39
GC-501210-R1,GC-501210,2023-01-10,5.52
GC-501210-R2,GC-501210,2023-03-10,3.57
GC-501210-R3,GC-501210,2023-07-10,4.31
GC-501210-R4,GC-501210,2023-10-10,3.71
GC-501210-R5,GC-501210,2023-12-10,5.65
GC-501211-R1,GC-501211,2022-10-19,49.95
GC-501212-R1,GC-501212,2022-06-06,84.06
GC-501213-R1,GC-501213,2023-03-28,140.02
GC-501214-R1,GC-501214,2023-12-10,70.11
GC-501215-R1,GC-501215,2024-08-28,24.47
GC-501216-R1,GC-501216,2023-11-03,94.47
GC-501217-R1,GC-501217,2022-11-20,49.64
GC-501217-R2,GC-501217,2023-01-20,21.5
GC-501217-R3,GC-501217,2023-04-20,28.46
GC-501219-R1,GC-501219,2023-10-19,34.46
GC-501219-R2,GC-501219,2023-12-19,19.25
GC-501219-R3,GC-501219,2024-05-19,17.32
GC-501219-R4,GC-501219,2024-10-19,24.46
GC-501220-R1,GC-501220,2023-09-26,23.09
GC-501221-R1,GC-501221,2024-01-13,122.71
GC-501222-R1,GC-501222,2024-04-13,91.44
GC-501223-R1,GC-501223,2023-08-08,24.37
GC-501224-R1,GC-501224,2024-03-13,9.67
GC-501224-R2,GC-501224,2024-04-13,5.0
GC-501224-R3,GC-501224,2024-09-13,9.57
GC-501225-R1,GC-501225,2022-03-03,68.56
GC-501226-R1,GC-501226,2024-09-02,47.35
GC-501227-R1,GC-501227,2024-08-21,186.75
GC-501228-R1,GC-501228,2023-02-16,24.7
GC-501230-R1,GC-501230,2024-12-24,229.7
GC-501233-R1,GC-501233,2024-10-17,15.67
GC-501234-R1,GC-501234,2023-03-03,6.19
GC-501234-R2,GC-501234,2023-05-03,6.01
GC-501234-R3,GC-501234,2023-06-03,2.78
GC-501234-R4,GC-501234,2023-07-03,7.78
GC-501235-R1,GC-501235,2023-03-20,48.19
GC-501236-R1,GC-501236,2022-05-02,44.7
GC-501236-R2,GC-501236,2022-08-02,22.31
GC-501236-R3,GC-501236,2023-01-02,6.06
GC-501236-R4,GC-501236,2023-05-02,17.39
GC-501237-R1,GC-501237,2023-02-23,41.9
GC-501237-R2,GC-501237,2023-04-23,29.01
GC-501237-R3,GC-501237,2023-08-23,38.1
GC-501237-R4,GC-501237,2023-09-23,20.94
GC-501237-R5,GC-501237,2023-11-23,52.0
GC-501238-R1,GC-501238,2022-07-11,24.88
GC-501240-R1,GC-501240,2024-01-01,21.82
GC-501240-R2,GC-501240,2024-05-01,6.76
GC-501240-R3,GC-501240,2024-10-01,6.92
GC-501240-R4,GC-501240,2024-12-01,11.2
GC-501242-R1,GC-501242,2024-11-18,99.07
GC-501244-R1,GC-501244,2023-07-13,35.99
GC-501244-R2,GC-501244,2023-11-13,7.89
GC-501244-R3,GC-501244,2024-02-13,29.34
GC-501245-R1,GC-501245,2024-07-17,56.98
GC-501245-R2,GC-501245,2024-11-17,44.18
GC-501247-R1,GC-501247,2022-10-04,28.98
GC-501247-R2,GC-501247,2023-02-04,25.09
GC-501247-R3,GC-501247,2023-05-04,37.51
GC-501248-R1,GC-501248,2024-10-17,62.3
GC-501249-R1,GC-501249,2023-06-13,17.93
GC-501249-R2,GC-501249,2023-10-13,11.73
GC-501249-R3,GC-501249,2024-02-13,8.1
GC-501249-R4,GC-501249,2024-04-13,14.64
GC-501249-R5,GC-501249,2024-06-13,15.58
GC-501250-R1,GC-501250,2023-10-20,24.97
GC-501252-R1,GC-501252,2023-09-01,45.42
GC-501253-R1,GC-501253,2023-12-03,25.19
GC-501253-R2,GC-501253,2024-01-03,16.74
GC-501253-R3,GC-501253,2024-05-03,17.18
GC-501253-R4,GC-501253,2024-08-03,9.87
GC-501253-R5,GC-501253,2024-11-03,29.73
GC-501254-R1,GC-501254,2025-02-13,145.33
GC-501255-R1,GC-501255,2024-06-28,140.84
GC-501256-R1,GC-501256,2022-11-09,191.57
GC-501257-R1,GC-501257,2022-02-28,43.47
GC-501257-R2,GC-501257,2022-06-28,15.58
GC-501257-R3,GC-501257,2022-07-28,20.0
GC-501257-R4,GC-501257,2022-09-28,20.29
GC-501258-R1,GC-501258,2022-12-19,48.73
GC-501259-R1,GC-501259,2023-01-07,92.16
GC-501261-R1,GC-501261,2022-12-13,29.49
GC-501261-R2,GC-501261,2023-05-13,21.96
GC-501261-R3,GC-501261,2023-08-13,10.54
GC-501261-R4,GC-501261,2023-10-13,34.5
GC-501262-R1,GC-501262,2024-08-27,47.76
GC-501265-R1,GC-501265,2022-08-01,229.49
GC-501266-R1,GC-501266,2022-09-08,73.89
GC-501267-R1,GC-501267,2024-04-20,43.71
GC-501267-R2,GC-501267,2024-04-29,-14.16
GC-501268-R1,GC-501268,2022-04-16,13.89
GC-501268-R2,GC-501268,2022-08-16,13.53
GC-501268-R3,GC-501268,2022-09-16,9.46
GC-501268-R4,GC-501268,2023-01-16,2.24
GC-501268-R5,GC-501268,2023-02-16,8.42
GC-501269-R1,GC-501269,2024-06-06,52.33
GC-501269-R2,GC-501269,2024-10-06,36.01
GC-501270-R1,GC-501270,2024-06-10,187.81
GC-501273-R1,GC-501273,2022-11-22,45.47
GC-501274-R1,GC-501274,2022-06-26,124.63
GC-501274-R2,GC-501274,2022-07-09,-52.38
GC-501275-R1,GC-501275,2024-02-04,48.26
GC-501277-R1,GC-501277,2022-07-19,60.14
GC-501278-R1,GC-501278,2022-08-08,69.46
GC-501279-R1,GC-501279,2024-01-25,91.01
GC-501283-R1,GC-501283,2022-02-11,171.15
GC-501284-R1,GC-501284,2022-04-17,146.41
GC-501285-R1,GC-501285,2023-08-21,68.54
GC-501286-R1,GC-501286,2023-12-03,91.99
GC-501287-R1,GC-501287,2023-10-26,53.95
GC-501287-R2,GC-501287,2023-12-26,57.76
GC-501287-R3,GC-501287,2024-03-26,41.27
GC-501287-R4,GC-501287,2024-04-26,43.2
GC-501288-R1,GC-501288,2024-02-01,18.86
GC-501288-R2,GC-501288,2024-05-01,13.75
GC-501288-R3,GC-501288,2024-10-01,3.99
GC-501290-R1,GC-501290,2024-10-09,9.49
GC-501291-R1,GC-501291,2024-06-26,6.28
GC-501291-R2,GC-501291,2024-08-26,6.62
GC-501291-R3,GC-501291,2024-11-26,10.05
GC-501292-R1,GC-501292,2023-12-06,23.3
GC-501294-R1,GC-501294,2023-10-04,47.64
GC-501295-R1,GC-501295,2024-06-13,41.08
GC-501295-R2,GC-501295,2024-10-13,11.15
GC-501296-R1,GC-501296,2022-11-02,34.2
GC-501296-R2,GC-501296,2023-02-02,11.81
GC-501296-R3,GC-501296,2023-07-02,22.68
GC-501296-R4,GC-501296,2023-11-02,23.02
GC-501298-R1,GC-501298,2024-05-22,22.67
GC-501299-R1,GC-501299,2023-12-09,25.47
GC-501299-R2,GC-501299,2024-01-09,15.16
GC-501299-R3,GC-501299,2024-05-09,11.32
GC-501299-R4,GC-501299,2024-06-09,9.6
GC-501299-R5,GC-501299,2024-11-09,11.6
GC-501300-R1,GC-501300,2022-05-01,24.56
GC-501302-R1,GC-501302,2022-01-15,23.15
GC-501306-R1,GC-501306,2024-10-04,23.8
GC-501307-R1,GC-501307,2024-01-28,189.65
GC-501308-R1,GC-501308,2022-11-19,147.53
GC-501309-R1,GC-501309,2022-07-09,90.6
GC-501310-R1,GC-501310,2024-06-28,91.05
GC-501312-R1,GC-501312,2023-01-05,17.55
GC-501312-R2,GC-501312,2023-05-05,8.21
GC-501312-R3,GC-501312,2023-08-05,7.79
GC-501312-R4,GC-501312,2023-11-05,16.03
GC-501313-R1,GC-501313,2022-08-06,98.76
GC-501315-R1,GC-501315,2024-03-22,24.82
GC-501316-R1,GC-501316,2023-02-05,43.98
GC-501316-R2,GC-501316,2023-03-05,38.46
GC-501316-R3,GC-501316,2023-07-05,15.24
GC-501316-R4,GC-501316,2023-09-05,43.78
GC-501317-R1,GC-501317,2023-01-28,28.9
GC-501317-R2,GC-501317,2023-03-28,20.76
GC-501317-R3,GC-501317,2023-05-28,5.12
GC-501317-R4,GC-501317,2023-06-28,16.69
GC-501318-R1,GC-501318,2023-10-28,7.57
GC-501318-R2,GC-501318,2023-11-28,4.32
GC-501318-R3,GC-501318,2024-02-28,4.16
GC-501318-R4,GC-501318,2024-04-28,3.39
GC-501318-R5,GC-501318,2024-07-28,4.39
GC-501319-R1,GC-501319,2024-01-13,7.8
GC-501319-R2,GC-501319,2024-04-13,6.81
GC-501319-R3,GC-501319,2024-06-13,2.04
GC-501319-R4,GC-501319,2024-07-13,1.52
GC-501319-R5,GC-501319,2024-10-13,4.57
GC-501320-R1,GC-501320,2023-01-18,87.99
GC-501320-R2,GC-501320,2023-03-18,40.98
GC-501320-R3,GC-501320,2023-04-18,60.52
GC-501321-R1,GC-501321,2024-08-28,23.72
GC-501322-R1,GC-501322,2023-10-05,199.81
GC-501323-R1,GC-501323,2024-05-09,22.75
GC-501325-R1,GC-501325,2024-12-28,24.09
GC-501327-R1,GC-501327,2024-01-16,23.11
GC-501328-R1,GC-501328,2023-02-27,20.36
GC-501328-R2,GC-501328,2023-03-11,-8.22
GC-501330-R1,GC-501330,2023-12-20,10.71
GC-501330-R2,GC-501330,2024-04-20,12.76
GC-501330-R3,GC-501330,2024-07-20,6.23
GC-501330-R4,GC-501330,2024-08-20,15.51
GC-501331-R1,GC-501331,2023-02-28,132.36
GC-501331-R2,GC-501331,2023-03-04,-38.53
GC-501332-R1,GC-501332,2022-11-13,23.63
GC-501333-R1,GC-501333,2022-05-19,18.6
GC-501333-R2,GC-501333,2022-08-19,22.69
GC-501333-R3,GC-501333,2023-01-19,26.25
GC-501334-R1,GC-501334,2023-01-14,79.65
GC-501335-R1,GC-501335,2023-12-19,7.74
GC-501335-R2,GC-501335,2024-01-19,7.46
GC-501335-R3,GC-501335,2024-04-19,3.21
GC-501335-R4,GC-501335,2024-06-19,1.95
GC-501335-R5,GC-501335,2024-09-19,3.32
GC-501336-R1,GC-501336,2023-01-13,13.48
GC-501336-R2,GC-501336,2023-04-13,12.12
GC-501336-R3,GC-501336,2023-08-13,20.65
GC-501337-R1,GC-501337,2023-04-11,31.94
GC-501337-R2,GC-501337,2023-07-11,20.1
GC-501337-R3,GC-501337,2023-11-11,13.23
GC-501337-R4,GC-501337,2024-03-11,8.69
GC-501337-R5,GC-501337,2024-08-11,17.0
GC-501338-R1,GC-501338,2024-10-12,17.0
GC-501338-R2,GC-501338,2024-12-12,12.01
GC-501339-R1,GC-501339,2022-10-20,47.01
GC-501341-R1,GC-501341,2022-08-19,60.04
GC-501341-R2,GC-501341,2023-01-19,34.66
GC-501341-R3,GC-501341,2023-02-19,47.52
GC-501344-R1,GC-501344,2024-04-23,22.88
GC-501345-R1,GC-501345,2024-12-22,23.68
GC-501346-R1,GC-501346,2022-06-24,38.97
GC-501348-R1,GC-501348,2024-11-04,180.43
GC-501349-R1,GC-501349,2023-03-16,193.99
GC-501350-R1,GC-501350,2023-11-16,7.9
GC-501350-R2,GC-501350,2023-12-16,5.77
GC-501350-R3,GC-501350,2024-04-16,2.75
GC-501350-R4,GC-501350,2024-07-16,2.86
GC-501350-R5,GC-501350,2024-12-16,5.62
GC-501352-R1,GC-501352,2022-04-07,47.34
GC-501353-R1,GC-501353,2023-04-21,46.89
GC-501353-R2,GC-501353,2023-05-21,25.47
GC-501353-R3,GC-501353,2023-07-21,23.06
GC-501353-R4,GC-501353,2023-12-21,52.42
GC-501354-R1,GC-501354,2024-08-09,46.39
GC-501355-R1,GC-501355,2022-07-20,34.96
GC-501355-R2,GC-501355,2022-12-20,25.44
GC-501355-R3,GC-501355,2023-05-20,9.27
GC-501355-R4,GC-501355,2023-08-20,9.08
GC-501355-R5,GC-501355,2024-01-20,15.02
GC-501356-R1,GC-501356,2024-04-14,22.57
GC-501357-R1,GC-501357,2022-08-14,189.53
GC-501358-R1,GC-501358,2023-01-23,37.42
GC-501358-R2,GC-501358,2023-02-23,12.7
GC-501358-R3,GC-501358,2023-03-23,47.44
GC-501359-R1,GC-501359,2024-04-06,210.89
GC-501360-R1,GC-501360,2024-04-13,191.48
GC-501361-R1,GC-501361,2024-06-29,69.19
GC-501362-R1,GC-501362,2023-01-28,78.7
GC-501362-R2,GC-501362,2023-02-11,-19.06
GC-501363-R1,GC-501363,2024-02-07,143.2
GC-501365-R1,GC-501365,2023-03-10,21.07
GC-501365-R2,GC-501365,2023-08-10,21.19
GC-501365-R3,GC-501365,2023-09-10,52.02
GC-501366-R1,GC-501366,2023-10-18,143.11
GC-501367-R1,GC-501367,2024-07-28,187.16
GC-501368-R1,GC-501368,2022-11-03,40.71
GC-501368-R2,GC-501368,2023-04-03,21.25
GC-501368-R3,GC-501368,2023-05-03,28.73
GC-501368-R4,GC-501368,2023-08-03,18.98
GC-501368-R5,GC-501368,2023-09-03,28.95
GC-501369-R1,GC-501369,2024-05-18,46.67
GC-501370-R1,GC-501370,2024-03-07,23.09
GC-501372-R1,GC-501372,2024-12-07,72.92
GC-501373-R1,GC-501373,2023-05-07,33.91
GC-501373-R2,GC-501373,2023-06-07,15.91
GC-501373-R3,GC-501373,2023-08-07,20.92
GC-501377-R1,GC-501377,2024-01-22,70.77
GC-501379-R1,GC-501379,2022-04-04,185.0
GC-501380-R1,GC-501380,2024-08-17,33.88
GC-501380-R2,GC-501380,2024-10-17,12.96
GC-501381-R1,GC-501381,2022-11-07,74.54
GC-501382-R1,GC-501382,2023-06-28,85.71
GC-501382-R2,GC-501382,2023-08-28,35.93
GC-501382-R3,GC-501382,2023-11-28,19.04
GC-501382-R4,GC-501382,2024-04-28,15.93
GC-501382-R5,GC-501382,2024-05-28,29.44
GC-501383-R1,GC-501383,2024-05-21,142.29
GC-501384-R1,GC-501384,2023-09-18,191.06
GC-501385-R1,GC-501385,2022-03-19,188.81
GC-501386-R1,GC-501386,2024-11-18,19.74
GC-501387-R1,GC-501387,2024-11-11,93.85
GC-501389-R1,GC-501389,2024-05-14,38.77
GC-501389-R2,GC-501389,2024-06-14,32.51
GC-501389-R3,GC-501389,2024-11-14,24.78
GC-501390-R1,GC-501390,2022-10-12,121.58
GC-501391-R1,GC-501391,2024-08-16,145.79
GC-501392-R1,GC-501392,2024-02-20,199.85
GC-501393-R1,GC-501393,2023-11-16,10.34
GC-501393-R2,GC-501393,2024-02-16,11.88
GC-501393-R3,GC-501393,2024-05-16,11.58
GC-501393-R4,GC-501393,2024-10-16,3.07
GC-501394-R1,GC-501394,2023-10-20,47.22
GC-501397-R1,GC-501397,2022-05-21,46.29
GC-501398-R1,GC-501398,2023-09-18,183.49
GC-501399-R1,GC-501399,2023-01-23,6.78
GC-501399-R2,GC-501399,2023-06-23,6.72
GC-501399-R3,GC-501399,2023-07-23,4.59
GC-501399-R4,GC-501399,2023-10-23,4.87
GC-501400-R1,GC-501400,2022-03-03,71.55
GC-501401-R1,GC-501401,2022-10-12,42.18
GC-501401-R2,GC-501401,2023-01-12,44.64
GC-501401-R3,GC-501401,2023-05-12,54.84
GC-501403-R1,GC-501403,2024-01-18,220.19
GC-501405-R1,GC-501405,2023-01-06,21.33
GC-501405-R2,GC-501405,2023-04-06,13.36
GC-501405-R3,GC-501405,2023-08-06,6.45
GC-501405-R4,GC-501405,2023-09-06,3.14
GC-501405-R5,GC-501405,2023-11-06,4.76
GC-501406-R1,GC-501406,2022-12-10,22.22
GC-501409-R1,GC-501409,2024-01-05,23.09
GC-501409-R2,GC-501409,2024-05-05,14.24
GC-501409-R3,GC-501409,2024-08-05,31.9
GC-501411-R1,GC-501411,2024-10-07,55.06
GC-501412-R1,GC-501412,2022-11-10,23.7
GC-501412-R2,GC-501412,2023-04-10,24.63
GC-501412-R3,GC-501412,2023-09-10,25.14
GC-501413-R1,GC-501413,2023-04-10,90.16
GC-501414-R1,GC-501414,2024-11-20,22.82
GC-501415-R1,GC-501415,2023-04-08,14.57
GC-501415-R2,GC-501415,2023-08-08,13.5
GC-501415-R3,GC-501415,2023-10-08,8.07
GC-501415-R4,GC-501415,2023-11-08,11.43
GC-501416-R1,GC-501416,2023-12-21,46.47
GC-501419-R1,GC-501419,2022-10-21,7.53
GC-501419-R2,GC-501419,2023-02-21,4.16
GC-501419-R3,GC-501419,2023-07-21,3.49
GC-501419-R4,GC-501419,2023-08-21,2.37
GC-501419-R5,GC-501419,2023-12-21,6.43
GC-501421-R1,GC-501421,2023-09-08,93.19
GC-501422-R1,GC-501422,2024-08-08,139.17
GC-501423-R1,GC-501423,2024-02-13,21.23
GC-501423-R2,GC-501423,2024-05-13,11.74
GC-501423-R3,GC-501423,2024-08-13,6.27
GC-501423-R4,GC-501423,2024-09-13,6.35
GC-501424-R1,GC-501424,2024-09-25,23.02
GC-501425-R1,GC-501425,2022-09-23,146.98
GC-501427-R1,GC-501427,2025-05-02,92.95
GC-501429-R1,GC-501429,2024-01-06,195.87
GC-501430-R1,GC-501430,2024-11-07,70.9
GC-501431-R1,GC-501431,2022-03-31,24.83
GC-501432-R1,GC-501432,2022-06-14,180.16
GC-501433-R1,GC-501433,2024-09-05,91.51
GC-501434-R1,GC-501434,2022-10-27,99.01
GC-501434-R2,GC-501434,2022-10-30,-34.38
GC-501437-R1,GC-501437,2024-01-07,27.51
GC-501437-R2,GC-501437,2024-06-07,15.49
GC-501437-R3,GC-501437,2024-07-07,7.84
GC-501437-R4,GC-501437,2024-10-07,7.06
GC-501438-R1,GC-501438,2023-06-22,27.74
GC-501438-R2,GC-501438,2023-10-22,26.09
GC-501438-R3,GC-501438,2024-02-22,16.87
GC-501438-R4,GC-501438,2024-06-22,20.46
GC-501439-R1,GC-501439,2023-10-26,69.51
GC-501440-R1,GC-501440,2022-09-05,22.75
GC-501440-R2,GC-501440,2022-12-05,22.13
GC-501440-R3,GC-501440,2023-03-05,8.5
GC-501440-R4,GC-501440,2023-05-05,16.08
GC-501443-R1,GC-501443,2022-10-05,135.3
GC-501444-R1,GC-501444,2023-12-14,135.95
GC-501447-R1,GC-501447,2022-05-28,10.67
GC-501447-R2,GC-501447,2022-06-28,3.39
GC-501447-R3,GC-501447,2022-09-28,2.14
GC-501447-R4,GC-501447,2022-11-28,1.72
GC-501447-R5,GC-501447,2022-12-28,6.47
GC-501450-R1,GC-501450,2022-11-15,146.89
GC-501451-R1,GC-501451,2023-12-25,33.6
GC-501451-R2,GC-501451,2024-05-25,38.43
GC-501451-R3,GC-501451,2024-08-25,24.38
GC-501451-R4,GC-501451,2024-10-25,49.74
GC-501452-R1,GC-501452,2023-11-25,15.25
GC-501452-R2,GC-501452,2024-03-25,24.7
GC-501452-R3,GC-501452,2024-06-25,34.36
GC-501453-R1,GC-501453,2023-02-10,47.89
GC-501455-R1,GC-501455,2023-04-22,22.74
GC-501457-R1,GC-501457,2023-06-22,19.52
GC-501457-R2,GC-501457,2023-11-22,27.71
GC-501457-R3,GC-501457,2023-12-22,12.7
GC-501457-R4,GC-501457,2024-02-22,32.59
GC-501460-R1,GC-501460,2024-05-27,23.44
GC-501461-R1,GC-501461,2022-09-06,40.31
GC-501461-R2,GC-501461,2022-09-15,-10.13
GC-501462-R1,GC-501462,2024-12-24,46.46
GC-501464-R1,GC-501464,2024-03-17,145.28
GC-501465-R1,GC-501465,2023-07-28,22.96
GC-501465-R2,GC-501465,2023-11-28,14.03
GC-501465-R3,GC-501465,2024-03-28,13.99
GC-501465-R4,GC-501465,2024-07-28,9.05
GC-501465-R5,GC-501465,2024-08-28,32.08
GC-501466-R1,GC-501466,2023-02-20,70.48
GC-501466-R2,GC-501466,2023-07-20,27.51
GC-501466-R3,GC-501466,2023-10-20,83.89
GC-501467-R1,GC-501467,2023-06-08,180.28
GC-501468-R1,GC-501468,2023-10-19,156.1
GC-501469-R1,GC-501469,2022-09-28,20.37
GC-501469-R2,GC-501469,2023-02-28,10.24
GC-501469-R3,GC-501469,2023-06-28,15.79
GC-501470-R1,GC-501470,2023-08-22,63.09
GC-501470-R2,GC-501470,2023-10-22,18.63
GC-501470-R3,GC-501470,2024-03-22,63.31
GC-501471-R1,GC-501471,2022-12-21,34.91
GC-501471-R2,GC-501471,2023-04-21,20.92
GC-501471-R3,GC-501471,2023-08-21,42.92
GC-501472-R1,GC-501472,2024-01-12,7.08
GC-501472-R2,GC-501472,2024-06-12,4.73
GC-501472-R3,GC-501472,2024-07-12,5.25
GC-501472-R4,GC-501472,2024-09-12,6.04
GC-501474-R1,GC-501474,2023-07-28,4.96
GC-501474-R2,GC-501474,2023-10-28,8.64
GC-501474-R3,GC-501474,2024-01-28,4.31
GC-501474-R4,GC-501474,2024-03-28,5.98
GC-501475-R1,GC-501475,2023-01-28,68.84
GC-501477-R1,GC-501477,2022-09-12,71.27
GC-501478-R1,GC-501478,2024-01-18,35.33
GC-501480-R1,GC-501480,2022-12-26,197.5
GC-501481-R1,GC-501481,2024-06-27,148.41
GC-501482-R1,GC-501482,2022-12-27,98.34
GC-501483-R1,GC-501483,2024-10-06,139.16
GC-501486-R1,GC-501486,2023-04-28,48.64
GC-501487-R1,GC-501487,2023-08-19,14.21
GC-501487-R2,GC-501487,2024-01-19,10.45
GC-501487-R3,GC-501487,2024-04-19,8.08
GC-501487-R4,GC-501487,2024-05-19,5.81
GC-501487-R5,GC-501487,2024-09-19,9.89
GC-501488-R1,GC-501488,2022-12-27,48.65
GC-501489-R1,GC-501489,2023-02-13,14.09
GC-501489-R2,GC-501489,2023-04-13,14.47
GC-501489-R3,GC-501489,2023-06-13,5.75
GC-501489-R4,GC-501489,2023-10-13,5.72
GC-501489-R5,GC-501489,2023-12-13,8.16
GC-501490-R1,GC-501490,2024-02-15,70.6
GC-501491-R1,GC-501491,2023-03-28,27.17
GC-501491-R2,GC-501491,2023-06-28,19.67
GC-501491-R3,GC-501491,2023-11-28,8.67
GC-501491-R4,GC-501491,2024-01-28,17.22
GC-501492-R1,GC-501492,2024-06-28,58.0
GC-501494-R1,GC-501494,2022-08-05,16.44
GC-501494-R2,GC-501494,2022-10-05,10.23
GC-501494-R3,GC-501494,2023-02-05,19.62
GC-501496-R1,GC-501496,2022-11-03,74.02
GC-501497-R1,GC-501497,2024-01-17,198.06
GC-501498-R1,GC-501498,2023-05-28,137.79
GC-501499-R1,GC-501499,2024-11-09,94.74
GC-501500-R1,GC-501500,2023-12-23,188.02
GC-501501-R1,GC-501501,2022-11-09,72.06
GC-501501-R2,GC-501501,2022-11-13,-25.48
GC-501502-R1,GC-501502,2025-02-09,146.28
GC-501503-R1,GC-501503,2022-11-05,9.81
GC-501503-R2,GC-501503,2023-01-05,10.2
GC-501503-R3,GC-501503,2023-03-05,29.0
GC-501504-R1,GC-501504,2023-09-22,46.18
GC-501505-R1,GC-501505,2023-01-12,44.81
GC-501505-R2,GC-501505,2023-05-12,37.55
GC-501505-R3,GC-501505,2023-09-12,26.76
GC-501505-R4,GC-501505,2024-01-12,38.57
GC-501506-R1,GC-501506,2024-09-07,48.82
GC-501507-R1,GC-501507,2024-04-01,74.24
GC-501508-R1,GC-501508,2025-01-17,71.16
GC-501509-R1,GC-501509,2023-08-28,21.83
GC-501509-R2,GC-501509,2024-01-28,10.26
GC-501509-R3,GC-501509,2024-05-28,7.95
GC-501509-R4,GC-501509,2024-07-28,8.8
GC-501512-R1,GC-501512,2022-04-13,31.16
GC-501512-R2,GC-501512,2022-05-13,18.43
GC-501512-R3,GC-501512,2022-06-13,16.75
GC-501512-R4,GC-501512,2022-10-13,11.23
GC-501512-R5,GC-501512,2022-11-13,14.23
GC-501514-R1,GC-501514,2024-10-02,188.03
GC-501516-R1,GC-501516,2024-03-03,81.34
GC-501516-R2,GC-501516,2024-07-03,37.88
GC-501516-R3,GC-501516,2024-11-03,31.11
GC-501516-R4,GC-501516,2024-12-03,36.37
GC-501517-R1,GC-501517,2022-07-15,191.8
GC-501518-R1,GC-501518,2024-09-09,92.82
GC-501519-R1,GC-501519,2024-04-22,62.49
GC-501519-R2,GC-501519,2024-05-22,30.05
GC-501519-R3,GC-501519,2024-07-22,15.19
GC-501519-R4,GC-501519,2024-11-22,37.57
GC-501521-R1,GC-501521,2022-07-16,187.92
GC-501522-R1,GC-501522,2022-12-16,23.67
GC-501522-R2,GC-501522,2023-05-16,6.69
GC-501522-R3,GC-501522,2023-10-16,6.6
GC-501522-R4,GC-501522,2023-11-16,11.2
GC-501523-R1,GC-501523,2023-10-28,14.93
GC-501523-R2,GC-501523,2023-11-10,-3.34
GC-501524-R1,GC-501524,2024-05-18,22.96
GC-501525-R1,GC-501525,2023-01-27,63.38
GC-501525-R2,GC-501525,2023-03-27,30.84
GC-501525-R3,GC-501525,2023-04-27,13.96
GC-501525-R4,GC-501525,2023-08-27,8.13
GC-501525-R5,GC-501525,2023-12-27,22.6
GC-501527-R1,GC-501527,2023-11-07,23.52
GC-501528-R1,GC-501528,2023-09-17,51.73
GC-501528-R2,GC-501528,2023-09-22,-10.63
GC-501530-R1,GC-501530,2024-06-11,42.38
GC-501530-R2,GC-501530,2024-09-11,29.65
GC-501533-R1,GC-501533,2024-10-10,68.12
GC-501534-R1,GC-501534,2024-02-15,26.62
GC-501534-R2,GC-501534,2024-07-15,13.52
GC-501534-R3,GC-501534,2024-11-15,30.75
GC-501535-R1,GC-501535,2022-06-17,84.24
GC-501536-R1,GC-501536,2024-02-15,22.74
GC-501537-R1,GC-501537,2023-12-16,22.71
GC-501538-R1,GC-501538,2023-03-26,139.18
GC-501540-R1,GC-501540,2023-10-10,49.62
GC-501542-R1,GC-501542,2024-03-25,72.64
GC-501542-R2,GC-501542,2024-05-25,44.31
GC-501542-R3,GC-501542,2024-10-25,71.41
GC-501543-R1,GC-501543,2024-09-17,72.07
GC-501545-R1,GC-501545,2024-11-21,47.29
GC-501546-R1,GC-501546,2024-10-25,17.4
GC-501547-R1,GC-501547,2024-11-27,22.5
GC-501548-R1,GC-501548,2025-01-04,22.52
GC-501559-R1,GC-501559,2023-11-17,46.06
GC-501559-R2,GC-501559,2024-02-17,65.34
GC-501559-R3,GC-501559,2024-05-17,30.27
GC-501559-R4,GC-501559,2024-06-17,21.46
GC-501559-R5,GC-501559,2024-11-17,25.67
GC-501560-R1,GC-501560,2022-11-17,23.15
GC-501562-R1,GC-501562,2023-11-06,86.09
GC-501563-R1,GC-501563,2023-02-26,98.7
GC-501564-R1,GC-501564,2023-04-09,72.06
GC-501568-R1,GC-501568,2022-08-12,95.67
GC-501569-R1,GC-501569,2023-09-17,194.35
GC-501570-R1,GC-501570,2024-08-23,183.8
GC-501571-R1,GC-501571,2025-06-06,23.02
GC-501572-R1,GC-501572,2024-09-15,23.84
GC-501573-R1,GC-501573,2023-07-07,8.89
GC-501573-R2,GC-501573,2023-12-07,5.09
GC-501573-R3,GC-501573,2024-05-07,9.62
GC-501574-R1,GC-501574,2024-06-06,197.73
GC-501575-R1,GC-501575,2022-04-02,33.81
GC-501575-R2,GC-501575,2022-09-02,17.73
GC-501575-R3,GC-501575,2022-12-02,44.47
GC-501577-R1,GC-501577,2024-10-20,16.54
GC-501577-R2,GC-501577,2024-12-20,6.79
GC-501578-R1,GC-501578,2022-09-13,31.34
GC-501578-R2,GC-501578,2022-11-13,10.81
GC-501578-R3,GC-501578,2023-04-13,30.13
GC-501579-R1,GC-501579,2023-12-18,33.8
GC-501579-R2,GC-501579,2024-02-18,17.0
GC-501579-R3,GC-501579,2024-04-18,17.3
GC-501579-R4,GC-501579,2024-06-18,10.45
GC-501579-R5,GC-501579,2024-11-18,12.48
GC-501580-R1,GC-501580,2023-11-07,96.53
GC-501581-R1,GC-501581,2023-09-23,31.54
GC-501581-R2,GC-501581,2023-12-23,12.97
GC-501581-R3,GC-501581,2024-04-23,9.51
GC-501581-R4,GC-501581,2024-08-23,3.28
GC-501581-R5,GC-501581,2024-12-23,12.98
GC-501582-R1,GC-501582,2024-06-17,99.58
GC-501582-R2,GC-501582,2024-06-30,-25.96
GC-501583-R1,GC-501583,2023-09-07,23.3
GC-501584-R1,GC-501584,2024-03-13,142.54
GC-501585-R1,GC-501585,2023-08-13,90.45
GC-501586-R1,GC-501586,2024-08-09,59.29
GC-501586-R2,GC-501586,2024-09-09,28.29
GC-501586-R3,GC-501586,2024-12-09,28.89
GC-501587-R1,GC-501587,2023-08-17,91.34
GC-501588-R1,GC-501588,2022-11-07,139.48
GC-501590-R1,GC-501590,2024-12-26,180.44
GC-501591-R1,GC-501591,2024-04-10,197.69
GC-501592-R1,GC-501592,2024-10-01,41.54
GC-501592-R2,GC-501592,2024-10-14,-19.93
GC-501593-R1,GC-501593,2023-09-02,94.27
GC-501594-R1,GC-501594,2022-10-04,31.24
GC-501594-R2,GC-501594,2023-01-04,15.9
GC-501594-R3,GC-501594,2023-05-04,20.48
GC-501596-R1,GC-501596,2023-09-19,48.99
GC-501597-R1,GC-501597,2024-08-31,199.86
GC-501599-R1,GC-501599,2024-07-18,220.17
GC-501600-R1,GC-501600,2022-04-14,90.19
GC-501601-R1,GC-501601,2023-08-15,62.54
GC-501601-R2,GC-501601,2024-01-15,39.44
GC-501601-R3,GC-501601,2024-06-15,10.6
GC-501601-R4,GC-501601,2024-08-15,32.54
GC-501603-R1,GC-501603,2022-11-18,29.67
GC-501603-R2,GC-501603,2023-01-18,13.09
GC-501603-R3,GC-501603,2023-05-18,15.86
GC-501603-R4,GC-501603,2023-07-18,16.04
GC-501604-R1,GC-501604,2023-12-28,60.1
GC-501605-R1,GC-501605,2022-02-22,197.08
GC-501606-R1,GC-501606,2024-07-17,22.59
GC-501606-R2,GC-501606,2024-12-17,11.11
GC-501607-R1,GC-501607,2022-12-12,24.85
GC-501608-R1,GC-501608,2024-05-12,49.93
GC-501609-R1,GC-501609,2023-09-07,24.86
GC-501610-R1,GC-501610,2024-07-28,33.96
GC-501610-R2,GC-501610,2024-10-28,9.74
GC-501610-R3,GC-501610,2024-11-28,26.5
GC-501612-R1,GC-501612,2022-11-16,47.82
GC-501613-R1,GC-501613,2025-01-20,23.99
GC-501614-R1,GC-501614,2024-07-01,48.09
GC-501614-R2,GC-501614,2024-09-01,15.52
GC-501614-R3,GC-501614,2024-10-01,34.62
GC-501617-R1,GC-501617,2022-11-09,23.85
GC-501618-R1,GC-501618,2023-02-20,23.37
GC-501619-R1,GC-501619,2024-04-19,99.83
GC-501620-R1,GC-501620,2022-12-03,53.44
GC-501620-R2,GC-501620,2023-05-03,39.2
GC-501620-R3,GC-501620,2023-10-03,34.99
GC-501620-R4,GC-501620,2023-11-03,52.38
GC-501621-R1,GC-501621,2024-11-06,137.94
GC-501623-R1,GC-501623,2022-08-14,46.25
GC-501625-R1,GC-501625,2023-02-27,93.75
GC-501626-R1,GC-501626,2024-02-28,13.65
GC-501626-R2,GC-501626,2024-03-01,-6.15
GC-501627-R1,GC-501627,2023-01-28,26.27
GC-501627-R2,GC-501627,2023-06-28,13.29
GC-501627-R3,GC-501627,2023-08-28,9.42
GC-501627-R4,GC-501627,2023-11-28,18.61
GC-501628-R1,GC-501628,2024-06-30,185.59
GC-501629-R1,GC-501629,2023-05-17,29.34
GC-501629-R2,GC-501629,2023-08-17,18.97
GC-501629-R3,GC-501629,2023-11-17,5.53
GC-501629-R4,GC-501629,2024-02-17,6.46
GC-501629-R5,GC-501629,2024-03-17,13.25
GC-501630-R1,GC-501630,2023-10-16,49.88
GC-501631-R1,GC-501631,2024-01-28,17.78
GC-501631-R2,GC-501631,2024-06-28,13.45
GC-501631-R3,GC-501631,2024-08-28,38.57
GC-501635-R1,GC-501635,2022-11-08,141.36
GC-501637-R1,GC-501637,2023-12-22,198.76
GC-501638-R1,GC-501638,2023-10-01,154.21
GC-501638-R2,GC-501638,2023-10-05,-37.49
GC-501639-R1,GC-501639,2023-07-12,21.72
GC-501639-R2,GC-501639,2023-08-12,7.1
GC-501639-R3,GC-501639,2023-11-12,19.41
GC-501640-R1,GC-501640,2024-05-02,212.55
GC-501641-R1,GC-501641,2023-08-19,10.39
GC-501641-R2,GC-501641,2024-01-19,4.68
GC-501641-R3,GC-501641,2024-05-19,2.61
GC-501641-R4,GC-501641,2024-06-19,2.32
GC-501641-R5,GC-501641,2024-11-19,4.09
GC-501642-R1,GC-501642,2023-03-11,84.33
GC-501642-R2,GC-501642,2023-06-11,23.97
GC-501642-R3,GC-501642,2023-10-11,78.53
GC-501643-R1,GC-501643,2023-02-11,70.41
GC-501643-R2,GC-501643,2023-03-11,63.36
GC-501643-R3,GC-501643,2023-08-11,31.0
GC-501643-R4,GC-501643,2023-11-11,32.54
GC-501645-R1,GC-501645,2023-10-19,42.77
GC-501645-R2,GC-501645,2023-11-19,61.01
GC-501645-R3,GC-501645,2024-03-19,23.57
GC-501645-R4,GC-501645,2024-07-19,62.81
GC-501646-R1,GC-501646,2024-06-23,68.28
GC-501651-R1,GC-501651,2024-12-01,54.32
GC-501652-R1,GC-501652,2023-04-06,198.92
GC-501653-R1,GC-501653,2024-10-24,24.58
GC-501653-R2,GC-501653,2024-11-24,14.59
GC-501654-R1,GC-501654,2023-03-17,144.72
GC-501656-R1,GC-501656,2022-09-27,10.29
GC-501656-R2,GC-501656,2022-11-27,3.86
GC-501656-R3,GC-501656,2023-03-27,3.04
GC-501656-R4,GC-501656,2023-07-27,6.91
GC-501657-R1,GC-501657,2023-01-23,67.62
GC-501660-R1,GC-501660,2023-10-24,43.17
GC-501660-R2,GC-501660,2024-01-24,55.16
GC-501660-R3,GC-501660,2024-02-24,88.47
GC-501661-R1,GC-501661,2023-06-06,23.11
GC-501662-R1,GC-501662,2024-11-09,199.67
GC-501663-R1,GC-501663,2023-07-19,16.11
GC-501663-R2,GC-501663,2023-07-28,-5.23
GC-501665-R1,GC-501665,2024-06-03,31.26
GC-501666-R1,GC-501666,2023-05-26,88.24
GC-501666-R2,GC-501666,2023-06-10,-43.76
GC-501667-R1,GC-501667,2023-02-21,39.08
GC-501667-R2,GC-501667,2023-05-21,44.25
GC-501667-R3,GC-501667,2023-10-21,62.3
GC-501668-R1,GC-501668,2024-12-10,55.67
GC-501669-R1,GC-501669,2022-04-15,95.59
GC-501670-R1,GC-501670,2022-12-28,136.18
GC-501670-R2,GC-501670,2023-01-10,-28.36
GC-501671-R1,GC-501671,2024-09-01,49.93
GC-501673-R1,GC-501673,2023-10-26,135.79
GC-501674-R1,GC-501674,2022-06-02,23.82
GC-501675-R1,GC-501675,2023-04-03,5.47
GC-501675-R2,GC-501675,2023-08-03,6.94
GC-501675-R3,GC-501675,2023-12-03,11.71
GC-501676-R1,GC-501676,2024-05-20,28.02
GC-501676-R2,GC-501676,2024-09-20,29.39
GC-501677-R1,GC-501677,2023-02-13,27.78
GC-501677-R2,GC-501677,2023-03-13,22.94
GC-501677-R3,GC-501677,2023-04-13,19.15
GC-501677-R4,GC-501677,2023-05-13,10.95
GC-501677-R5,GC-501677,2023-06-13,11.19
GC-501678-R1,GC-501678,2022-10-15,7.86
GC-501678-R2,GC-501678,2022-11-15,7.5
GC-501678-R3,GC-501678,2023-04-15,9.55
GC-501681-R1,GC-501681,2023-01-15,196.92
GC-501682-R1,GC-501682,2024-09-28,65.15
GC-501682-R2,GC-501682,2024-10-28,21.46
GC-501682-R3,GC-501682,2024-12-28,48.97
GC-501683-R1,GC-501683,2023-04-09,91.93
GC-501684-R1,GC-501684,2024-07-24,147.48
GC-501685-R1,GC-501685,2022-11-15,46.83
GC-501687-R1,GC-501687,2022-12-22,9.0
GC-501687-R2,GC-501687,2023-05-22,5.4
GC-501687-R3,GC-501687,2023-10-22,3.84
GC-501687-R4,GC-501687,2024-01-22,1.75
GC-501687-R5,GC-501687,2024-05-22,4.17
GC-501688-R1,GC-501688,2023-09-23,32.67
GC-501688-R2,GC-501688,2023-12-23,22.61
GC-501688-R3,GC-501688,2024-05-23,12.27
GC-501688-R4,GC-501688,2024-09-23,26.49
GC-501689-R1,GC-501689,2022-08-23,22.97
GC-501690-R1,GC-501690,2023-03-22,23.04
GC-501690-R2,GC-501690,2023-06-22,24.46
GC-501690-R3,GC-501690,2023-07-22,25.54
GC-501694-R1,GC-501694,2022-06-03,49.5
GC-501695-R1,GC-501695,2023-07-08,30.82
GC-501698-R1,GC-501698,2023-06-24,88.64
GC-501698-R2,GC-501698,2023-10-24,31.07
GC-501698-R3,GC-501698,2023-12-24,78.56
GC-501699-R1,GC-501699,2023-10-04,5.74
GC-501699-R2,GC-501699,2023-12-04,4.05
GC-501699-R3,GC-501699,2024-01-04,3.35
GC-501699-R4,GC-501699,2024-05-04,2.4
GC-501699-R5,GC-501699,2024-10-04,8.53
GC-501703-R1,GC-501703,2023-03-16,40.27
GC-501703-R2,GC-501703,2023-07-16,28.0
GC-501703-R3,GC-501703,2023-08-16,81.66
GC-501704-R1,GC-501704,2024-10-11,70.79
GC-501705-R1,GC-501705,2024-10-28,48.62
GC-501706-R1,GC-501706,2024-05-01,46.75
GC-501707-R1,GC-501707,2024-05-12,19.3
GC-501707-R2,GC-501707,2024-08-12,12.09
GC-501707-R3,GC-501707,2024-12-12,18.34
GC-501708-R1,GC-501708,2024-08-21,17.48
GC-501708-R2,GC-501708,2024-11-21,6.63
GC-501708-R3,GC-501708,2024-12-21,23.9
GC-501709-R1,GC-501709,2025-01-26,24.05
GC-501710-R1,GC-501710,2022-03-20,24.21
GC-501711-R1,GC-501711,2022-09-28,136.79
GC-501712-R1,GC-501712,2022-10-01,55.95
GC-501712-R2,GC-501712,2023-03-01,44.41
GC-501712-R3,GC-501712,2023-05-01,38.92
GC-501712-R4,GC-501712,2023-10-01,15.73
GC-501712-R5,GC-501712,2024-02-01,41.47
GC-501713-R1,GC-501713,2023-01-10,148.19
GC-501714-R1,GC-501714,2024-09-06,46.84
GC-501715-R1,GC-501715,2024-01-22,94.1
GC-501716-R1,GC-501716,2023-01-14,29.01
GC-501716-R2,GC-501716,2023-05-14,19.45
GC-501716-R3,GC-501716,2023-09-14,6.37
GC-501716-R4,GC-501716,2023-12-14,14.23
GC-501717-R1,GC-501717,2022-10-28,138.09
GC-501718-R1,GC-501718,2023-07-03,89.76
GC-501718-R2,GC-501718,2023-11-03,33.09
GC-501718-R3,GC-501718,2024-02-03,19.23
GC-501718-R4,GC-501718,2024-04-03,53.6
GC-501721-R1,GC-501721,2024-12-25,49.72
GC-501722-R1,GC-501722,2023-01-01,193.61
GC-501723-R1,GC-501723,2023-07-10,93.16
GC-501725-R1,GC-501725,2022-07-18,25.17
GC-501726-R1,GC-501726,2023-12-04,40.74
GC-501726-R2,GC-501726,2023-12-11,-15.77
GC-501727-R1,GC-501727,2024-12-03,18.05
GC-501728-R1,GC-501728,2024-09-28,57.77
GC-501728-R2,GC-501728,2024-12-28,36.99
GC-501729-R1,GC-501729,2023-01-28,24.39
GC-501732-R1,GC-501732,2024-01-06,24.72
GC-501733-R1,GC-501733,2024-03-24,24.98
GC-501734-R1,GC-501734,2023-12-22,7.13
GC-501735-R1,GC-501735,2023-01-13,23.91
GC-501735-R2,GC-501735,2023-03-13,9.71
GC-501735-R3,GC-501735,2023-05-13,14.49
GC-501735-R4,GC-501735,2023-08-13,6.97
GC-501735-R5,GC-501735,2023-12-13,13.86
GC-501737-R1,GC-501737,2024-03-13,11.51
GC-501737-R2,GC-501737,2024-03-24,-2.37
GC-501742-R1,GC-501742,2024-04-15,22.56
GC-501743-R1,GC-501743,2023-11-13,46.87
GC-501744-R1,GC-501744,2022-07-09,24.31
GC-501745-R1,GC-501745,2023-01-16,162.33
GC-501745-R2,GC-501745,2023-01-19,-62.3
GC-501746-R1,GC-501746,2023-03-12,198.53
GC-501747-R1,GC-501747,2022-01-08,184.66
GC-501750-R1,GC-501750,2023-03-14,12.66
GC-501750-R2,GC-501750,2023-03-24,-4.72
GC-501751-R1,GC-501751,2023-12-11,22.97
GC-501752-R1,GC-501752,2024-06-19,37.02
GC-501752-R2,GC-501752,2024-09-19,45.82
GC-501752-R3,GC-501752,2024-11-19,20.33
GC-501753-R1,GC-501753,2022-12-27,8.75
GC-501753-R2,GC-501753,2023-04-27,3.12
GC-501753-R3,GC-501753,2023-08-27,2.2
GC-501753-R4,GC-501753,2023-09-27,2.54
GC-501753-R5,GC-501753,2023-12-27,6.05
GC-501754-R1,GC-501754,2023-07-08,70.88
GC-501755-R1,GC-501755,2024-12-20,34.31
GC-501756-R1,GC-501756,2023-08-28,70.57
GC-501757-R1,GC-501757,2024-08-20,91.53
GC-501758-R1,GC-501758,2023-04-20,70.36
GC-501760-R1,GC-501760,2023-02-06,46.08
GC-501761-R1,GC-501761,2023-12-09,12.78
GC-501761-R2,GC-501761,2024-02-09,11.18
GC-501761-R3,GC-501761,2024-06-09,6.98
GC-501761-R4,GC-501761,2024-08-09,14.17
GC-501762-R1,GC-501762,2022-10-03,6.5
GC-501762-R2,GC-501762,2022-12-03,5.75
GC-501762-R3,GC-501762,2023-04-03,4.6
GC-501762-R4,GC-501762,2023-08-03,5.82
GC-501764-R1,GC-501764,2022-11-07,14.81
GC-501764-R2,GC-501764,2023-03-07,7.19
GC-501764-R3,GC-501764,2023-07-07,7.98
GC-501764-R4,GC-501764,2023-09-07,17.67
GC-501766-R1,GC-501766,2023-09-28,35.17
GC-501766-R2,GC-501766,2024-02-28,18.01
GC-501766-R3,GC-501766,2024-04-28,18.65
GC-501767-R1,GC-501767,2023-09-26,142.05
GC-501768-R1,GC-501768,2024-07-26,65.73
GC-501768-R2,GC-501768,2024-10-26,16.31
GC-501769-R1,GC-501769,2023-08-05,46.82
GC-501770-R1,GC-501770,2024-11-03,23.32
GC-501771-R1,GC-501771,2022-12-27,31.82
GC-501771-R2,GC-501771,2023-02-27,19.16
GC-501771-R3,GC-501771,2023-07-27,7.69
GC-501771-R4,GC-501771,2023-10-27,5.24
GC-501771-R5,GC-501771,2023-12-27,7.23
GC-501774-R1,GC-501774,2022-10-11,47.68
GC-501775-R1,GC-501775,2023-01-18,97.58
GC-501776-R1,GC-501776,2023-09-20,57.03
GC-501776-R2,GC-501776,2023-10-20,32.04
GC-501776-R3,GC-501776,2024-01-20,37.7
GC-501776-R4,GC-501776,2024-04-20,15.85
GC-501776-R5,GC-501776,2024-08-20,49.51
GC-501777-R1,GC-501777,2022-07-22,43.49
GC-501777-R2,GC-501777,2022-08-22,20.82
GC-501777-R3,GC-501777,2022-11-22,11.89
GC-501777-R4,GC-501777,2023-04-22,20.26
GC-501778-R1,GC-501778,2024-11-13,194.35
GC-501779-R1,GC-501779,2022-11-14,25.44
GC-501780-R1,GC-501780,2024-01-18,23.53
GC-501781-R1,GC-501781,2022-10-08,43.09
GC-501781-R2,GC-501781,2022-12-08,17.84
GC-501781-R3,GC-501781,2023-01-08,35.49
GC-501783-R1,GC-501783,2023-04-12,22.61
GC-501786-R1,GC-501786,2022-09-20,47.95
GC-501788-R1,GC-501788,2023-05-03,45.76
GC-501789-R1,GC-501789,2023-07-28,71.33
GC-501790-R1,GC-501790,2024-02-17,24.9
GC-501790-R2,GC-501790,2024-06-17,18.8
GC-501790-R3,GC-501790,2024-11-17,13.16
GC-501791-R1,GC-501791,2022-08-26,98.05
GC-501793-R1,GC-501793,2024-07-10,24.12
GC-501794-R1,GC-501794,2023-04-21,23.27
GC-501795-R1,GC-501795,2023-07-27,80.02
GC-501795-R2,GC-501795,2023-11-27,37.07
GC-501795-R3,GC-501795,2024-04-27,20.19
GC-501795-R4,GC-501795,2024-06-27,50.49
GC-501796-R1,GC-501796,2023-12-08,24.05
GC-501797-R1,GC-501797,2023-09-14,50.73
GC-501797-R2,GC-501797,2023-09-19,-19.97
GC-501798-R1,GC-501798,2024-08-03,70.63
GC-501799-R1,GC-501799,2022-10-03,49.74
GC-501800-R1,GC-501800,2024-09-17,22.78
GC-501801-R1,GC-501801,2023-09-14,6.42
GC-501801-R2,GC-501801,2024-01-14,7.2
GC-501801-R3,GC-501801,2024-02-14,2.25
GC-501801-R4,GC-501801,2024-06-14,3.77
GC-501801-R5,GC-501801,2024-10-14,4.62
GC-501802-R1,GC-501802,2022-03-28,18.92
GC-501802-R2,GC-501802,2022-04-10,-6.5
GC-501803-R1,GC-501803,2022-07-19,74.72
GC-501804-R1,GC-501804,2023-07-04,24.68
GC-501805-R1,GC-501805,2024-11-27,196.97
GC-501806-R1,GC-501806,2024-06-23,34.57
GC-501806-R2,GC-501806,2024-09-23,25.6
GC-501806-R3,GC-501806,2024-12-23,11.36
GC-501807-R1,GC-501807,2024-07-02,73.25
GC-501808-R1,GC-501808,2024-07-15,43.38
GC-501808-R2,GC-501808,2024-11-15,15.92
GC-501809-R1,GC-501809,2022-05-28,71.36
GC-501810-R1,GC-501810,2022-12-06,49.89
GC-501811-R1,GC-501811,2024-06-08,39.57
GC-501811-R2,GC-501811,2024-11-08,41.37
GC-501813-R1,GC-501813,2024-05-19,196.39
GC-501814-R1,GC-501814,2023-01-06,192.88
GC-501816-R1,GC-501816,2023-07-11,15.26
GC-501816-R2,GC-501816,2023-08-11,16.87
GC-501816-R3,GC-501816,2023-10-11,41.56
GC-501817-R1,GC-501817,2022-07-27,70.89
GC-501818-R1,GC-501818,2022-04-22,45.83
GC-501818-R2,GC-501818,2022-09-22,44.57
GC-501818-R3,GC-501818,2023-02-22,49.1
GC-501819-R1,GC-501819,2025-03-03,93.2
GC-501827-R1,GC-501827,2022-08-10,39.39
GC-501827-R2,GC-501827,2022-10-10,20.64
GC-501827-R3,GC-501827,2023-03-10,76.74
GC-501829-R1,GC-501829,2024-09-28,23.47
GC-501830-R1,GC-501830,2023-10-28,46.12
GC-501831-R1,GC-501831,2024-11-28,22.75
GC-501833-R1,GC-501833,2025-03-11,72.26
GC-501834-R1,GC-501834,2023-07-26,145.53
GC-501835-R1,GC-501835,2024-02-03,95.07
GC-501837-R1,GC-501837,2024-03-04,52.09
GC-501837-R2,GC-501837,2024-03-07,-19.16
GC-501839-R1,GC-501839,2024-07-01,146.82
GC-501840-R1,GC-501840,2025-01-22,74.1
GC-501841-R1,GC-501841,2023-05-14,59.95
GC-501841-R2,GC-501841,2023-10-14,59.28
GC-501841-R3,GC-501841,2023-11-14,70.27
GC-501842-R1,GC-501842,2023-01-18,49.31
GC-501843-R1,GC-501843,2024-05-04,195.07
GC-501844-R1,GC-501844,2023-08-22,24.38
GC-501845-R1,GC-501845,2022-07-26,87.72
GC-501845-R2,GC-501845,2022-09-26,45.35
GC-501845-R3,GC-501845,2022-11-26,21.13
GC-501845-R4,GC-501845,2023-04-26,40.33
GC-501846-R1,GC-501846,2023-03-19,54.26
GC-501846-R2,GC-501846,2023-07-19,19.47
GC-501846-R3,GC-501846,2023-08-19,69.09
GC-501847-R1,GC-501847,2022-06-23,31.77
GC-501847-R2,GC-501847,2022-11-23,11.53
GC-501847-R3,GC-501847,2023-02-23,12.4
GC-501847-R4,GC-501847,2023-06-23,14.75
GC-501849-R1,GC-501849,2023-03-09,24.21
GC-501849-R2,GC-501849,2023-04-09,12.11
GC-501849-R3,GC-501849,2023-07-09,15.3
GC-501849-R4,GC-501849,2023-10-09,16.56
GC-501851-R1,GC-501851,2024-02-20,23.35
GC-501851-R2,GC-501851,2024-04-20,20.68
GC-501851-R3,GC-501851,2024-06-20,12.05
GC-501851-R4,GC-501851,2024-09-20,15.3
GC-501852-R1,GC-501852,2024-04-11,143.29
GC-501854-R1,GC-501854,2024-03-22,81.44
GC-501854-R2,GC-501854,2024-08-22,38.75
GC-501854-R3,GC-501854,2024-11-22,18.54
GC-501855-R1,GC-501855,2023-07-02,31.4
GC-501857-R1,GC-501857,2023-10-28,31.88
GC-501857-R2,GC-501857,2024-01-28,15.19
GC-501857-R3,GC-501857,2024-03-28,49.21
GC-501858-R1,GC-501858,2024-06-11,6.91
GC-501858-R2,GC-501858,2024-07-11,8.46
GC-501858-R3,GC-501858,2024-11-11,2.42
GC-501862-R1,GC-501862,2023-01-18,47.71
GC-501863-R1,GC-501863,2024-10-07,22.74
GC-501865-R1,GC-501865,2022-12-08,16.14
GC-501865-R2,GC-501865,2023-02-08,7.41
GC-501865-R3,GC-501865,2023-03-08,8.0
GC-501865-R4,GC-501865,2023-07-08,5.59
GC-501865-R5,GC-501865,2023-11-08,11.22
GC-501869-R1,GC-501869,2024-07-07,21.87
GC-501869-R2,GC-501869,2024-11-07,9.39
GC-501871-R1,GC-501871,2024-06-07,70.2
GC-501872-R1,GC-501872,2024-07-18,92.55
GC-501875-R1,GC-501875,2022-10-09,64.18
GC-501875-R2,GC-501875,2023-01-09,30.77
GC-501875-R3,GC-501875,2023-05-09,27.25
GC-501875-R4,GC-501875,2023-07-09,18.5
GC-501875-R5,GC-501875,2023-10-09,50.36
GC-501877-R1,GC-501877,2023-02-27,29.14
GC-501877-R2,GC-501877,2023-04-27,43.0
GC-501877-R3,GC-501877,2023-05-27,69.91
GC-501878-R1,GC-501878,2022-08-14,47.67
GC-501879-R1,GC-501879,2023-01-02,148.98
GC-501880-R1,GC-501880,2023-04-18,35.4
GC-501880-R2,GC-501880,2023-05-18,38.09
GC-501880-R3,GC-501880,2023-07-18,73.71
GC-501881-R1,GC-501881,2024-02-23,29.38
GC-501881-R2,GC-501881,2024-04-23,16.3
GC-501881-R3,GC-501881,2024-05-23,5.57
GC-501881-R4,GC-501881,2024-09-23,4.75
GC-501881-R5,GC-501881,2024-12-23,14.97
GC-501884-R1,GC-501884,2024-07-28,91.67
GC-501885-R1,GC-501885,2024-03-28,149.92
GC-501886-R1,GC-501886,2024-03-23,18.61
GC-501886-R2,GC-501886,2024-05-23,17.32
GC-501886-R3,GC-501886,2024-10-23,34.37
GC-501888-R1,GC-501888,2023-10-02,22.64
GC-501888-R2,GC-501888,2023-11-02,19.71
GC-501888-R3,GC-501888,2024-01-02,52.31
GC-501890-R1,GC-501890,2022-07-09,33.69
GC-501890-R2,GC-501890,2022-11-09,8.04
GC-501890-R3,GC-501890,2023-02-09,7.34
GC-501890-R4,GC-501890,2023-07-09,21.09
GC-501892-R1,GC-501892,2022-06-20,14.46
GC-501892-R2,GC-501892,2022-11-20,11.39
GC-501892-R3,GC-501892,2023-04-20,6.64
GC-501892-R4,GC-501892,2023-07-20,15.66
GC-501893-R1,GC-501893,2024-12-08,24.71
GC-501895-R1,GC-501895,2023-02-11,17.62
GC-501895-R2,GC-501895,2023-04-11,12.5
GC-501895-R3,GC-501895,2023-08-11,11.97
GC-501895-R4,GC-501895,2023-10-11,6.45
GC-501895-R5,GC-501895,2024-01-11,23.91
GC-501896-R1,GC-501896,2023-01-28,34.84
GC-501896-R2,GC-501896,2023-04-28,30.25
GC-501896-R3,GC-501896,2023-06-28,30.6
GC-501897-R1,GC-501897,2022-07-16,7.89
GC-501897-R2,GC-501897,2022-09-16,7.29
GC-501897-R3,GC-501897,2023-01-16,7.98
GC-501898-R1,GC-501898,2022-09-13,44.66
GC-501898-R2,GC-501898,2022-12-13,19.95
GC-501898-R3,GC-501898,2023-05-13,15.64
GC-501898-R4,GC-501898,2023-08-13,6.96
GC-501898-R5,GC-501898,2023-11-13,10.91
GC-501900-R1,GC-501900,2023-08-18,8.25
GC-501900-R2,GC-501900,2023-12-18,3.3
GC-501900-R3,GC-501900,2024-05-18,3.49
GC-501900-R4,GC-501900,2024-08-18,1.98
GC-501900-R5,GC-501900,2024-10-18,6.56
GC-501901-R1,GC-501901,2023-04-03,47.32
GC-501903-R1,GC-501903,2023-05-12,171.37
GC-501904-R1,GC-501904,2024-09-11,44.06
GC-501904-R2,GC-501904,2024-10-11,13.88
GC-501907-R1,GC-501907,2022-11-26,24.49
GC-501908-R1,GC-501908,2024-11-05,85.17
GC-501910-R1,GC-501910,2022-11-28,11.11
GC-501910-R2,GC-501910,2022-12-28,14.74
GC-501910-R3,GC-501910,2023-02-28,23.61
GC-501911-R1,GC-501911,2024-04-11,10.42
GC-501911-R2,GC-501911,2024-07-11,3.08
GC-501911-R3,GC-501911,2024-11-11,3.69
GC-501913-R1,GC-501913,2024-06-16,88.97
GC-501913-R2,GC-501913,2024-09-16,27.16
GC-501914-R1,GC-501914,2023-05-27,186.53
GC-501915-R1,GC-501915,2022-03-17,23.97
GC-501916-R1,GC-501916,2022-09-27,181.47
GC-501917-R1,GC-501917,2023-10-05,94.35
GC-501919-R1,GC-501919,2023-05-17,46.73
GC-501920-R1,GC-501920,2024-05-08,64.34
GC-501920-R2,GC-501920,2024-05-23,-19.18
GC-501921-R1,GC-501921,2024-12-07,183.68
GC-501922-R1,GC-501922,2024-07-01,26.86
GC-501922-R2,GC-501922,2024-12-01,25.06
GC-501924-R1,GC-501924,2024-02-20,22.76
GC-501925-R1,GC-501925,2024-11-09,72.6
GC-501928-R1,GC-501928,2024-01-18,35.1
GC-501928-R2,GC-501928,2024-02-18,18.95
GC-501928-R3,GC-501928,2024-06-18,17.43
GC-501928-R4,GC-501928,2024-11-18,18.97
GC-501929-R1,GC-501929,2023-05-18,61.56
GC-501929-R2,GC-501929,2023-10-18,21.21
GC-501929-R3,GC-501929,2024-01-18,11.19
GC-501929-R4,GC-501929,2024-03-18,9.42
GC-501929-R5,GC-501929,2024-07-18,34.96
GC-501930-R1,GC-501930,2024-09-24,90.48
GC-501931-R1,GC-501931,2024-05-13,148.03
GC-501933-R1,GC-501933,2023-09-26,145.89
GC-501935-R1,GC-501935,2022-02-18,49.66
GC-501936-R1,GC-501936,2023-07-11,49.53
GC-501938-R1,GC-501938,2022-07-06,24.63
GC-501939-R1,GC-501939,2023-12-08,8.29
GC-501939-R2,GC-501939,2024-01-08,5.55
GC-501939-R3,GC-501939,2024-06-08,3.0
GC-501939-R4,GC-501939,2024-07-08,2.32
GC-501939-R5,GC-501939,2024-08-08,5.25
GC-501940-R1,GC-501940,2023-05-28,21.06
GC-501940-R2,GC-501940,2023-06-28,13.27
GC-501940-R3,GC-501940,2023-08-28,13.4
GC-501941-R1,GC-501941,2024-03-02,30.76
GC-501941-R2,GC-501941,2024-07-02,50.99
GC-501941-R3,GC-501941,2024-11-02,15.13
GC-501942-R1,GC-501942,2023-04-11,23.71
GC-501942-R2,GC-501942,2023-06-11,10.99
GC-501942-R3,GC-501942,2023-10-11,4.92
GC-501942-R4,GC-501942,2024-02-11,2.68
GC-501942-R5,GC-501942,2024-05-11,5.81
GC-501948-R1,GC-501948,2024-10-02,92.93
GC-501949-R1,GC-501949,2023-01-08,29.59
GC-501950-R1,GC-501950,2022-10-02,14.08
GC-501950-R2,GC-501950,2023-01-02,16.1
GC-501950-R3,GC-501950,2023-02-02,17.46
GC-501950-R4,GC-501950,2023-07-02,20.42
GC-501951-R1,GC-501951,2024-01-24,24.94
GC-501952-R1,GC-501952,2023-01-10,47.91
GC-501953-R1,GC-501953,2024-02-28,148.69
GC-501955-R1,GC-501955,2023-12-01,5.33
GC-501955-R2,GC-501955,2024-05-01,3.78
GC-501955-R3,GC-501955,2024-09-01,15.03
GC-501958-R1,GC-501958,2022-07-04,48.64
GC-501959-R1,GC-501959,2024-08-04,24.2
GC-501961-R1,GC-501961,2025-03-16,59.22
GC-501961-R2,GC-501961,2025-03-22,-16.63
GC-501962-R1,GC-501962,2024-05-10,192.11
GC-501964-R1,GC-501964,2022-10-03,45.66
GC-501965-R1,GC-501965,2022-05-28,91.33
GC-501966-R1,GC-501966,2023-01-06,48.59
GC-501967-R1,GC-501967,2023-01-08,47.24
GC-501968-R1,GC-501968,2024-05-26,37.42
GC-501968-R2,GC-501968,2024-07-26,14.77
GC-501968-R3,GC-501968,2024-10-26,10.67
GC-501968-R4,GC-501968,2024-12-26,30.93
GC-501969-R1,GC-501969,2024-12-28,90.49
GC-501970-R1,GC-501970,2022-06-06,87.85
GC-501970-R2,GC-501970,2022-08-06,28.88
GC-501970-R3,GC-501970,2022-10-06,23.75
GC-501970-R4,GC-501970,2022-11-06,48.69
GC-501972-R1,GC-501972,2023-09-19,19.02
GC-501972-R2,GC-501972,2023-11-19,29.0
GC-501972-R3,GC-501972,2024-03-19,11.87
GC-501972-R4,GC-501972,2024-08-19,32.81
GC-501973-R1,GC-501973,2022-11-24,20.53
GC-501973-R2,GC-501973,2023-04-24,23.04
GC-501973-R3,GC-501973,2023-08-24,6.05
GC-501973-R4,GC-501973,2024-01-24,11.35
GC-501973-R5,GC-501973,2024-02-24,11.94
GC-501976-R1,GC-501976,2024-05-09,67.51
GC-501978-R1,GC-501978,2024-02-01,94.72
GC-501979-R1,GC-501979,2022-06-04,71.04
GC-501980-R1,GC-501980,2023-08-12,135.25
GC-501981-R1,GC-501981,2023-05-19,5.31
GC-501981-R2,GC-501981,2023-10-19,5.88
GC-501981-R3,GC-501981,2023-12-19,3.15
GC-501981-R4,GC-501981,2024-02-19,2.3
GC-501981-R5,GC-501981,2024-03-19,6.37
GC-501982-R1,GC-501982,2023-12-10,67.27
GC-501984-R1,GC-501984,2023-06-28,154.8
GC-501985-R1,GC-501985,2023-03-09,236.09
GC-501987-R1,GC-501987,2023-10-23,112.6
GC-501989-R1,GC-501989,2023-02-28,46.17
GC-501990-R1,GC-501990,2023-06-05,46.47
GC-501991-R1,GC-501991,2022-10-15,24.31
GC-501993-R1,GC-501993,2024-06-14,10.9
GC-501993-R2,GC-501993,2024-08-14,9.48
GC-501993-R3,GC-501993,2024-10-14,8.6
GC-501996-R1,GC-501996,2024-10-18,91.72
GC-501997-R1,GC-501997,2023-10-10,138.21
GC-501998-R1,GC-501998,2024-09-11,22.93
GC-501998-R2,GC-501998,2024-11-11,35.17
GC-502000-R1,GC-502000,2022-05-19,47.7
GC-502001-R1,GC-502001,2022-08-14,143.16
GC-502002-R1,GC-502002,2022-11-21,34.46
GC-502002-R2,GC-502002,2023-01-21,23.15
GC-502002-R3,GC-502002,2023-05-21,38.89
GC-502002-R4,GC-502002,2023-07-21,46.56
GC-502003-R1,GC-502003,2023-06-28,181.79
GC-502004-R1,GC-502004,2024-05-25,190.93
GC-502005-R1,GC-502005,2023-01-04,32.53
GC-502005-R2,GC-502005,2023-02-04,19.47
GC-502005-R3,GC-502005,2023-03-04,22.95
GC-502008-R1,GC-502008,2022-05-28,199.37
GC-502011-R1,GC-502011,2023-09-12,148.65
GC-502014-R1,GC-502014,2024-05-13,67.07
GC-502014-R2,GC-502014,2024-09-13,37.52
GC-502014-R3,GC-502014,2024-10-13,22.27
GC-502014-R4,GC-502014,2024-12-13,26.35
GC-502015-R1,GC-502015,2024-03-21,56.57
GC-502015-R2,GC-502015,2024-04-21,45.5
GC-502015-R3,GC-502015,2024-05-21,78.91
GC-502017-R1,GC-502017,2024-11-28,73.4
GC-502018-R1,GC-502018,2024-02-14,22.65
GC-502020-R1,GC-502020,2024-08-20,185.17
GC-502022-R1,GC-502022,2024-08-28,45.77
GC-502025-R1,GC-502025,2025-02-18,24.26
GC-502025-R2,GC-502025,2025-03-05,-5.15
GC-502026-R1,GC-502026,2023-10-21,110.02
GC-502027-R1,GC-502027,2023-03-18,14.01
GC-502027-R2,GC-502027,2023-04-18,13.86
GC-502027-R3,GC-502027,2023-08-18,6.5
GC-502027-R4,GC-502027,2023-12-18,6.23
GC-502027-R5,GC-502027,2024-03-18,8.01
GC-502028-R1,GC-502028,2025-01-03,24.43
GC-502029-R1,GC-502029,2024-12-22,16.7
GC-502030-R1,GC-502030,2022-06-18,71.65
GC-502031-R1,GC-502031,2023-04-04,15.65
GC-502031-R2,GC-502031,2023-06-04,14.8
GC-502031-R3,GC-502031,2023-07-04,4.24
GC-502031-R4,GC-502031,2023-12-04,14.45
GC-502032-R1,GC-502032,2024-12-13,197.57
GC-502033-R1,GC-502033,2023-06-09,24.08
GC-502034-R1,GC-502034,2024-07-09,75.0
GC-502035-R1,GC-502035,2022-10-07,33.47
GC-502035-R2,GC-502035,2023-03-07,51.68
GC-502035-R3,GC-502035,2023-08-07,25.49
GC-502035-R4,GC-502035,2024-01-07,35.78
GC-502036-R1,GC-502036,2022-02-22,23.36
GC-502040-R1,GC-502040,2022-03-07,85.83
GC-502040-R2,GC-502040,2022-04-07,28.88
GC-502040-R3,GC-502040,2022-05-07,30.78
GC-502040-R4,GC-502040,2022-10-07,38.78
GC-502041-R1,GC-502041,2023-12-11,139.38
GC-502042-R1,GC-502042,2024-02-04,48.14
GC-502043-R1,GC-502043,2023-06-18,142.59
GC-502044-R1,GC-502044,2024-02-18,21.7
GC-502044-R2,GC-502044,2024-07-18,22.25
GC-502044-R3,GC-502044,2024-08-18,46.82
GC-502045-R1,GC-502045,2022-03-13,16.89
GC-502045-R2,GC-502045,2022-04-13,7.18
GC-502045-R3,GC-502045,2022-06-13,7.67
GC-502045-R4,GC-502045,2022-07-13,15.72
GC-502046-R1,GC-502046,2023-06-28,33.59
GC-502046-R2,GC-502046,2023-07-28,36.23
GC-502046-R3,GC-502046,2023-11-28,17.4
GC-502046-R4,GC-502046,2024-01-28,61.05
GC-502047-R1,GC-502047,2023-05-26,27.1
GC-502047-R2,GC-502047,2023-09-26,17.51
GC-502047-R3,GC-502047,2024-01-26,11.49
GC-502047-R4,GC-502047,2024-05-26,18.13
GC-502048-R1,GC-502048,2024-02-20,49.92
GC-502049-R1,GC-502049,2022-12-26,74.22
GC-502050-R1,GC-502050,2024-10-02,69.28
GC-502054-R1,GC-502054,2023-11-16,137.73
GC-502057-R1,GC-502057,2022-07-22,68.59
GC-502058-R1,GC-502058,2023-08-24,26.6
GC-502058-R2,GC-502058,2023-10-24,21.94
GC-502058-R3,GC-502058,2023-12-24,5.39
GC-502058-R4,GC-502058,2024-02-24,5.14
GC-502058-R5,GC-502058,2024-04-24,12.67
GC-502059-R1,GC-502059,2024-08-07,149.41
GC-502060-R1,GC-502060,2024-09-26,37.84
GC-502060-R2,GC-502060,2024-11-26,24.88
GC-502064-R1,GC-502064,2022-12-19,46.4
GC-502064-R2,GC-502064,2023-03-19,35.52
GC-502064-R3,GC-502064,2023-05-19,20.55
GC-502064-R4,GC-502064,2023-08-19,9.51
GC-502064-R5,GC-502064,2024-01-19,32.17
GC-502065-R1,GC-502065,2024-03-14,101.4
GC-502067-R1,GC-502067,2024-12-18,154.11
GC-502070-R1,GC-502070,2023-08-04,11.41
GC-502070-R2,GC-502070,2023-12-04,2.79
GC-502070-R3,GC-502070,2024-01-04,2.34
GC-502070-R4,GC-502070,2024-05-04,2.68
GC-502070-R5,GC-502070,2024-06-04,4.95
GC-502071-R1,GC-502071,2024-01-28,73.68
GC-502073-R1,GC-502073,2023-08-26,136.1
GC-502076-R1,GC-502076,2022-03-04,39.12
GC-502076-R2,GC-502076,2022-07-04,25.75
GC-502076-R3,GC-502076,2022-11-04,29.56
GC-502078-R1,GC-502078,2024-10-04,244.94
GC-502079-R1,GC-502079,2022-08-17,5.17
GC-502079-R2,GC-502079,2022-10-17,4.75
GC-502079-R3,GC-502079,2023-02-17,3.66
GC-502079-R4,GC-502079,2023-04-17,4.82
GC-502079-R5,GC-502079,2023-07-17,5.09
GC-502080-R1,GC-502080,2023-05-17,35.56
GC-502080-R2,GC-502080,2023-09-17,7.89
GC-502080-R3,GC-502080,2023-11-17,12.47
GC-502080-R4,GC-502080,2023-12-17,18.45
GC-502081-R1,GC-502081,2022-04-01,5.53
GC-502081-R2,GC-502081,2022-08-01,6.37
GC-502081-R3,GC-502081,2022-11-01,3.49
GC-502081-R4,GC-502081,2023-01-01,2.03
GC-502081-R5,GC-502081,2023-02-01,5.63
GC-502082-R1,GC-502082,2023-09-06,71.94
GC-502083-R1,GC-502083,2023-11-24,16.24
GC-502083-R2,GC-502083,2024-02-24,16.49
GC-502083-R3,GC-502083,2024-04-24,16.59
GC-502084-R1,GC-502084,2023-03-24,35.27
GC-502084-R2,GC-502084,2023-07-24,16.24
GC-502084-R3,GC-502084,2023-11-24,8.9
GC-502084-R4,GC-502084,2024-01-24,6.33
GC-502084-R5,GC-502084,2024-02-24,7.0
GC-502086-R1,GC-502086,2023-03-09,68.35
GC-502086-R2,GC-502086,2023-06-09,48.56
GC-502086-R3,GC-502086,2023-10-09,29.15
GC-502086-R4,GC-502086,2024-03-09,37.81
GC-502087-R1,GC-502087,2023-09-24,12.5
GC-502087-R2,GC-502087,2023-12-24,11.89
GC-502087-R3,GC-502087,2024-03-24,24.98
GC-502089-R1,GC-502089,2024-08-27,198.54
GC-502090-R1,GC-502090,2024-05-04,15.32
GC-502090-R2,GC-502090,2024-06-04,10.69
GC-502090-R3,GC-502090,2024-08-04,23.49
GC-502091-R1,GC-502091,2023-01-17,23.96
GC-502091-R2,GC-502091,2023-04-17,4.95
GC-502091-R3,GC-502091,2023-07-17,19.24
GC-502095-R1,GC-502095,2023-08-04,46.76
GC-502095-R2,GC-502095,2023-10-04,23.13
GC-502095-R3,GC-502095,2023-11-04,11.99
GC-502095-R4,GC-502095,2023-12-04,6.97
GC-502095-R5,GC-502095,2024-02-04,7.38
GC-502096-R1,GC-502096,2024-08-06,42.19
GC-502097-R1,GC-502097,2025-01-14,181.32
GC-502099-R1,GC-502099,2024-06-02,19.7
GC-502099-R2,GC-502099,2024-11-02,25.2
GC-502100-R1,GC-502100,2022-10-11,67.21
GC-502100-R2,GC-502100,2023-03-11,30.88
GC-502100-R3,GC-502100,2023-08-11,35.44
GC-502100-R4,GC-502100,2023-12-11,21.01
GC-502100-R5,GC-502100,2024-02-11,38.73
GC-502101-R1,GC-502101,2023-11-18,74.1
GC-502103-R1,GC-502103,2024-07-26,185.39
GC-502105-R1,GC-502105,2022-05-20,79.12
GC-502105-R2,GC-502105,2022-08-20,47.11
GC-502105-R3,GC-502105,2022-11-20,15.49
GC-502105-R4,GC-502105,2023-04-20,12.97
GC-502105-R5,GC-502105,2023-09-20,27.81
GC-502107-R1,GC-502107,2023-05-30,48.42
GC-502108-R1,GC-502108,2023-04-01,167.05
GC-502109-R1,GC-502109,2023-09-18,80.68
GC-502109-R2,GC-502109,2024-01-18,28.61
GC-502109-R3,GC-502109,2024-04-18,26.71
GC-502109-R4,GC-502109,2024-09-18,14.49
GC-502111-R1,GC-502111,2023-05-03,11.6
GC-502111-R2,GC-502111,2023-09-03,4.37
GC-502111-R3,GC-502111,2024-01-03,3.85
GC-502111-R4,GC-502111,2024-06-03,4.08
GC-502112-R1,GC-502112,2022-02-12,73.17
GC-502114-R1,GC-502114,2022-07-02,95.99
GC-502115-R1,GC-502115,2024-05-15,46.35
GC-502116-R1,GC-502116,2023-06-07,30.55
GC-502116-R2,GC-502116,2023-08-07,8.73
GC-502116-R3,GC-502116,2023-10-07,28.88
GC-502117-R1,GC-502117,2023-03-16,57.91
GC-502117-R2,GC-502117,2023-03-24,-19.35
GC-502118-R1,GC-502118,2023-05-04,138.99
GC-502119-R1,GC-502119,2022-07-28,28.14
GC-502119-R2,GC-502119,2022-12-28,13.91
GC-502119-R3,GC-502119,2023-01-28,10.22
GC-502119-R4,GC-502119,2023-03-28,7.08
GC-502119-R5,GC-502119,2023-04-28,9.48
GC-502120-R1,GC-502120,2024-05-10,12.25
GC-502120-R2,GC-502120,2024-07-10,17.77
GC-502120-R3,GC-502120,2024-12-10,8.5
GC-502121-R1,GC-502121,2022-05-15,142.6
GC-502122-R1,GC-502122,2024-11-24,73.97
GC-502124-R1,GC-502124,2024-03-15,57.35
GC-502124-R2,GC-502124,2024-08-15,65.99
GC-502124-R3,GC-502124,2024-09-15,32.61
GC-502125-R1,GC-502125,2022-08-22,24.71
GC-502127-R1,GC-502127,2023-10-26,24.5
GC-502128-R1,GC-502128,2022-05-12,26.07
GC-502128-R2,GC-502128,2022-07-12,18.22
GC-502128-R3,GC-502128,2022-10-12,7.8
GC-502128-R4,GC-502128,2023-03-12,6.79
GC-502128-R5,GC-502128,2023-07-12,12.22
GC-502131-R1,GC-502131,2024-06-26,85.7
GC-502131-R2,GC-502131,2024-09-26,24.81
GC-502131-R3,GC-502131,2024-10-26,24.91
GC-502131-R4,GC-502131,2024-12-26,18.43
GC-502132-R1,GC-502132,2023-07-25,46.0
GC-502133-R1,GC-502133,2023-09-20,22.65
GC-502134-R1,GC-502134,2023-09-17,71.17
GC-502135-R1,GC-502135,2024-01-08,54.93
GC-502135-R2,GC-502135,2024-03-08,36.0
GC-502135-R3,GC-502135,2024-06-08,16.01
GC-502135-R4,GC-502135,2024-09-08,8.49
GC-502135-R5,GC-502135,2024-12-08,22.05
GC-502136-R1,GC-502136,2024-06-28,46.89
GC-502137-R1,GC-502137,2022-11-03,23.78
GC-502138-R1,GC-502138,2023-09-09,11.46
GC-502138-R2,GC-502138,2024-01-09,3.04
GC-502138-R3,GC-502138,2024-05-09,8.98
GC-502139-R1,GC-502139,2023-03-11,241.53
GC-502140-R1,GC-502140,2024-02-28,26.81
GC-502140-R2,GC-502140,2024-03-07,-12.45
GC-502141-R1,GC-502141,2024-07-24,197.08
GC-502142-R1,GC-502142,2023-03-22,21.3
GC-502142-R2,GC-502142,2023-08-22,6.61
GC-502142-R3,GC-502142,2024-01-22,18.72
GC-502144-R1,GC-502144,2023-05-25,102.4
GC-502145-R1,GC-502145,2025-01-17,194.5
GC-502146-R1,GC-502146,2024-07-17,14.33
GC-502146-R2,GC-502146,2024-12-17,11.42
GC-502147-R1,GC-502147,2023-10-19,97.08
GC-502152-R1,GC-502152,2024-12-19,12.03
GC-502154-R1,GC-502154,2024-12-19,90.66
GC-502155-R1,GC-502155,2022-12-11,48.21
GC-502156-R1,GC-502156,2022-07-19,17.79
GC-502156-R2,GC-502156,2022-12-19,22.89
GC-502156-R3,GC-502156,2023-01-19,10.56
GC-502156-R4,GC-502156,2023-05-19,3.99
GC-502156-R5,GC-502156,2023-10-19,13.76
GC-502157-R1,GC-502157,2022-08-10,22.86
GC-502159-R1,GC-502159,2024-10-19,182.79
GC-502160-R1,GC-502160,2022-09-26,94.03
GC-502161-R1,GC-502161,2022-11-05,180.64
GC-502162-R1,GC-502162,2024-06-22,49.63
GC-502163-R1,GC-502163,2023-09-25,18.77
GC-502163-R2,GC-502163,2024-01-25,11.22
GC-502163-R3,GC-502163,2024-04-25,7.43
GC-502163-R4,GC-502163,2024-05-25,2.39
GC-502163-R5,GC-502163,2024-08-25,7.35
GC-502166-R1,GC-502166,2023-04-03,139.3
GC-502167-R1,GC-502167,2024-01-23,187.61
GC-502169-R1,GC-502169,2024-12-18,13.82
GC-502170-R1,GC-502170,2023-11-21,10.22
GC-502170-R2,GC-502170,2024-03-21,18.69
GC-502170-R3,GC-502170,2024-07-21,20.32
GC-502172-R1,GC-502172,2022-06-04,47.52
GC-502172-R2,GC-502172,2022-11-04,20.0
GC-502172-R3,GC-502172,2023-01-04,18.35
GC-502172-R4,GC-502172,2023-04-04,20.99
GC-502172-R5,GC-502172,2023-05-04,37.43
GC-502174-R1,GC-502174,2023-03-28,197.33
GC-502175-R1,GC-502175,2022-07-04,35.24
GC-502175-R2,GC-502175,2022-11-04,12.13
GC-502175-R3,GC-502175,2023-02-04,10.42
GC-502175-R4,GC-502175,2023-05-04,16.52
GC-502176-R1,GC-502176,2024-01-14,70.69
GC-502177-R1,GC-502177,2024-10-09,11.47
GC-502178-R1,GC-502178,2023-01-28,22.6
GC-502179-R1,GC-502179,2023-04-19,93.99
GC-502180-R1,GC-502180,2022-11-28,135.64
GC-502182-R1,GC-502182,2022-08-05,22.99
GC-502183-R1,GC-502183,2023-08-20,29.95
GC-502183-R2,GC-502183,2024-01-20,32.66
GC-502183-R3,GC-502183,2024-05-20,34.52
GC-502184-R1,GC-502184,2023-02-13,45.57
GC-502185-R1,GC-502185,2024-10-10,23.43
GC-502186-R1,GC-502186,2024-11-13,45.6
GC-502188-R1,GC-502188,2023-03-01,14.79
GC-502188-R2,GC-502188,2023-04-01,28.2
GC-502188-R3,GC-502188,2023-08-01,28.9
GC-502190-R1,GC-502190,2022-06-19,11.2
GC-502190-R2,GC-502190,2022-07-19,2.56
GC-502190-R3,GC-502190,2022-10-19,3.7
GC-502190-R4,GC-502190,2023-03-19,6.16
GC-502191-R1,GC-502191,2023-09-20,146.36
GC-502193-R1,GC-502193,2023-03-19,28.4
GC-502193-R2,GC-502193,2023-08-19,19.5
GC-502193-R3,GC-502193,2023-12-19,10.52
GC-502193-R4,GC-502193,2024-05-19,6.79
GC-502193-R5,GC-502193,2024-07-19,6.87
GC-502194-R1,GC-502194,2023-05-11,141.59
GC-502195-R1,GC-502195,2023-09-23,58.11
GC-502195-R2,GC-502195,2023-09-29,-28.23
GC-502197-R1,GC-502197,2023-06-10,55.56
GC-502197-R2,GC-502197,2023-11-10,65.46
GC-502197-R3,GC-502197,2024-04-10,24.29
GC-502197-R4,GC-502197,2024-05-10,10.67
GC-502197-R5,GC-502197,2024-08-10,37.8
GC-502198-R1,GC-502198,2024-10-01,20.13
GC-502199-R1,GC-502199,2023-01-05,90.55
GC-502200-R1,GC-502200,2023-06-24,149.16
GC-502201-R1,GC-502201,2024-12-01,148.27
GC-502202-R1,GC-502202,2022-09-05,99.63
GC-502203-R1,GC-502203,2024-09-17,135.46
GC-502204-R1,GC-502204,2024-03-28,71.51
GC-502205-R1,GC-502205,2024-03-28,146.06
GC-502206-R1,GC-502206,2024-02-05,23.85
GC-502211-R1,GC-502211,2024-12-06,47.84
GC-502213-R1,GC-502213,2022-12-01,35.78
GC-502213-R2,GC-502213,2023-02-01,19.16
GC-502213-R3,GC-502213,2023-07-01,13.29
GC-502213-R4,GC-502213,2023-10-01,22.89
GC-502215-R1,GC-502215,2023-10-23,30.07
GC-502216-R1,GC-502216,2024-05-25,51.28
GC-502217-R1,GC-502217,2025-03-13,45.32
GC-502218-R1,GC-502218,2022-08-28,55.65
GC-502219-R1,GC-502219,2023-09-18,38.3
GC-502219-R2,GC-502219,2024-01-18,35.47
GC-502219-R3,GC-502219,2024-06-18,16.94
GC-502219-R4,GC-502219,2024-07-18,21.43
GC-502219-R5,GC-502219,2024-09-18,24.74
GC-502220-R1,GC-502220,2024-04-04,49.95
GC-502221-R1,GC-502221,2022-07-20,24.06
GC-502222-R1,GC-502222,2023-05-16,60.46
GC-502223-R1,GC-502223,2023-07-23,91.08
GC-502224-R1,GC-502224,2022-03-01,49.91
GC-502226-R1,GC-502226,2024-02-08,23.41
GC-502226-R2,GC-502226,2024-03-08,22.08
GC-502226-R3,GC-502226,2024-06-08,7.26
GC-502226-R4,GC-502226,2024-11-08,6.0
GC-502226-R5,GC-502226,2024-12-08,12.47
GC-502227-R1,GC-502227,2024-11-18,24.43
GC-502228-R1,GC-502228,2022-04-09,149.35
GC-502229-R1,GC-502229,2022-11-25,29.7
GC-502229-R2,GC-502229,2023-02-25,14.85
GC-502229-R3,GC-502229,2023-06-25,9.14
GC-502229-R4,GC-502229,2023-09-25,5.24
GC-502229-R5,GC-502229,2024-02-25,9.17
GC-502232-R1,GC-502232,2023-12-02,32.4
GC-502232-R2,GC-502232,2024-05-02,25.61
GC-502232-R3,GC-502232,2024-10-02,32.68
GC-502232-R4,GC-502232,2024-11-02,21.87
GC-502233-R1,GC-502233,2023-05-20,98.89
GC-502234-R1,GC-502234,2025-02-28,96.83
GC-502235-R1,GC-502235,2024-05-19,21.42
GC-502235-R2,GC-502235,2024-10-19,19.94
GC-502239-R1,GC-502239,2024-09-09,23.39
GC-502239-R2,GC-502239,2024-12-09,20.82
GC-502241-R1,GC-502241,2024-10-16,48.91
GC-502242-R1,GC-502242,2022-11-25,31.68
GC-502242-R2,GC-502242,2023-01-25,16.28
GC-502242-R3,GC-502242,2023-04-25,8.81
GC-502242-R4,GC-502242,2023-05-25,12.67
GC-502243-R1,GC-502243,2024-04-23,29.42
GC-502243-R2,GC-502243,2024-08-23,10.57
GC-502243-R3,GC-502243,2024-10-23,32.04
GC-502244-R1,GC-502244,2023-01-09,68.86
GC-502246-R1,GC-502246,2024-04-10,7.08
GC-502246-R2,GC-502246,2024-09-10,6.94
GC-502246-R3,GC-502246,2024-12-10,8.68
GC-502247-R1,GC-502247,2025-03-24,99.93
GC-502248-R1,GC-502248,2022-12-10,71.01
GC-502248-R2,GC-502248,2023-02-10,18.56
GC-502248-R3,GC-502248,2023-03-10,13.39
GC-502248-R4,GC-502248,2023-08-10,18.49
GC-502248-R5,GC-502248,2023-11-10,21.29
GC-502250-R1,GC-502250,2022-12-09,90.76
GC-502251-R1,GC-502251,2023-03-10,69.22
GC-502252-R1,GC-502252,2023-04-30,72.72
GC-502254-R1,GC-502254,2023-10-27,46.55
GC-502255-R1,GC-502255,2024-11-06,70.22
GC-502257-R1,GC-502257,2024-08-14,182.91
GC-502258-R1,GC-502258,2023-01-14,26.37
GC-502259-R1,GC-502259,2022-08-23,39.54
GC-502259-R2,GC-502259,2022-10-23,20.62
GC-502259-R3,GC-502259,2022-11-23,38.85
GC-502261-R1,GC-502261,2023-07-26,135.91
GC-502262-R1,GC-502262,2022-06-27,72.86
GC-502263-R1,GC-502263,2024-02-28,142.55
GC-502264-R1,GC-502264,2024-12-09,67.59
GC-502265-R1,GC-502265,2022-06-22,42.75
GC-502265-R2,GC-502265,2022-09-22,25.66
GC-502265-R3,GC-502265,2022-12-22,7.18
GC-502265-R4,GC-502265,2023-03-22,5.24
GC-502265-R5,GC-502265,2023-07-22,13.58
GC-502267-R1,GC-502267,2023-08-22,195.69
GC-502268-R1,GC-502268,2023-10-09,54.51
GC-502268-R2,GC-502268,2024-03-09,34.63
GC-502268-R3,GC-502268,2024-08-09,17.67
GC-502268-R4,GC-502268,2024-12-09,14.91
GC-502269-R1,GC-502269,2023-02-14,60.39
GC-502272-R1,GC-502272,2023-10-02,68.49
GC-502274-R1,GC-502274,2023-01-06,93.33
GC-502274-R2,GC-502274,2023-06-06,26.27
GC-502274-R3,GC-502274,2023-08-06,26.13
GC-502274-R4,GC-502274,2024-01-06,47.46
GC-502275-R1,GC-502275,2024-03-11,45.61
GC-502278-R1,GC-502278,2024-11-11,28.44
GC-502278-R2,GC-502278,2024-12-11,17.99
GC-502279-R1,GC-502279,2023-08-16,223.19
GC-502280-R1,GC-502280,2024-10-12,53.9
GC-502280-R2,GC-502280,2024-11-12,27.12
GC-502283-R1,GC-502283,2024-07-11,88.55
GC-502283-R2,GC-502283,2024-11-11,47.13
GC-502284-R1,GC-502284,2022-10-04,49.93
GC-502285-R1,GC-502285,2023-12-26,115.8
GC-502286-R1,GC-502286,2022-04-03,135.23
GC-502287-R1,GC-502287,2024-09-09,46.47
GC-502288-R1,GC-502288,2024-04-26,96.07
GC-502290-R1,GC-502290,2024-09-25,59.75
GC-502290-R2,GC-502290,2024-12-25,58.84
GC-502292-R1,GC-502292,2023-09-28,24.86
GC-502294-R1,GC-502294,2022-05-28,23.88
GC-502295-R1,GC-502295,2023-02-13,32.39
GC-502295-R2,GC-502295,2023-05-13,25.21
GC-502295-R3,GC-502295,2023-07-13,36.01
GC-502296-R1,GC-502296,2023-12-28,137.77
GC-502299-R1,GC-502299,2024-04-16,136.12
GC-502301-R1,GC-502301,2024-02-08,23.3
GC-502302-R1,GC-502302,2023-02-17,71.23
GC-502303-R1,GC-502303,2022-06-12,212.81
GC-502304-R1,GC-502304,2024-09-28,17.24
GC-502305-R1,GC-502305,2023-09-28,5.64
GC-502305-R2,GC-502305,2023-12-28,7.09
GC-502305-R3,GC-502305,2024-02-28,2.27
GC-502305-R4,GC-502305,2024-06-28,1.71
GC-502305-R5,GC-502305,2024-11-28,6.01
GC-502306-R1,GC-502306,2022-02-13,5.15
GC-502306-R2,GC-502306,2022-07-13,5.45
GC-502306-R3,GC-502306,2022-08-13,4.62
GC-502306-R4,GC-502306,2022-12-13,3.46
GC-502306-R5,GC-502306,2023-01-13,3.97
GC-502308-R1,GC-502308,2023-04-11,24.55
GC-502311-R1,GC-502311,2023-12-02,81.93
GC-502311-R2,GC-502311,2024-05-02,35.62
GC-502311-R3,GC-502311,2024-10-02,25.29
GC-502311-R4,GC-502311,2024-12-02,20.08
GC-502312-R1,GC-502312,2023-01-27,31.38
GC-502312-R2,GC-502312,2023-02-27,18.64
GC-502312-R3,GC-502312,2023-07-27,19.57
GC-502313-R1,GC-502313,2025-02-28,73.58
GC-502314-R1,GC-502314,2022-08-14,21.78
GC-502314-R2,GC-502314,2022-10-14,10.16
GC-502314-R3,GC-502314,2023-01-14,9.48
GC-502314-R4,GC-502314,2023-04-14,8.75
GC-502314-R5,GC-502314,2023-09-14,17.67
GC-502315-R1,GC-502315,2024-04-22,31.51
GC-502315-R2,GC-502315,2024-08-22,21.33
GC-502316-R1,GC-502316,2023-04-25,86.01
GC-502317-R1,GC-502317,2023-10-24,99.21
GC-502318-R1,GC-502318,2023-04-10,23.33
GC-502319-R1,GC-502319,2023-10-21,5.26
GC-502319-R2,GC-502319,2024-02-21,4.52
GC-502319-R3,GC-502319,2024-07-21,3.49
GC-502319-R4,GC-502319,2024-08-21,10.21
GC-502321-R1,GC-502321,2022-02-26,136.53
GC-502322-R1,GC-502322,2024-09-05,31.17
GC-502325-R1,GC-502325,2023-08-03,12.11
GC-502326-R1,GC-502326,2024-06-15,79.05
GC-502326-R2,GC-502326,2024-06-23,-33.82
GC-502327-R1,GC-502327,2023-08-11,23.34
GC-502328-R1,GC-502328,2023-09-16,42.16
GC-502328-R2,GC-502328,2024-01-16,35.79
GC-502328-R3,GC-502328,2024-05-16,49.29
GC-502328-R4,GC-502328,2024-07-16,70.57
GC-502330-R1,GC-502330,2023-07-18,13.28
GC-502332-R1,GC-502332,2022-02-07,68.45
GC-502333-R1,GC-502333,2022-04-07,145.48
GC-502334-R1,GC-502334,2023-11-07,126.68
GC-502334-R2,GC-502334,2023-11-18,-59.23
GC-502336-R1,GC-502336,2023-01-28,70.41
GC-502337-R1,GC-502337,2022-02-27,5.22
GC-502337-R2,GC-502337,2022-06-27,7.58
GC-502337-R3,GC-502337,2022-10-27,2.98
GC-502337-R4,GC-502337,2022-12-27,3.85
GC-502337-R5,GC-502337,2023-05-27,3.86
GC-502339-R1,GC-502339,2023-10-21,40.02
GC-502339-R2,GC-502339,2024-02-21,53.75
GC-502339-R3,GC-502339,2024-04-21,105.49
GC-502340-R1,GC-502340,2023-12-03,15.94
GC-502340-R2,GC-502340,2024-04-03,8.78
GC-502340-R3,GC-502340,2024-06-03,21.08
GC-502341-R1,GC-502341,2023-02-12,9.18
GC-502341-R2,GC-502341,2023-07-12,5.94
GC-502341-R3,GC-502341,2023-09-12,2.27
GC-502341-R4,GC-502341,2023-11-12,1.83
GC-502341-R5,GC-502341,2023-12-12,4.43
GC-502343-R1,GC-502343,2022-04-24,45.03
GC-502344-R1,GC-502344,2024-04-27,69.32
GC-502345-R1,GC-502345,2024-02-26,92.2
GC-502346-R1,GC-502346,2024-04-17,39.29
GC-502347-R1,GC-502347,2024-11-12,147.91
GC-502348-R1,GC-502348,2023-11-01,60.39
GC-502348-R2,GC-502348,2023-11-15,-28.06
GC-502349-R1,GC-502349,2022-12-17,70.15
GC-502350-R1,GC-502350,2024-11-06,191.92
GC-502351-R1,GC-502351,2022-07-07,46.13
GC-502352-R1,GC-502352,2023-07-23,199.15
GC-502353-R1,GC-502353,2022-06-19,59.58
GC-502353-R2,GC-502353,2022-11-19,19.91
GC-502353-R3,GC-502353,2022-12-19,29.06
GC-502353-R4,GC-502353,2023-05-19,38.24
GC-502356-R1,GC-502356,2025-02-24,104.11
GC-502357-R1,GC-502357,2025-03-28,147.87
GC-502359-R1,GC-502359,2024-01-28,45.25
GC-502359-R2,GC-502359,2024-02-28,34.62
GC-502359-R3,GC-502359,2024-04-28,102.05
GC-502360-R1,GC-502360,2022-09-19,50.27
GC-502361-R1,GC-502361,2023-08-11,72.41
GC-502363-R1,GC-502363,2023-02-17,194.7
GC-502364-R1,GC-502364,2022-05-14,193.92
GC-502365-R1,GC-502365,2024-06-17,73.88
GC-502366-R1,GC-502366,2024-02-08,45.21
GC-502367-R1,GC-502367,2022-09-11,14.89
GC-502367-R2,GC-502367,2022-10-11,17.98
GC-502367-R3,GC-502367,2023-03-11,11.11
GC-502367-R4,GC-502367,2023-07-11,30.17
GC-502368-R1,GC-502368,2024-11-28,99.03
GC-502369-R1,GC-502369,2023-01-28,180.46
GC-502370-R1,GC-502370,2024-07-01,199.57
GC-502371-R1,GC-502371,2022-04-25,40.82
GC-502371-R2,GC-502371,2022-09-25,47.05
GC-502371-R3,GC-502371,2022-10-25,58.37
GC-502373-R1,GC-502373,2024-08-09,11.65
GC-502373-R2,GC-502373,2024-12-09,5.47
GC-502374-R1,GC-502374,2022-03-25,56.46
GC-502375-R1,GC-502375,2024-04-12,9.23
GC-502375-R2,GC-502375,2024-08-12,6.87
GC-502375-R3,GC-502375,2024-12-12,3.54
GC-502376-R1,GC-502376,2023-08-06,23.38
GC-502376-R2,GC-502376,2023-10-06,16.73
GC-502376-R3,GC-502376,2023-12-06,16.83
GC-502376-R4,GC-502376,2024-04-06,16.96
GC-502376-R5,GC-502376,2024-05-06,19.54
GC-502377-R1,GC-502377,2023-11-28,33.33
GC-502377-R2,GC-502377,2024-04-28,14.62
GC-502377-R3,GC-502377,2024-07-28,21.17
GC-502380-R1,GC-502380,2024-05-14,73.44
GC-502380-R2,GC-502380,2024-10-14,45.08
GC-502382-R1,GC-502382,2024-10-01,19.84
GC-502382-R2,GC-502382,2024-12-01,25.53
GC-502383-R1,GC-502383,2024-02-08,196.69
GC-502384-R1,GC-502384,2024-08-10,35.54
GC-502386-R1,GC-502386,2024-03-19,37.18
GC-502386-R2,GC-502386,2024-06-19,11.94
GC-502386-R3,GC-502386,2024-11-19,11.1
GC-502387-R1,GC-502387,2024-08-01,68.45
GC-502390-R1,GC-502390,2024-08-20,73.83
GC-502391-R1,GC-502391,2022-06-28,34.0
GC-502391-R2,GC-502391,2022-09-28,8.79
GC-502391-R3,GC-502391,2022-10-28,12.35
GC-502391-R4,GC-502391,2023-01-28,2.89
GC-502391-R5,GC-502391,2023-04-28,10.5
GC-502392-R1,GC-502392,2024-06-05,49.7
GC-502393-R1,GC-502393,2023-11-25,77.95
GC-502393-R2,GC-502393,2024-03-25,31.66
GC-502393-R3,GC-502393,2024-04-25,18.09
GC-502393-R4,GC-502393,2024-05-25,68.49
GC-502394-R1,GC-502394,2025-02-23,45.71
GC-502395-R1,GC-502395,2024-09-03,139.21
GC-502396-R1,GC-502396,2023-04-27,31.54
GC-502396-R2,GC-502396,2023-08-27,29.8
GC-502396-R3,GC-502396,2023-10-27,39.46
GC-502396-R4,GC-502396,2023-11-27,18.81
GC-502396-R5,GC-502396,2024-03-27,27.35
GC-502397-R1,GC-502397,2023-01-28,94.63
GC-502398-R1,GC-502398,2023-12-26,45.97
GC-502399-R1,GC-502399,2022-07-06,187.14
GC-502400-R1,GC-502400,2022-06-09,14.52
GC-502400-R2,GC-502400,2022-08-09,19.13
GC-502400-R3,GC-502400,2022-10-09,36.29
GC-502402-R1,GC-502402,2023-01-03,24.01
GC-502404-R1,GC-502404,2023-03-03,18.83
GC-502404-R2,GC-502404,2023-08-03,11.59
GC-502404-R3,GC-502404,2023-10-03,7.17
GC-502404-R4,GC-502404,2023-11-03,8.02
GC-502405-R1,GC-502405,2024-12-19,30.68
GC-502406-R1,GC-502406,2022-11-15,48.2
GC-502407-R1,GC-502407,2023-03-25,144.12
GC-502408-R1,GC-502408,2023-08-28,13.92
GC-502408-R2,GC-502408,2023-09-28,10.82
GC-502408-R3,GC-502408,2023-10-28,20.91
GC-502410-R1,GC-502410,2025-02-01,46.91
GC-502411-R1,GC-502411,2024-07-16,23.39
GC-502412-R1,GC-502412,2023-05-10,11.88
GC-502412-R2,GC-502412,2023-08-10,4.69
GC-502412-R3,GC-502412,2023-11-10,3.62
GC-502412-R4,GC-502412,2024-03-10,1.23
GC-502412-R5,GC-502412,2024-07-10,3.49
GC-502413-R1,GC-502413,2022-10-26,27.78
GC-502413-R2,GC-502413,2022-10-30,-13.22
GC-502414-R1,GC-502414,2022-05-04,8.98
GC-502414-R2,GC-502414,2022-10-04,3.8
GC-502414-R3,GC-502414,2022-12-04,11.61
GC-502416-R1,GC-502416,2024-07-01,24.75
GC-502417-R1,GC-502417,2023-08-17,182.29
GC-502419-R1,GC-502419,2024-02-17,191.23
GC-502420-R1,GC-502420,2023-09-27,47.01
GC-502421-R1,GC-502421,2024-07-28,32.28
GC-502421-R2,GC-502421,2024-10-28,50.34
GC-502421-R3,GC-502421,2024-11-28,19.99
GC-502422-R1,GC-502422,2022-08-28,42.81
GC-502422-R2,GC-502422,2023-01-28,64.65
GC-502422-R3,GC-502422,2023-04-28,25.63
GC-502422-R4,GC-502422,2023-07-28,60.1
GC-502423-R1,GC-502423,2022-12-07,74.32
GC-502426-R1,GC-502426,2024-12-13,48.64
GC-502427-R1,GC-502427,2023-06-18,16.52
GC-502427-R2,GC-502427,2023-11-18,12.71
GC-502427-R3,GC-502427,2024-03-18,4.12
GC-502427-R4,GC-502427,2024-08-18,5.28
GC-502427-R5,GC-502427,2024-09-18,10.13
GC-502428-R1,GC-502428,2024-05-29,92.31
GC-502429-R1,GC-502429,2024-08-15,96.75
GC-502432-R1,GC-502432,2024-04-05,17.66
GC-502432-R2,GC-502432,2024-06-05,7.42
GC-502432-R3,GC-502432,2024-08-05,4.29
GC-502432-R4,GC-502432,2024-09-05,5.93
GC-502432-R5,GC-502432,2024-12-05,9.85
GC-502433-R1,GC-502433,2024-04-16,40.78
GC-502433-R2,GC-502433,2024-07-16,17.87
GC-502433-R3,GC-502433,2024-08-16,6.83
GC-502433-R4,GC-502433,2024-12-16,13.36
GC-502434-R1,GC-502434,2023-12-20,53.89
GC-502434-R2,GC-502434,2024-05-20,30.52
GC-502434-R3,GC-502434,2024-08-20,28.19
GC-502434-R4,GC-502434,2024-09-20,32.38
GC-502435-R1,GC-502435,2023-05-17,39.41
GC-502437-R1,GC-502437,2023-06-12,97.98
GC-502437-R2,GC-502437,2023-06-16,-47.9
GC-502438-R1,GC-502438,2022-10-11,51.05
GC-502438-R2,GC-502438,2022-12-11,30.14
GC-502438-R3,GC-502438,2023-03-11,41.63
GC-502438-R4,GC-502438,2023-04-11,17.38
GC-502438-R5,GC-502438,2023-07-11,51.11
GC-502441-R1,GC-502441,2024-03-18,25.65
GC-502441-R2,GC-502441,2024-06-18,28.91
GC-502441-R3,GC-502441,2024-09-18,16.49
GC-502441-R4,GC-502441,2024-12-18,9.26
GC-502443-R1,GC-502443,2023-08-14,141.76
GC-502445-R1,GC-502445,2023-03-27,10.0
GC-502445-R2,GC-502445,2023-05-27,6.94
GC-502445-R3,GC-502445,2023-10-27,7.04
GC-502446-R1,GC-502446,2023-11-07,31.06
GC-502446-R2,GC-502446,2023-11-09,-12.65
GC-502448-R1,GC-502448,2023-12-26,72.23
GC-502449-R1,GC-502449,2024-09-25,49.3
GC-502450-R1,GC-502450,2023-09-28,71.75
GC-502451-R1,GC-502451,2022-10-28,138.35
GC-502452-R1,GC-502452,2024-06-28,48.89
GC-502454-R1,GC-502454,2024-11-09,72.21
GC-502455-R1,GC-502455,2024-07-28,171.69
GC-502456-R1,GC-502456,2023-10-04,16.13
GC-502456-R2,GC-502456,2024-03-04,20.67
GC-502456-R3,GC-502456,2024-04-04,35.92
GC-502457-R1,GC-502457,2024-01-28,49.14
GC-502458-R1,GC-502458,2022-07-10,12.21
GC-502458-R2,GC-502458,2022-08-10,7.06
GC-502458-R3,GC-502458,2022-10-10,10.88
GC-502458-R4,GC-502458,2023-03-10,16.4
GC-502460-R1,GC-502460,2022-08-27,57.89
GC-502461-R1,GC-502461,2024-01-28,149.39
GC-502462-R1,GC-502462,2024-12-24,17.83
GC-502463-R1,GC-502463,2023-11-14,146.91
GC-502464-R1,GC-502464,2023-01-28,49.9
GC-502464-R2,GC-502464,2023-04-28,41.58
GC-502464-R3,GC-502464,2023-06-28,14.98
GC-502464-R4,GC-502464,2023-08-28,42.7
GC-502465-R1,GC-502465,2023-01-10,45.05
GC-502466-R1,GC-502466,2022-09-09,49.39
GC-502467-R1,GC-502467,2023-06-08,94.41
GC-502468-R1,GC-502468,2024-12-23,9.03
GC-502469-R1,GC-502469,2022-04-27,72.31
GC-502470-R1,GC-502470,2023-06-18,38.77
GC-502470-R2,GC-502470,2023-08-18,29.41
GC-502470-R3,GC-502470,2023-10-18,16.08
GC-502470-R4,GC-502470,2024-03-18,59.08
GC-502471-R1,GC-502471,2024-07-28,147.14
GC-502474-R1,GC-502474,2024-12-05,7.28
GC-502475-R1,GC-502475,2022-10-05,149.04
GC-502476-R1,GC-502476,2024-05-02,83.31
GC-502476-R2,GC-502476,2024-09-02,41.79
GC-502476-R3,GC-502476,2024-12-02,23.12
GC-502477-R1,GC-502477,2023-01-15,88.7
GC-502477-R2,GC-502477,2023-01-29,-31.94
GC-502478-R1,GC-502478,2024-12-04,182.95
GC-502479-R1,GC-502479,2024-07-13,24.49
GC-502480-R1,GC-502480,2022-07-07,70.19
GC-502480-R2,GC-502480,2022-12-07,23.28
GC-502480-R3,GC-502480,2023-05-07,48.4
GC-502481-R1,GC-502481,2022-07-01,10.84
GC-502481-R2,GC-502481,2022-09-01,5.24
GC-502481-R3,GC-502481,2022-12-01,1.98
GC-502481-R4,GC-502481,2023-05-01,2.54
GC-502481-R5,GC-502481,2023-08-01,4.06
GC-502482-R1,GC-502482,2023-11-14,23.73
GC-502484-R1,GC-502484,2022-12-01,73.93
GC-502485-R1,GC-502485,2024-06-27,186.41
GC-502486-R1,GC-502486,2023-04-04,88.73
GC-502486-R2,GC-502486,2023-07-04,26.53
GC-502486-R3,GC-502486,2023-08-04,64.77
GC-502488-R1,GC-502488,2022-07-25,90.21
GC-502491-R1,GC-502491,2024-07-24,193.16
GC-502492-R1,GC-502492,2024-07-28,76.73
GC-502493-R1,GC-502493,2023-02-24,49.82
GC-502493-R2,GC-502493,2023-04-24,38.74
GC-502493-R3,GC-502493,2023-06-24,10.15
GC-502493-R4,GC-502493,2023-09-24,38.59
GC-502494-R1,GC-502494,2023-05-19,139.29
GC-502495-R1,GC-502495,2023-08-24,15.38
GC-502495-R2,GC-502495,2023-12-24,8.9
GC-502495-R3,GC-502495,2024-02-24,9.32
GC-502495-R4,GC-502495,2024-04-24,6.43
GC-502495-R5,GC-502495,2024-07-24,7.93
GC-502497-R1,GC-502497,2022-03-25,191.02
GC-502498-R1,GC-502498,2023-06-02,146.4
GC-502499-R1,GC-502499,2025-05-28,197.11
GC-502500-R1,GC-502500,2022-12-28,24.87
GC-502501-R1,GC-502501,2023-10-28,198.23
GC-502502-R1,GC-502502,2023-02-11,66.12
GC-502502-R2,GC-502502,2023-03-11,32.24
GC-502502-R3,GC-502502,2023-04-11,15.41
GC-502502-R4,GC-502502,2023-07-11,27.49
GC-502503-R1,GC-502503,2022-05-01,74.92
GC-502508-R1,GC-502508,2022-11-16,98.09
GC-502509-R1,GC-502509,2022-05-05,65.18
GC-502509-R2,GC-502509,2022-06-05,33.02
GC-502509-R3,GC-502509,2022-10-05,39.99
GC-502509-R4,GC-502509,2023-03-05,18.6
GC-502509-R5,GC-502509,2023-04-05,24.49
GC-502510-R1,GC-502510,2024-09-10,91.53
GC-502512-R1,GC-502512,2022-04-10,20.34
GC-502512-R2,GC-502512,2022-05-10,5.85
GC-502512-R3,GC-502512,2022-07-10,23.19
GC-502513-R1,GC-502513,2024-11-21,140.94
GC-502515-R1,GC-502515,2022-02-04,171.79
GC-502517-R1,GC-502517,2024-11-25,49.29
GC-502519-R1,GC-502519,2023-05-16,99.0
GC-502520-R1,GC-502520,2024-08-04,94.55
GC-502522-R1,GC-502522,2023-06-16,192.18
GC-502524-R1,GC-502524,2024-12-19,72.81
GC-502525-R1,GC-502525,2025-03-14,90.95
GC-502526-R1,GC-502526,2023-03-09,54.29
GC-502526-R2,GC-502526,2023-04-09,55.51
GC-502526-R3,GC-502526,2023-08-09,88.18
GC-502528-R1,GC-502528,2024-08-08,57.6
GC-502528-R2,GC-502528,2024-10-08,36.59
GC-502528-R3,GC-502528,2024-11-08,25.09
GC-502529-R1,GC-502529,2024-04-11,76.34
GC-502529-R2,GC-502529,2024-07-11,45.71
GC-502529-R3,GC-502529,2024-08-11,18.6
GC-502529-R4,GC-502529,2024-12-11,58.42
GC-502533-R1,GC-502533,2024-07-14,189.5
GC-502534-R1,GC-502534,2024-02-16,19.26
GC-502534-R2,GC-502534,2024-07-16,25.79
GC-502534-R3,GC-502534,2024-11-16,50.69
GC-502535-R1,GC-502535,2024-01-22,71.82
GC-502535-R2,GC-502535,2024-03-22,33.48
GC-502535-R3,GC-502535,2024-08-22,19.28
GC-502535-R4,GC-502535,2024-09-22,23.18
GC-502536-R1,GC-502536,2024-11-04,19.32
GC-502539-R1,GC-502539,2024-03-18,74.74
GC-502540-R1,GC-502540,2024-08-27,42.53
GC-502540-R2,GC-502540,2024-09-27,21.63
GC-502540-R3,GC-502540,2024-11-27,7.38
GC-502542-R1,GC-502542,2023-11-26,93.05
GC-502544-R1,GC-502544,2023-05-28,10.63
GC-502544-R2,GC-502544,2023-07-28,8.34
GC-502544-R3,GC-502544,2023-10-28,12.76
GC-502544-R4,GC-502544,2024-02-28,17.9
GC-502545-R1,GC-502545,2024-02-28,29.53
GC-502545-R2,GC-502545,2024-03-02,-10.85
GC-502547-R1,GC-502547,2024-06-04,135.78
GC-502549-R1,GC-502549,2022-04-05,41.78
GC-502549-R2,GC-502549,2022-07-05,72.88
GC-502549-R3,GC-502549,2022-10-05,38.96
GC-502549-R4,GC-502549,2023-01-05,9.91
GC-502549-R5,GC-502549,2023-06-05,31.47
GC-502550-R1,GC-502550,2024-07-16,62.41
GC-502550-R2,GC-502550,2024-07-24,-27.81
GC-502551-R1,GC-502551,2022-12-09,23.44
GC-502552-R1,GC-502552,2024-12-25,143.96
GC-502553-R1,GC-502553,2024-09-21,49.69
GC-502555-R1,GC-502555,2024-09-19,25.81
GC-502555-R2,GC-502555,2024-12-19,14.16
GC-502557-R1,GC-502557,2023-12-03,62.24
GC-502557-R2,GC-502557,2023-12-10,-16.52
GC-502558-R1,GC-502558,2022-05-26,184.98
GC-502559-R1,GC-502559,2022-05-25,92.37
GC-502560-R1,GC-502560,2024-12-10,37.65
GC-502562-R1,GC-502562,2024-01-15,68.55
GC-502564-R1,GC-502564,2022-06-17,22.98
GC-502564-R2,GC-502564,2022-11-17,11.71
GC-502564-R3,GC-502564,2023-03-17,13.34
GC-502564-R4,GC-502564,2023-06-17,8.99
GC-502564-R5,GC-502564,2023-09-17,17.35
GC-502565-R1,GC-502565,2024-04-01,16.54
GC-502565-R2,GC-502565,2024-08-01,12.79
GC-502567-R1,GC-502567,2022-05-17,11.26
GC-502567-R2,GC-502567,2022-07-17,11.81
GC-502567-R3,GC-502567,2022-08-17,24.37
GC-502568-R1,GC-502568,2023-09-06,86.43
GC-502570-R1,GC-502570,2024-02-24,95.43
GC-502571-R1,GC-502571,2024-10-09,29.59
GC-502572-R1,GC-502572,2024-11-12,184.53
GC-502573-R1,GC-502573,2022-11-27,37.93
GC-502573-R2,GC-502573,2023-02-27,50.7
GC-502573-R3,GC-502573,2023-06-27,13.42
GC-502573-R4,GC-502573,2023-10-27,15.28
GC-502573-R5,GC-502573,2024-02-27,30.62
GC-502574-R1,GC-502574,2024-09-25,24.97
GC-502578-R1,GC-502578,2023-09-12,23.83
GC-502580-R1,GC-502580,2024-01-18,20.89
GC-502580-R2,GC-502580,2024-04-18,10.55
GC-502580-R3,GC-502580,2024-09-18,7.01
GC-502581-R1,GC-502581,2024-09-16,58.06
GC-502583-R1,GC-502583,2023-03-21,38.79
GC-502583-R2,GC-502583,2023-04-21,26.16
GC-502583-R3,GC-502583,2023-07-21,11.66
GC-502583-R4,GC-502583,2023-09-21,8.16
GC-502583-R5,GC-502583,2024-01-21,12.68
GC-502584-R1,GC-502584,2024-11-04,32.42
GC-502585-R1,GC-502585,2024-06-21,10.71
GC-502585-R2,GC-502585,2024-08-21,14.45
GC-502585-R3,GC-502585,2024-10-21,8.05
GC-502586-R1,GC-502586,2022-12-22,76.32
GC-502587-R1,GC-502587,2024-09-18,135.17
GC-502588-R1,GC-502588,2024-10-28,64.78
GC-502590-R1,GC-502590,2022-08-12,99.61
GC-502591-R1,GC-502591,2023-02-08,187.89
GC-502592-R1,GC-502592,2023-09-09,12.4
GC-502592-R2,GC-502592,2023-09-20,-6.14
GC-502593-R1,GC-502593,2023-01-03,70.12
GC-502594-R1,GC-502594,2022-10-01,58.09
GC-502594-R2,GC-502594,2022-11-01,23.32
GC-502594-R3,GC-502594,2022-12-01,58.51
GC-502595-R1,GC-502595,2024-02-06,66.01
GC-502595-R2,GC-502595,2024-06-06,52.64
GC-502595-R3,GC-502595,2024-08-06,33.49
GC-502595-R4,GC-502595,2024-09-06,37.08
GC-502597-R1,GC-502597,2024-02-25,135.91
GC-502598-R1,GC-502598,2024-01-21,17.95
GC-502598-R2,GC-502598,2024-01-24,-7.09
GC-502599-R1,GC-502599,2024-04-09,142.31
GC-502600-R1,GC-502600,2022-11-27,35.86
GC-502600-R2,GC-502600,2022-12-01,-16.19
GC-502602-R1,GC-502602,2024-03-14,23.36
GC-502603-R1,GC-502603,2023-12-18,69.42
GC-502604-R1,GC-502604,2022-05-13,45.06
GC-502604-R2,GC-502604,2022-08-13,33.88
GC-502604-R3,GC-502604,2022-11-13,15.12
GC-502604-R4,GC-502604,2023-02-13,55.93
GC-502605-R1,GC-502605,2022-06-18,191.2
GC-502606-R1,GC-502606,2022-02-17,47.43
GC-502607-R1,GC-502607,2022-12-28,78.98
GC-502607-R2,GC-502607,2023-02-28,40.1
GC-502607-R3,GC-502607,2023-04-28,66.1
GC-502608-R1,GC-502608,2024-09-23,9.14
GC-502608-R2,GC-502608,2024-10-23,5.34
GC-502608-R3,GC-502608,2024-12-23,3.19
GC-502609-R1,GC-502609,2024-09-19,32.87
GC-502609-R2,GC-502609,2024-12-19,14.56
GC-502610-R1,GC-502610,2025-03-02,92.66
GC-502611-R1,GC-502611,2023-09-03,98.39
GC-502612-R1,GC-502612,2024-02-17,49.61
GC-502612-R2,GC-502612,2024-07-17,31.69
GC-502612-R3,GC-502612,2024-10-17,61.26
GC-502613-R1,GC-502613,2023-08-01,9.41
GC-502613-R2,GC-502613,2023-11-01,8.37
GC-502613-R3,GC-502613,2023-12-01,10.79
GC-502613-R4,GC-502613,2024-05-01,17.5
GC-502614-R1,GC-502614,2024-12-16,147.39
GC-502615-R1,GC-502615,2022-09-21,46.74
GC-502616-R1,GC-502616,2022-05-19,49.31
GC-502617-R1,GC-502617,2024-01-28,18.81
GC-502617-R2,GC-502617,2024-05-28,29.51
GC-502617-R3,GC-502617,2024-08-28,9.89
GC-502617-R4,GC-502617,2024-10-28,33.13
GC-502619-R1,GC-502619,2024-10-15,77.87
GC-502619-R2,GC-502619,2024-10-21,-28.28
GC-502620-R1,GC-502620,2022-06-27,96.36
GC-502620-R2,GC-502620,2022-11-27,31.67
GC-502620-R3,GC-502620,2023-01-27,16.89
GC-502620-R4,GC-502620,2023-02-27,24.77
GC-502620-R5,GC-502620,2023-05-27,25.02
GC-502622-R1,GC-502622,2023-12-20,22.77
GC-502623-R1,GC-502623,2023-04-28,95.26
GC-502624-R1,GC-502624,2022-06-13,4.96
GC-502624-R2,GC-502624,2022-08-13,7.77
GC-502624-R3,GC-502624,2022-09-13,3.84
GC-502624-R4,GC-502624,2022-11-13,2.0
GC-502624-R5,GC-502624,2023-03-13,4.3
GC-502625-R1,GC-502625,2022-09-24,35.35
GC-502625-R2,GC-502625,2022-10-01,-12.0
GC-502626-R1,GC-502626,2022-09-03,23.74
GC-502627-R1,GC-502627,2022-02-26,36.52
GC-502627-R2,GC-502627,2022-04-26,13.8
GC-502627-R3,GC-502627,2022-05-26,41.84
GC-502628-R1,GC-502628,2024-06-19,8.49
GC-502628-R2,GC-502628,2024-08-19,3.75
GC-502628-R3,GC-502628,2024-11-19,12.12
GC-502629-R1,GC-502629,2023-08-27,46.11
GC-502630-R1,GC-502630,2022-06-21,11.7
GC-502630-R2,GC-502630,2022-08-21,5.34
GC-502630-R3,GC-502630,2022-11-21,1.9
GC-502630-R4,GC-502630,2023-01-21,4.7
GC-502631-R1,GC-502631,2024-03-09,24.12
GC-502632-R1,GC-502632,2023-08-16,73.16
GC-502633-R1,GC-502633,2023-07-27,196.47
GC-502634-R1,GC-502634,2024-07-09,23.02
GC-502635-R1,GC-502635,2024-02-09,18.89
GC-502635-R2,GC-502635,2024-05-09,12.78
GC-502635-R3,GC-502635,2024-06-09,17.94
GC-502636-R1,GC-502636,2023-11-08,39.52
GC-502636-R2,GC-502636,2023-12-08,34.24
GC-502636-R3,GC-502636,2024-01-08,113.42
GC-502637-R1,GC-502637,2022-10-06,40.04
GC-502637-R2,GC-502637,2023-03-06,25.77
GC-502637-R3,GC-502637,2023-06-06,10.17
GC-502637-R4,GC-502637,2023-10-06,8.49
GC-502637-R5,GC-502637,2024-03-06,10.93
GC-502638-R1,GC-502638,2022-09-17,93.79
GC-502639-R1,GC-502639,2025-05-12,70.92
GC-502640-R1,GC-502640,2024-06-16,109.06
GC-502640-R2,GC-502640,2024-06-25,-31.35
GC-502641-R1,GC-502641,2023-01-25,93.01
GC-502643-R1,GC-502643,2024-02-28,34.58
GC-502643-R2,GC-502643,2024-03-28,12.99
GC-502643-R3,GC-502643,2024-04-28,6.41
GC-502643-R4,GC-502643,2024-09-28,17.57
GC-502645-R1,GC-502645,2022-12-16,46.0
GC-502646-R1,GC-502646,2024-01-07,24.7
GC-502647-R1,GC-502647,2022-04-12,142.78
GC-502648-R1,GC-502648,2024-11-17,136.67
GC-502649-R1,GC-502649,2022-07-05,68.39
GC-502651-R1,GC-502651,2023-03-12,44.49
GC-502651-R2,GC-502651,2023-08-12,19.87
GC-502651-R3,GC-502651,2024-01-12,5.9
GC-502651-R4,GC-502651,2024-02-12,7.89
GC-502651-R5,GC-502651,2024-05-12,13.87
GC-502652-R1,GC-502652,2022-07-18,20.4
GC-502652-R2,GC-502652,2022-12-18,33.09
GC-502652-R3,GC-502652,2023-05-18,41.31
GC-502653-R1,GC-502653,2023-07-22,46.25
GC-502654-R1,GC-502654,2024-07-01,23.81
GC-502655-R1,GC-502655,2024-05-27,69.97
GC-502656-R1,GC-502656,2023-11-04,48.18
GC-502657-R1,GC-502657,2024-02-14,24.45
GC-502657-R2,GC-502657,2024-06-14,23.56
GC-502657-R3,GC-502657,2024-11-14,9.56
GC-502662-R1,GC-502662,2022-02-03,31.91
GC-502662-R2,GC-502662,2022-05-03,28.05
GC-502662-R3,GC-502662,2022-09-03,8.44
GC-502662-R4,GC-502662,2022-12-03,9.0
GC-502662-R5,GC-502662,2023-02-03,14.01
GC-502663-R1,GC-502663,2024-01-01,10.57
GC-502663-R2,GC-502663,2024-06-01,8.26
GC-502663-R3,GC-502663,2024-11-01,27.89
GC-502664-R1,GC-502664,2024-01-11,59.6
GC-502664-R2,GC-502664,2024-04-11,23.43
GC-502664-R3,GC-502664,2024-05-11,53.71
GC-502666-R1,GC-502666,2022-05-24,94.08
GC-502667-R1,GC-502667,2023-10-12,47.29
GC-502668-R1,GC-502668,2023-05-15,155.34
GC-502669-R1,GC-502669,2022-11-14,208.45
GC-502670-R1,GC-502670,2024-06-19,49.78
GC-502671-R1,GC-502671,2024-04-21,12.3
GC-502671-R2,GC-502671,2024-08-21,6.27
GC-502671-R3,GC-502671,2024-11-21,6.36
GC-502672-R1,GC-502672,2022-04-21,136.32
GC-502673-R1,GC-502673,2023-03-24,71.19
GC-502674-R1,GC-502674,2024-08-13,42.7
GC-502674-R2,GC-502674,2024-10-13,25.66
GC-502674-R3,GC-502674,2024-12-13,31.63
GC-502675-R1,GC-502675,2024-10-16,67.56
GC-502678-R1,GC-502678,2024-09-14,183.19
GC-502679-R1,GC-502679,2022-05-28,99.75
GC-502680-R1,GC-502680,2024-11-22,59.37
GC-502680-R2,GC-502680,2024-12-07,-16.72
GC-502682-R1,GC-502682,2022-11-23,45.43
GC-502683-R1,GC-502683,2024-01-01,69.43
GC-502684-R1,GC-502684,2023-07-25,196.37
GC-502685-R1,GC-502685,2023-03-05,136.2
GC-502688-R1,GC-502688,2022-03-01,92.6
GC-502689-R1,GC-502689,2023-12-26,45.46
GC-502690-R1,GC-502690,2024-04-06,185.58
GC-502691-R1,GC-502691,2022-08-02,61.52
GC-502691-R2,GC-502691,2022-10-02,44.15
GC-502691-R3,GC-502691,2022-11-02,34.1
GC-502691-R4,GC-502691,2023-04-02,15.23
GC-502691-R5,GC-502691,2023-05-02,33.03
GC-502693-R1,GC-502693,2022-04-12,24.52
GC-502694-R1,GC-502694,2023-09-18,23.1
GC-502695-R1,GC-502695,2024-08-17,141.22
GC-502696-R1,GC-502696,2022-11-15,153.25
GC-502696-R2,GC-502696,2022-11-21,-35.18
GC-502697-R1,GC-502697,2024-08-13,78.85
GC-502701-R1,GC-502701,2023-04-10,24.86
GC-502703-R1,GC-502703,2024-03-26,94.9
GC-502704-R1,GC-502704,2023-12-25,6.01
GC-502704-R2,GC-502704,2024-03-25,6.41
GC-502704-R3,GC-502704,2024-08-25,11.2
GC-502705-R1,GC-502705,2024-02-22,135.47
GC-502706-R1,GC-502706,2023-03-02,43.85
GC-502706-R2,GC-502706,2023-03-05,-13.91
GC-502708-R1,GC-502708,2023-09-16,41.66
GC-502708-R2,GC-502708,2024-02-16,60.15
GC-502708-R3,GC-502708,2024-04-16,32.72
GC-502708-R4,GC-502708,2024-07-16,54.91
GC-502709-R1,GC-502709,2023-11-03,24.34
GC-502710-R1,GC-502710,2024-04-06,23.7
GC-502712-R1,GC-502712,2023-12-01,194.96
GC-502713-R1,GC-502713,2022-11-08,30.02
GC-502713-R2,GC-502713,2022-12-08,49.67
GC-502713-R3,GC-502713,2023-05-08,68.14
GC-502714-R1,GC-502714,2022-02-01,45.23
GC-502716-R1,GC-502716,2024-02-19,195.88
GC-502717-R1,GC-502717,2023-04-22,136.36
GC-502718-R1,GC-502718,2023-11-20,41.82
GC-502721-R1,GC-502721,2024-03-06,16.25
GC-502721-R2,GC-502721,2024-06-06,9.24
GC-502721-R3,GC-502721,2024-08-06,6.47
GC-502721-R4,GC-502721,2024-09-06,6.09
GC-502722-R1,GC-502722,2023-05-26,187.67
GC-502723-R1,GC-502723,2024-10-10,17.77
GC-502724-R1,GC-502724,2024-10-23,23.65
GC-502725-R1,GC-502725,2022-09-24,98.06
GC-502726-R1,GC-502726,2023-07-16,194.45
GC-502727-R1,GC-502727,2023-12-21,135.24
GC-502729-R1,GC-502729,2024-07-25,15.34
GC-502729-R2,GC-502729,2024-09-25,15.2
GC-502729-R3,GC-502729,2024-11-25,6.33
GC-502730-R1,GC-502730,2024-12-07,92.51
GC-502731-R1,GC-502731,2024-05-28,99.46
GC-502732-R1,GC-502732,2023-05-03,45.96
GC-502732-R2,GC-502732,2023-07-03,27.48
GC-502732-R3,GC-502732,2023-12-03,25.05
GC-502732-R4,GC-502732,2024-05-03,51.01
GC-502733-R1,GC-502733,2022-05-04,193.88
GC-502734-R1,GC-502734,2024-05-16,184.68
GC-502735-R1,GC-502735,2023-08-27,23.37
GC-502736-R1,GC-502736,2024-10-28,141.27
GC-502738-R1,GC-502738,2024-08-22,10.06
GC-502738-R2,GC-502738,2024-11-22,3.95
GC-502739-R1,GC-502739,2023-09-26,138.9
GC-502740-R1,GC-502740,2024-04-04,47.28
GC-502741-R1,GC-502741,2022-12-26,47.41
GC-502742-R1,GC-502742,2024-04-28,94.26
GC-502743-R1,GC-502743,2024-09-16,24.45
GC-502744-R1,GC-502744,2022-10-22,15.47
GC-502744-R2,GC-502744,2022-12-22,28.11
GC-502744-R3,GC-502744,2023-04-22,14.7
GC-502744-R4,GC-502744,2023-05-22,4.06
GC-502744-R5,GC-502744,2023-07-22,11.44
GC-502745-R1,GC-502745,2022-07-02,153.98
GC-502745-R2,GC-502745,2022-07-04,-35.21
GC-502746-R1,GC-502746,2024-01-13,92.69
GC-502748-R1,GC-502748,2023-06-19,40.25
GC-502748-R2,GC-502748,2023-07-19,16.95
GC-502748-R3,GC-502748,2023-09-19,42.04
GC-502750-R1,GC-502750,2023-08-04,45.22
GC-502750-R2,GC-502750,2024-01-04,9.35
GC-502750-R3,GC-502750,2024-03-04,18.05
GC-502750-R4,GC-502750,2024-04-04,18.98
GC-502751-R1,GC-502751,2024-03-28,10.19
GC-502751-R2,GC-502751,2024-08-28,3.78
GC-502752-R1,GC-502752,2023-08-06,34.35
GC-502753-R1,GC-502753,2023-04-24,24.56
GC-502755-R1,GC-502755,2024-08-20,28.98
GC-502755-R2,GC-502755,2024-11-20,22.04
GC-502756-R1,GC-502756,2023-07-27,67.71
GC-502756-R2,GC-502756,2023-12-27,41.25
GC-502756-R3,GC-502756,2024-01-27,27.21
GC-502756-R4,GC-502756,2024-05-27,56.36
GC-502757-R1,GC-502757,2024-09-25,45.22
GC-502758-R1,GC-502758,2022-12-30,22.91
GC-502759-R1,GC-502759,2023-10-03,6.21
GC-502759-R2,GC-502759,2023-12-03,5.17
GC-502759-R3,GC-502759,2024-02-03,11.82
GC-502760-R1,GC-502760,2023-02-27,24.89
GC-502761-R1,GC-502761,2022-12-12,75.59
GC-502761-R2,GC-502761,2023-02-12,59.87
GC-502761-R3,GC-502761,2023-05-12,60.65
GC-502762-R1,GC-502762,2023-11-10,95.81
GC-502763-R1,GC-502763,2023-04-03,48.78
GC-502764-R1,GC-502764,2023-11-20,47.96
GC-502765-R1,GC-502765,2022-04-24,34.61
GC-502765-R2,GC-502765,2022-07-24,47.51
GC-502765-R3,GC-502765,2022-08-24,15.92
GC-502765-R4,GC-502765,2023-01-24,10.46
GC-502765-R5,GC-502765,2023-04-24,37.7
GC-502766-R1,GC-502766,2023-10-04,80.34
GC-502766-R2,GC-502766,2023-10-13,-25.74
GC-502767-R1,GC-502767,2024-10-12,22.66
GC-502768-R1,GC-502768,2022-12-10,11.87
GC-502768-R2,GC-502768,2023-04-10,12.57
GC-502768-R3,GC-502768,2023-06-10,25.07
GC-502769-R1,GC-502769,2024-12-13,48.61
GC-502770-R1,GC-502770,2024-11-27,15.22
GC-502771-R1,GC-502771,2024-05-21,98.09
GC-502774-R1,GC-502774,2024-01-26,13.87
GC-502774-R2,GC-502774,2024-03-26,8.15
GC-502774-R3,GC-502774,2024-04-26,7.91
GC-502774-R4,GC-502774,2024-05-26,19.37
GC-502775-R1,GC-502775,2024-09-23,141.91
GC-502776-R1,GC-502776,2024-02-06,185.03
GC-502778-R1,GC-502778,2022-10-13,39.37
GC-502778-R2,GC-502778,2022-10-22,-13.69
GC-502779-R1,GC-502779,2024-11-06,98.3
GC-502780-R1,GC-502780,2023-03-15,69.17
GC-502780-R2,GC-502780,2023-04-15,20.14
GC-502780-R3,GC-502780,2023-08-15,60.48
GC-502781-R1,GC-502781,2024-01-17,29.6
GC-502781-R2,GC-502781,2024-04-17,16.12
GC-502781-R3,GC-502781,2024-09-17,5.72
GC-502782-R1,GC-502782,2023-12-19,19.95
GC-502782-R2,GC-502782,2024-05-19,21.59
GC-502782-R3,GC-502782,2024-09-19,13.2
GC-502785-R1,GC-502785,2023-05-11,6.11
GC-502785-R2,GC-502785,2023-08-11,6.11
GC-502785-R3,GC-502785,2024-01-11,3.94
GC-502785-R4,GC-502785,2024-06-11,8.23
GC-502786-R1,GC-502786,2023-02-05,24.98
GC-502788-R1,GC-502788,2024-09-05,15.71
GC-502788-R2,GC-502788,2024-12-05,15.91
GC-502789-R1,GC-502789,2024-02-10,9.44
GC-502789-R2,GC-502789,2024-04-10,14.03
GC-502789-R3,GC-502789,2024-05-10,9.46
GC-502789-R4,GC-502789,2024-06-10,13.0
GC-502790-R1,GC-502790,2023-05-26,18.17
GC-502790-R2,GC-502790,2023-09-26,12.56
GC-502790-R3,GC-502790,2024-02-26,42.49
GC-502791-R1,GC-502791,2024-06-22,100.86
GC-502791-R2,GC-502791,2024-07-01,-40.11
GC-502793-R1,GC-502793,2022-09-23,40.86
GC-502793-R2,GC-502793,2022-12-23,11.75
GC-502793-R3,GC-502793,2023-05-23,46.09
GC-502794-R1,GC-502794,2023-08-13,18.29
GC-502794-R2,GC-502794,2023-10-13,11.14
GC-502794-R3,GC-502794,2023-12-13,8.2
GC-502794-R4,GC-502794,2024-02-13,8.37
GC-502796-R1,GC-502796,2022-07-10,68.53
GC-502797-R1,GC-502797,2023-12-31,68.37
GC-502798-R1,GC-502798,2024-12-08,92.67
GC-502800-R1,GC-502800,2024-08-23,23.68
GC-502801-R1,GC-502801,2024-11-22,6.31
GC-502802-R1,GC-502802,2022-06-26,16.01
GC-502802-R2,GC-502802,2022-10-26,13.95
GC-502802-R3,GC-502802,2023-01-26,12.67
GC-502802-R4,GC-502802,2023-04-26,29.07
GC-502804-R1,GC-502804,2023-04-05,33.18
GC-502804-R2,GC-502804,2023-06-05,13.06
GC-502804-R3,GC-502804,2023-11-05,27.06
GC-502805-R1,GC-502805,2023-10-28,20.09
GC-502805-R2,GC-502805,2023-11-28,35.37
GC-502805-R3,GC-502805,2023-12-28,13.73
GC-502805-R4,GC-502805,2024-02-28,7.89
GC-502805-R5,GC-502805,2024-05-28,14.65
GC-502806-R1,GC-502806,2024-11-13,20.39
GC-502807-R1,GC-502807,2022-08-08,47.38
GC-502810-R1,GC-502810,2023-07-22,90.51
GC-502811-R1,GC-502811,2024-11-13,17.74
GC-502812-R1,GC-502812,2024-05-07,8.33
GC-502812-R2,GC-502812,2024-10-07,6.4
GC-502814-R1,GC-502814,2022-11-14,139.62
GC-502815-R1,GC-502815,2024-03-28,22.54
GC-502815-R2,GC-502815,2024-04-28,14.03
GC-502815-R3,GC-502815,2024-06-28,12.75
GC-502815-R4,GC-502815,2024-10-28,25.5
GC-502818-R1,GC-502818,2023-03-05,72.13
GC-502818-R2,GC-502818,2023-04-05,42.86
GC-502818-R3,GC-502818,2023-09-05,23.05
GC-502818-R4,GC-502818,2024-02-05,45.63
GC-502820-R1,GC-502820,2024-08-04,47.86
GC-502823-R1,GC-502823,2023-03-10,24.24
GC-502824-R1,GC-502824,2024-09-15,4.98
GC-502825-R1,GC-502825,2023-06-18,23.51
GC-502826-R1,GC-502826,2024-09-15,143.72
GC-502827-R1,GC-502827,2023-01-24,10.32
GC-502827-R2,GC-502827,2023-03-24,4.6
GC-502827-R3,GC-502827,2023-07-24,3.78
GC-502827-R4,GC-502827,2023-08-24,5.2
GC-502828-R1,GC-502828,2024-07-16,29.05
GC-502828-R2,GC-502828,2024-12-16,39.63
GC-502831-R1,GC-502831,2024-09-09,95.99
GC-502832-R1,GC-502832,2024-11-18,8.17
GC-502833-R1,GC-502833,2023-05-21,59.8
GC-502833-R2,GC-502833,2023-06-21,29.34
GC-502833-R3,GC-502833,2023-11-21,57.0
GC-502834-R1,GC-502834,2024-09-28,147.9
GC-502835-R1,GC-502835,2023-12-10,18.1
GC-502835-R2,GC-502835,2024-01-10,6.99
GC-502835-R3,GC-502835,2024-04-10,10.83
GC-502835-R4,GC-502835,2024-09-10,5.94
GC-502835-R5,GC-502835,2024-11-10,6.53
GC-502836-R1,GC-502836,2022-08-10,7.88
GC-502836-R2,GC-502836,2023-01-10,7.46
GC-502836-R3,GC-502836,2023-05-10,7.66
GC-502837-R1,GC-502837,2022-04-28,8.17
GC-502837-R2,GC-502837,2022-05-28,4.99
GC-502837-R3,GC-502837,2022-09-28,2.41
GC-502837-R4,GC-502837,2022-11-28,2.83
GC-502837-R5,GC-502837,2023-03-28,4.61
GC-502838-R1,GC-502838,2024-05-23,73.75
GC-502840-R1,GC-502840,2023-05-12,68.53
GC-502840-R2,GC-502840,2023-09-12,58.12
GC-502840-R3,GC-502840,2023-10-12,62.69
GC-502841-R1,GC-502841,2022-12-14,94.06
GC-502842-R1,GC-502842,2024-12-22,23.1
GC-502843-R1,GC-502843,2024-07-12,58.98
GC-502843-R2,GC-502843,2024-12-12,43.72
GC-502844-R1,GC-502844,2023-12-16,49.81
GC-502844-R2,GC-502844,2024-03-16,64.97
GC-502844-R3,GC-502844,2024-05-16,81.65
GC-502846-R1,GC-502846,2022-08-04,47.29
GC-502847-R1,GC-502847,2024-06-28,94.05
GC-502849-R1,GC-502849,2023-05-22,68.5
GC-502850-R1,GC-502850,2024-01-22,19.88
GC-502850-R2,GC-502850,2024-05-22,12.5
GC-502850-R3,GC-502850,2024-08-22,6.51
GC-502850-R4,GC-502850,2024-10-22,4.44
GC-502853-R1,GC-502853,2023-02-08,46.15
GC-502854-R1,GC-502854,2025-04-19,71.89
GC-502855-R1,GC-502855,2024-11-19,45.67
GC-502857-R1,GC-502857,2024-07-26,29.26
GC-502857-R2,GC-502857,2024-09-26,28.75
GC-502858-R1,GC-502858,2023-06-05,73.14
GC-502860-R1,GC-502860,2024-07-07,24.42
GC-502860-R2,GC-502860,2024-10-07,20.61
GC-502860-R3,GC-502860,2024-12-07,23.38
GC-502861-R1,GC-502861,2024-05-02,142.92
GC-502862-R1,GC-502862,2022-11-13,90.1
GC-502864-R1,GC-502864,2023-04-28,194.94
GC-502867-R1,GC-502867,2023-03-08,142.05
GC-502868-R1,GC-502868,2024-08-09,21.32
GC-502868-R2,GC-502868,2024-09-09,15.67
GC-502868-R3,GC-502868,2024-11-09,36.76
GC-502869-R1,GC-502869,2025-03-28,46.68
GC-502870-R1,GC-502870,2024-07-23,149.14
GC-502872-R1,GC-502872,2024-04-28,136.98
GC-502873-R1,GC-502873,2023-10-19,7.78
GC-502873-R2,GC-502873,2024-01-19,7.82
GC-502873-R3,GC-502873,2024-03-19,8.02
GC-502874-R1,GC-502874,2022-02-14,20.24
GC-502874-R2,GC-502874,2022-05-14,7.69
GC-502874-R3,GC-502874,2022-06-14,8.36
GC-502874-R4,GC-502874,2022-10-14,12.69
GC-502875-R1,GC-502875,2024-06-08,5.02
GC-502875-R2,GC-502875,2024-09-08,3.85
GC-502876-R1,GC-502876,2024-02-03,48.48
GC-502877-R1,GC-502877,2025-01-22,46.05
GC-502878-R1,GC-502878,2023-09-25,32.04
GC-502878-R2,GC-502878,2024-01-25,13.77
GC-502878-R3,GC-502878,2024-05-25,11.92
GC-502878-R4,GC-502878,2024-10-25,5.24
GC-502878-R5,GC-502878,2024-12-25,10.88
GC-502879-R1,GC-502879,2023-11-08,10.5
GC-502879-R2,GC-502879,2024-04-08,3.04
GC-502879-R3,GC-502879,2024-08-08,4.16
GC-502881-R1,GC-502881,2024-02-12,70.14
GC-502882-R1,GC-502882,2022-06-28,29.86
GC-502882-R2,GC-502882,2022-07-28,12.28
GC-502882-R3,GC-502882,2022-11-28,8.12
GC-502882-R4,GC-502882,2023-04-28,6.69
GC-502882-R5,GC-502882,2023-07-28,14.37
GC-502883-R1,GC-502883,2023-08-28,24.12
GC-502884-R1,GC-502884,2024-08-07,138.69
GC-502885-R1,GC-502885,2023-12-16,11.48
GC-502886-R1,GC-502886,2022-12-03,24.51
GC-502887-R1,GC-502887,2024-05-17,194.63
GC-502889-R1,GC-502889,2024-11-28,55.34
GC-502889-R2,GC-502889,2024-12-28,39.23
GC-502890-R1,GC-502890,2024-07-14,138.1
GC-502891-R1,GC-502891,2024-08-05,45.28
GC-502896-R1,GC-502896,2024-06-01,23.0
GC-502897-R1,GC-502897,2024-07-15,5.0
GC-502897-R2,GC-502897,2024-09-15,8.07
GC-502897-R3,GC-502897,2024-11-15,2.63
GC-502897-R4,GC-502897,2024-12-15,7.64
GC-502898-R1,GC-502898,2024-04-11,74.96
GC-502899-R1,GC-502899,2022-06-07,16.47
GC-502899-R2,GC-502899,2022-09-07,9.74
GC-502899-R3,GC-502899,2022-12-07,21.79
GC-502900-R1,GC-502900,2025-01-10,199.17
GC-502901-R1,GC-502901,2023-03-07,43.57
GC-502901-R2,GC-502901,2023-08-07,16.27
GC-502901-R3,GC-502901,2023-10-07,14.05
GC-502901-R4,GC-502901,2024-02-07,10.93
GC-502901-R5,GC-502901,2024-06-07,12.69
GC-502902-R1,GC-502902,2024-08-15,43.78
GC-502902-R2,GC-502902,2024-11-15,12.95
GC-502902-R3,GC-502902,2024-12-15,8.46
GC-502904-R1,GC-502904,2023-07-19,38.21
GC-502904-R2,GC-502904,2023-11-19,32.77
GC-502904-R3,GC-502904,2024-03-19,70.04
GC-502907-R1,GC-502907,2023-04-20,12.99
GC-502909-R1,GC-502909,2023-04-20,16.62
GC-502909-R2,GC-502909,2023-09-20,9.99
GC-502909-R3,GC-502909,2023-10-20,8.28
GC-502909-R4,GC-502909,2023-12-20,13.95
GC-502910-R1,GC-502910,2022-07-27,44.4
GC-502910-R2,GC-502910,2022-11-27,48.68
GC-502910-R3,GC-502910,2023-02-27,52.67
GC-502911-R1,GC-502911,2023-09-14,149.28
GC-502912-R1,GC-502912,2023-07-28,74.44
GC-502913-R1,GC-502913,2022-05-03,53.19
GC-502913-R2,GC-502913,2022-10-03,22.03
GC-502913-R3,GC-502913,2023-01-03,26.4
GC-502913-R4,GC-502913,2023-05-03,35.19
GC-502914-R1,GC-502914,2023-03-18,56.55
GC-502914-R2,GC-502914,2023-04-18,26.61
GC-502914-R3,GC-502914,2023-08-18,63.75
GC-502915-R1,GC-502915,2022-04-25,33.0
GC-502915-R2,GC-502915,2022-05-25,19.4
GC-502915-R3,GC-502915,2022-08-25,38.63
GC-502916-R1,GC-502916,2023-05-12,90.16
GC-502917-R1,GC-502917,2024-02-20,14.92
GC-502917-R2,GC-502917,2024-04-20,21.31
GC-502917-R3,GC-502917,2024-05-20,31.47
GC-502919-R1,GC-502919,2024-03-04,46.28
GC-502921-R1,GC-502921,2024-06-19,5.24
GC-502921-R2,GC-502921,2024-10-19,4.49
GC-502921-R3,GC-502921,2024-11-19,6.19
GC-502922-R1,GC-502922,2025-03-24,116.19
GC-502923-R1,GC-502923,2024-01-08,23.88
GC-502924-R1,GC-502924,2023-09-25,77.62
GC-502924-R2,GC-502924,2023-10-25,49.02
GC-502924-R3,GC-502924,2023-12-25,64.55
GC-502925-R1,GC-502925,2024-08-28,23.86
GC-502926-R1,GC-502926,2023-03-16,6.17
GC-502926-R2,GC-502926,2023-05-16,7.26
GC-502926-R3,GC-502926,2023-10-16,10.58
GC-502927-R1,GC-502927,2023-07-12,17.81
GC-502928-R1,GC-502928,2023-01-30,46.61
GC-502929-R1,GC-502929,2024-06-10,68.85
GC-502929-R2,GC-502929,2024-11-10,36.44
GC-502930-R1,GC-502930,2025-05-28,182.81
GC-502931-R1,GC-502931,2022-03-14,9.88
GC-502932-R1,GC-502932,2023-06-12,139.18
GC-502934-R1,GC-502934,2024-12-16,17.61
GC-502936-R1,GC-502936,2023-08-18,45.62
GC-502937-R1,GC-502937,2024-02-06,48.37
GC-502938-R1,GC-502938,2022-12-05,30.64
GC-502938-R2,GC-502938,2023-05-05,26.18
GC-502938-R3,GC-502938,2023-06-05,37.67
GC-502939-R1,GC-502939,2024-07-02,199.17
GC-502940-R1,GC-502940,2024-05-11,46.89
GC-502941-R1,GC-502941,2023-02-14,146.94
GC-502942-R1,GC-502942,2022-05-18,45.95
GC-502942-R2,GC-502942,2022-08-18,10.68
GC-502942-R3,GC-502942,2022-12-18,41.28
GC-502943-R1,GC-502943,2024-06-22,22.52
GC-502943-R2,GC-502943,2024-10-22,11.06
GC-502943-R3,GC-502943,2024-11-22,6.14
GC-502946-R1,GC-502946,2024-02-08,96.46
GC-502948-R1,GC-502948,2023-11-12,190.12
GC-502950-R1,GC-502950,2024-06-03,69.12
GC-502952-R1,GC-502952,2022-08-02,6.42
GC-502952-R2,GC-502952,2022-09-02,6.93
GC-502952-R3,GC-502952,2022-11-02,4.04
GC-502952-R4,GC-502952,2023-03-02,5.93
GC-502954-R1,GC-502954,2024-11-16,54.94
GC-502956-R1,GC-502956,2022-10-21,28.48
GC-502956-R2,GC-502956,2023-03-21,32.84
GC-502956-R3,GC-502956,2023-06-21,7.47
GC-502956-R4,GC-502956,2023-11-21,26.47
GC-502957-R1,GC-502957,2024-07-27,24.97
GC-502958-R1,GC-502958,2024-05-28,50.74
GC-502958-R2,GC-502958,2024-06-12,-24.89
GC-502960-R1,GC-502960,2024-07-03,160.91
GC-502960-R2,GC-502960,2024-07-12,-39.62
GC-502962-R1,GC-502962,2022-08-21,91.32
GC-502963-R1,GC-502963,2024-01-15,33.87
GC-502963-R2,GC-502963,2024-06-15,30.48
GC-502963-R3,GC-502963,2024-09-15,9.69
GC-502963-R4,GC-502963,2024-12-15,22.8
GC-502964-R1,GC-502964,2024-01-23,9.98
GC-502964-R2,GC-502964,2024-06-23,12.12
GC-502964-R3,GC-502964,2024-11-23,24.17
GC-502967-R1,GC-502967,2023-07-17,34.97
GC-502967-R2,GC-502967,2023-09-17,28.36
GC-502967-R3,GC-502967,2024-01-17,38.13
GC-502967-R4,GC-502967,2024-05-17,42.37
GC-502970-R1,GC-502970,2023-08-03,20.89
GC-502970-R2,GC-502970,2023-11-03,11.19
GC-502970-R3,GC-502970,2024-04-03,15.48
GC-502971-R1,GC-502971,2023-06-03,41.17
GC-502971-R2,GC-502971,2023-11-03,21.48
GC-502971-R3,GC-502971,2024-03-03,84.0
GC-502973-R1,GC-502973,2024-11-24,70.02
GC-502974-R1,GC-502974,2023-06-06,45.58
GC-502974-R2,GC-502974,2023-10-06,13.2
GC-502974-R3,GC-502974,2024-02-06,15.88
GC-502974-R4,GC-502974,2024-06-06,21.43
GC-502977-R1,GC-502977,2022-09-03,199.65
GC-502978-R1,GC-502978,2024-10-08,197.44
GC-502979-R1,GC-502979,2024-04-26,149.62
GC-502980-R1,GC-502980,2022-03-05,49.22
GC-502981-R1,GC-502981,2024-09-20,36.26
GC-502981-R2,GC-502981,2024-10-20,23.2
GC-502981-R3,GC-502981,2024-11-20,12.48
GC-502983-R1,GC-502983,2024-11-28,221.52
GC-502986-R1,GC-502986,2023-02-06,22.59
GC-502986-R2,GC-502986,2023-06-06,19.54
GC-502986-R3,GC-502986,2023-07-06,17.73
GC-502986-R4,GC-502986,2023-09-06,17.46
GC-502986-R5,GC-502986,2023-11-06,21.07
GC-502987-R1,GC-502987,2024-02-03,148.85
GC-502989-R1,GC-502989,2024-03-28,33.78
GC-502989-R2,GC-502989,2024-05-28,8.84
GC-502989-R3,GC-502989,2024-07-28,27.99
GC-502990-R1,GC-502990,2024-08-28,119.94
GC-502991-R1,GC-502991,2023-09-12,196.55
GC-502994-R1,GC-502994,2024-10-28,93.14
GC-502995-R1,GC-502995,2022-08-23,40.42
GC-502995-R2,GC-502995,2022-12-23,54.75
GC-502995-R3,GC-502995,2023-05-23,33.32
GC-502995-R4,GC-502995,2023-08-23,55.71
GC-502996-R1,GC-502996,2024-05-10,98.27
GC-502997-R1,GC-502997,2024-12-14,92.05
GC-503000-R1,GC-503000,2022-09-28,166.46
GC-503002-R1,GC-503002,2023-02-28,95.86
GC-503003-R1,GC-503003,2022-12-22,144.1
GC-503004-R1,GC-503004,2024-08-13,29.84
GC-503004-R2,GC-503004,2024-09-13,13.77
GC-503004-R3,GC-503004,2024-12-13,28.45
GC-503005-R1,GC-503005,2024-11-20,98.62
GC-503007-R1,GC-503007,2022-09-27,197.98
GC-503008-R1,GC-503008,2023-12-13,24.2
GC-503009-R1,GC-503009,2024-03-03,64.56
GC-503009-R2,GC-503009,2024-06-03,32.73
GC-503009-R3,GC-503009,2024-09-03,26.24
GC-503010-R1,GC-503010,2023-04-05,9.21
GC-503010-R2,GC-503010,2023-05-05,5.99
GC-503010-R3,GC-503010,2023-07-05,3.99
GC-503010-R4,GC-503010,2023-10-05,4.09
GC-503011-R1,GC-503011,2023-07-11,149.86
GC-503014-R1,GC-503014,2024-01-12,34.59
GC-503014-R2,GC-503014,2024-06-12,15.77
GC-503014-R3,GC-503014,2024-07-12,9.4
GC-503014-R4,GC-503014,2024-09-12,10.42
GC-503015-R1,GC-503015,2024-06-25,22.67
GC-503016-R1,GC-503016,2024-09-09,95.06
GC-503017-R1,GC-503017,2025-03-17,97.06
GC-503018-R1,GC-503018,2024-07-18,18.64
GC-503018-R2,GC-503018,2024-07-22,-6.89
GC-503020-R1,GC-503020,2023-07-10,10.26
GC-503020-R2,GC-503020,2023-10-10,14.06
GC-503020-R3,GC-503020,2024-01-10,8.01
GC-503020-R4,GC-503020,2024-06-10,4.67
GC-503020-R5,GC-503020,2024-10-10,9.5
GC-503021-R1,GC-503021,2024-11-13,22.07
GC-503021-R2,GC-503021,2024-12-13,14.46
GC-503022-R1,GC-503022,2024-01-04,5.81
GC-503022-R2,GC-503022,2024-02-04,6.32
GC-503022-R3,GC-503022,2024-05-04,2.58
GC-503022-R4,GC-503022,2024-07-04,4.73
GC-503022-R5,GC-503022,2024-08-04,5.36
GC-503026-R1,GC-503026,2025-01-10,24.34
GC-503027-R1,GC-503027,2024-05-09,192.74
GC-503028-R1,GC-503028,2022-11-07,217.81
GC-503030-R1,GC-503030,2024-02-26,91.23
GC-503031-R1,GC-503031,2024-08-10,6.47
GC-503031-R2,GC-503031,2024-09-10,3.94
GC-503031-R3,GC-503031,2024-11-10,2.99
GC-503032-R1,GC-503032,2022-07-23,28.61
GC-503032-R2,GC-503032,2022-07-31,-9.91
GC-503033-R1,GC-503033,2022-10-12,27.19
GC-503033-R2,GC-503033,2023-02-12,16.28
GC-503033-R3,GC-503033,2023-05-12,10.96
GC-503033-R4,GC-503033,2023-07-12,10.99
GC-503033-R5,GC-503033,2023-10-12,30.72
GC-503034-R1,GC-503034,2024-09-26,45.63
GC-503035-R1,GC-503035,2022-08-27,92.46
GC-503036-R1,GC-503036,2022-09-17,68.68
GC-503036-R2,GC-503036,2022-12-17,23.95
GC-503036-R3,GC-503036,2023-02-17,21.2
GC-503036-R4,GC-503036,2023-06-17,13.34
GC-503036-R5,GC-503036,2023-10-17,19.56
GC-503037-R1,GC-503037,2023-01-09,135.67
GC-503038-R1,GC-503038,2023-12-25,21.9
GC-503038-R2,GC-503038,2024-03-25,11.63
GC-503038-R3,GC-503038,2024-06-25,15.18
GC-503040-R1,GC-503040,2022-01-02,58.64
GC-503040-R2,GC-503040,2022-01-09,-16.58
GC-503043-R1,GC-503043,2024-12-24,147.36
GC-503044-R1,GC-503044,2023-11-16,139.83
GC-503047-R1,GC-503047,2023-05-14,69.05
GC-503048-R1,GC-503048,2023-06-28,45.85
GC-503048-R2,GC-503048,2023-07-28,16.93
GC-503048-R3,GC-503048,2023-12-28,7.15
GC-503048-R4,GC-503048,2024-04-28,5.7
GC-503048-R5,GC-503048,2024-09-28,19.18
GC-503051-R1,GC-503051,2022-05-29,68.84
GC-503052-R1,GC-503052,2022-07-10,45.98
GC-503054-R1,GC-503054,2023-12-28,46.44
GC-503055-R1,GC-503055,2022-02-25,94.8
GC-503056-R1,GC-503056,2024-04-17,143.5
GC-503057-R1,GC-503057,2024-07-19,22.45
GC-503057-R2,GC-503057,2024-10-19,5.66
GC-503058-R1,GC-503058,2022-10-25,41.97
GC-503058-R2,GC-503058,2023-03-25,60.48
GC-503058-R3,GC-503058,2023-04-25,81.07
GC-503059-R1,GC-503059,2023-03-02,139.6
GC-503060-R1,GC-503060,2023-06-12,11.59
GC-503060-R2,GC-503060,2023-11-12,9.73
GC-503060-R3,GC-503060,2024-03-12,25.5
GC-503061-R1,GC-503061,2024-02-14,17.81
GC-503061-R2,GC-503061,2024-06-14,12.57
GC-503061-R3,GC-503061,2024-08-14,4.5
GC-503062-R1,GC-503062,2024-11-28,68.8
GC-503065-R1,GC-503065,2023-03-28,39.96
GC-503065-R2,GC-503065,2023-07-28,28.85
GC-503065-R3,GC-503065,2023-11-28,29.49
GC-503066-R1,GC-503066,2023-11-25,23.17
GC-503068-R1,GC-503068,2024-05-14,23.17
GC-503069-R1,GC-503069,2023-08-26,145.47
GC-503070-R1,GC-503070,2024-04-17,186.36
GC-503073-R1,GC-503073,2024-12-08,18.24
GC-503076-R1,GC-503076,2024-08-25,97.31
GC-503077-R1,GC-503077,2023-05-03,146.28
GC-503078-R1,GC-503078,2022-11-16,22.69
GC-503078-R2,GC-503078,2023-04-16,10.19
GC-503078-R3,GC-503078,2023-08-16,15.49
GC-503079-R1,GC-503079,2022-04-01,23.74
GC-503080-R1,GC-503080,2023-05-01,183.32
GC-503081-R1,GC-503081,2023-08-15,51.84
GC-503081-R2,GC-503081,2023-10-15,28.28
GC-503081-R3,GC-503081,2024-01-15,22.79
GC-503081-R4,GC-503081,2024-02-15,9.21
GC-503081-R5,GC-503081,2024-03-15,29.23
GC-503082-R1,GC-503082,2024-04-10,146.52
GC-503083-R1,GC-503083,2023-05-12,185.56
GC-503084-R1,GC-503084,2024-08-06,16.31
GC-503084-R2,GC-503084,2024-10-06,22.82
GC-503085-R1,GC-503085,2022-02-24,48.91
GC-503085-R2,GC-503085,2022-03-24,12.54
GC-503085-R3,GC-503085,2022-07-24,15.1
GC-503085-R4,GC-503085,2022-11-24,9.0
GC-503085-R5,GC-503085,2023-04-24,12.66
GC-503087-R1,GC-503087,2023-04-05,69.16
GC-503089-R1,GC-503089,2024-05-01,20.5
GC-503089-R2,GC-503089,2024-06-01,7.06
GC-503089-R3,GC-503089,2024-08-01,5.71
GC-503089-R4,GC-503089,2024-11-01,3.86
GC-503090-R1,GC-503090,2023-02-25,71.5
GC-503091-R1,GC-503091,2023-09-28,181.24
GC-503094-R1,GC-503094,2022-02-21,78.22
GC-503095-R1,GC-503095,2024-06-04,10.88
GC-503095-R2,GC-503095,2024-11-04,2.68
GC-503096-R1,GC-503096,2022-09-18,71.26
GC-503097-R1,GC-503097,2023-09-19,23.02
GC-503099-R1,GC-503099,2024-03-22,10.19
GC-503099-R2,GC-503099,2024-04-22,3.42
GC-503099-R3,GC-503099,2024-06-22,4.22
GC-503099-R4,GC-503099,2024-07-22,2.05
GC-503099-R5,GC-503099,2024-10-22,3.43
GC-503100-R1,GC-503100,2023-02-05,96.69
GC-503101-R1,GC-503101,2024-01-28,22.8
GC-503102-R1,GC-503102,2024-02-12,99.34
GC-503103-R1,GC-503103,2024-08-12,53.62
GC-503103-R2,GC-503103,2024-10-12,31.83
GC-503103-R3,GC-503103,2024-11-12,11.64
GC-503105-R1,GC-503105,2023-01-13,75.59
GC-503105-R2,GC-503105,2023-02-13,51.15
GC-503105-R3,GC-503105,2023-04-13,56.3
GC-503106-R1,GC-503106,2022-05-16,95.0
GC-503106-R2,GC-503106,2022-05-24,-34.61
GC-503108-R1,GC-503108,2022-07-03,23.13
GC-503108-R2,GC-503108,2022-11-03,9.39
GC-503108-R3,GC-503108,2023-04-03,6.43
GC-503108-R4,GC-503108,2023-07-03,3.28
GC-503108-R5,GC-503108,2023-10-03,5.93
GC-503109-R1,GC-503109,2024-08-10,26.12
GC-503112-R1,GC-503112,2024-02-19,139.44
GC-503113-R1,GC-503113,2022-11-26,46.95
GC-503116-R1,GC-503116,2022-12-16,11.44
GC-503116-R2,GC-503116,2023-03-16,2.87
GC-503116-R3,GC-503116,2023-08-16,3.56
GC-503116-R4,GC-503116,2023-09-16,3.29
GC-503116-R5,GC-503116,2023-10-16,3.81
GC-503117-R1,GC-503117,2024-08-17,32.7
GC-503117-R2,GC-503117,2024-10-17,20.87
GC-503118-R1,GC-503118,2023-03-28,44.1
GC-503118-R2,GC-503118,2023-05-28,50.51
GC-503118-R3,GC-503118,2023-07-28,22.12
GC-503118-R4,GC-503118,2023-09-28,18.68
GC-503118-R5,GC-503118,2024-02-28,46.82
GC-503120-R1,GC-503120,2022-03-25,68.19
GC-503122-R1,GC-503122,2024-01-25,72.5
GC-503125-R1,GC-503125,2024-10-28,5.72
GC-503126-R1,GC-503126,2022-08-28,18.62
GC-503126-R2,GC-503126,2022-09-28,19.06
GC-503126-R3,GC-503126,2022-11-28,13.34
GC-503126-R4,GC-503126,2023-04-28,7.39
GC-503126-R5,GC-503126,2023-05-28,9.86
GC-503127-R1,GC-503127,2023-10-13,51.55
GC-503127-R2,GC-503127,2023-12-13,20.2
GC-503127-R3,GC-503127,2024-05-13,27.92
GC-503127-R4,GC-503127,2024-10-13,11.07
GC-503128-R1,GC-503128,2024-01-07,99.2
GC-503128-R2,GC-503128,2024-01-18,-42.85
GC-503132-R1,GC-503132,2023-10-19,10.74
GC-503132-R2,GC-503132,2024-03-19,6.42
GC-503132-R3,GC-503132,2024-08-19,2.62
GC-503132-R4,GC-503132,2024-11-19,1.26
GC-503133-R1,GC-503133,2024-07-28,90.67
GC-503134-R1,GC-503134,2024-08-28,10.63
GC-503134-R2,GC-503134,2024-11-28,8.91
GC-503135-R1,GC-503135,2023-05-02,46.27
GC-503135-R2,GC-503135,2023-07-02,56.6
GC-503135-R3,GC-503135,2023-12-02,25.1
GC-503135-R4,GC-503135,2024-04-02,26.36
GC-503135-R5,GC-503135,2024-09-02,36.87
GC-503136-R1,GC-503136,2024-04-10,69.76
GC-503137-R1,GC-503137,2024-03-24,139.23
GC-503138-R1,GC-503138,2023-05-28,46.51
GC-503139-R1,GC-503139,2022-08-13,182.52
GC-503140-R1,GC-503140,2023-09-21,38.87
GC-503140-R2,GC-503140,2024-02-21,46.77
GC-503140-R3,GC-503140,2024-06-21,12.86
GC-503140-R4,GC-503140,2024-10-21,38.12
GC-503141-R1,GC-503141,2024-04-15,23.15
GC-503141-R2,GC-503141,2024-06-15,6.19
GC-503141-R3,GC-503141,2024-08-15,17.05
GC-503143-R1,GC-503143,2023-03-13,30.49
GC-503143-R2,GC-503143,2023-05-13,29.12
GC-503143-R3,GC-503143,2023-10-13,32.65
GC-503144-R1,GC-503144,2024-10-25,13.17
GC-503144-R2,GC-503144,2024-10-29,-2.74
GC-503145-R1,GC-503145,2024-04-14,148.91
GC-503146-R1,GC-503146,2023-09-09,22.65
GC-503146-R2,GC-503146,2023-10-09,8.56
GC-503146-R3,GC-503146,2023-12-09,18.29
GC-503148-R1,GC-503148,2023-04-03,146.7
GC-503151-R1,GC-503151,2024-09-24,135.93
GC-503152-R1,GC-503152,2024-02-01,23.44
GC-503153-R1,GC-503153,2023-08-11,90.64
GC-503155-R1,GC-503155,2023-06-10,31.06
GC-503155-R2,GC-503155,2023-07-10,20.72
GC-503155-R3,GC-503155,2023-11-10,21.67
GC-503157-R1,GC-503157,2024-08-28,73.55
GC-503157-R2,GC-503157,2024-09-28,51.8
GC-503158-R1,GC-503158,2024-06-26,188.56
GC-503160-R1,GC-503160,2022-07-27,81.87
GC-503160-R2,GC-503160,2022-12-27,22.79
GC-503160-R3,GC-503160,2023-02-27,22.38
GC-503160-R4,GC-503160,2023-03-27,59.38
GC-503162-R1,GC-503162,2023-05-23,45.68
GC-503163-R1,GC-503163,2024-06-28,45.36
GC-503164-R1,GC-503164,2023-11-06,140.51
GC-503165-R1,GC-503165,2022-06-20,48.03
GC-503166-R1,GC-503166,2023-11-17,73.3
GC-503167-R1,GC-503167,2023-01-01,193.95
GC-503169-R1,GC-503169,2023-02-17,145.7
GC-503171-R1,GC-503171,2023-05-07,45.21
GC-503172-R1,GC-503172,2024-07-05,16.18
GC-503172-R2,GC-503172,2024-09-05,14.91
GC-503172-R3,GC-503172,2024-12-05,17.41
GC-503173-R1,GC-503173,2022-12-23,24.42
GC-503173-R2,GC-503173,2023-02-23,8.86
GC-503173-R3,GC-503173,2023-05-23,6.71
GC-503173-R4,GC-503173,2023-08-23,9.98
GC-503174-R1,GC-503174,2024-12-19,17.72
GC-503175-R1,GC-503175,2023-11-13,73.73
GC-503176-R1,GC-503176,2024-01-07,60.42
GC-503176-R2,GC-503176,2024-01-17,-28.92
GC-503177-R1,GC-503177,2022-11-04,24.67
GC-503178-R1,GC-503178,2024-10-06,149.17
GC-503179-R1,GC-503179,2024-04-18,197.55
GC-503181-R1,GC-503181,2023-02-17,13.29
GC-503181-R2,GC-503181,2023-05-17,16.31
GC-503181-R3,GC-503181,2023-10-17,5.72
GC-503181-R4,GC-503181,2023-12-17,3.48
GC-503181-R5,GC-503181,2024-05-17,7.66
GC-503185-R1,GC-503185,2023-11-07,4.94
GC-503185-R2,GC-503185,2024-01-07,6.23
GC-503185-R3,GC-503185,2024-03-07,5.26
GC-503185-R4,GC-503185,2024-08-07,7.86
GC-503186-R1,GC-503186,2023-08-15,22.67
GC-503187-R1,GC-503187,2022-04-25,61.21
GC-503187-R2,GC-503187,2022-07-25,57.15
GC-503187-R3,GC-503187,2022-12-25,19.62
GC-503187-R4,GC-503187,2023-02-25,55.54
GC-503188-R1,GC-503188,2024-08-13,174.17
GC-503189-R1,GC-503189,2024-05-10,194.8
GC-503191-R1,GC-503191,2024-10-09,17.33
GC-503192-R1,GC-503192,2023-01-21,22.19
GC-503192-R2,GC-503192,2023-04-21,5.19
GC-503192-R3,GC-503192,2023-05-21,18.93
GC-503193-R1,GC-503193,2022-09-10,25.52
GC-503193-R2,GC-503193,2022-10-10,11.9
GC-503193-R3,GC-503193,2023-03-10,13.87
GC-503193-R4,GC-503193,2023-08-10,7.5
GC-503193-R5,GC-503193,2023-09-10,11.65
GC-503194-R1,GC-503194,2023-07-07,22.65
GC-503195-R1,GC-503195,2024-02-15,44.53
GC-503195-R2,GC-503195,2024-04-15,19.41
GC-503195-R3,GC-503195,2024-05-15,9.88
GC-503195-R4,GC-503195,2024-07-15,8.62
GC-503195-R5,GC-503195,2024-11-15,16.5
GC-503197-R1,GC-503197,2022-08-28,51.56
GC-503197-R2,GC-503197,2022-12-28,35.52
GC-503197-R3,GC-503197,2023-01-28,14.07
GC-503197-R4,GC-503197,2023-06-28,47.82
GC-503199-R1,GC-503199,2023-04-23,182.06
GC-503200-R1,GC-503200,2024-07-08,149.67
