card_id,customer_id,issuance_date,issued_amount,currency,status
GC-500001,CUST-00457,2022-02-21,69.34,GBP,ACTIVE
GC-500002,CUST-02234,2022-06-28,90.32,EUR,ACTIVE
GC-500003,CUST-02070,2022-02-24,48.58,EUR,ACTIVE
GC-500004,CUST-01719,2023-03-28,139.17,USD,ACTIVE
GC-500005,CUST-01732,2023-11-28,46.08,USD,ACTIVE
GC-500006,CUST-00380,2024-02-18,73.86,USD,ACTIVE
GC-500007,CUST-00178,2024-07-29,24.93,EUR,ACTIVE
GC-500008,CUST-01482,2023-01-29,22.61,GBP,ACTIVE
GC-500009,CUST-00327,2023-04-22,92.78,USD,ACTIVE
GC-500010,CUST-01495,2022-11-30,69.07,USD,ACTIVE
GC-500011,CUST-00900,2023-10-27,49.11,USD,ACTIVE
GC-500012,CUST-01097,2022-05-16,148.15,USD,ACTIVE
GC-500013,CUST-01755,2024-03-28,49.99,USD,ACTIVE
GC-500014,CUST-00373,2022-04-07,48.14,USD,ACTIVE
GC-500015,CUST-00261,2024-02-28,149.94,USD,ACTIVE
GC-500016,CUST-00648,2024-07-18,197.52,USD,ACTIVE
GC-500017,CUST-02080,2023-02-12,73.22,USD,ACTIVE
GC-500018,CUST-02324,2022-06-11,189.72,USD,ACTIVE
GC-500019,CUST-02182,2022-09-15,189.51,USD,ACTIVE
GC-500020,CUST-01277,2024-03-28,187.47,GBP,VOIDED
GC-500021,CUST-01850,2022-09-05,45.32,USD,ACTIVE
GC-500022,CUST-00943,2023-03-28,24.27,USD,ACTIVE
GC-500023,CUST-00129,2023-11-08,138.57,USD,ACTIVE
GC-500024,CUST-00878,2022-09-28,143.64,GBP,ACTIVE
GC-500025,CUST-01668,2023-01-25,24.15,USD,ACTIVE
GC-500026,CUST-00448,2023-05-25,47.68,USD,ACTIVE
GC-500027,CUST-01141,2024-08-05,23.61,USD,ACTIVE
GC-500028,CUST-00402,2022-04-14,147.54,GBP,ACTIVE
GC-500029,CUST-01643,2022-05-01,90.02,USD,ACTIVE
GC-500030,CUST-00892,2022-04-30,190.84,EUR,ACTIVE
GC-500031,CUST-00206,2024-09-03,137.36,EUR,ACTIVE
GC-500032,CUST-00964,2024-04-06,138.69,USD,ACTIVE
GC-500033,CUST-00336,2024-05-08,143.48,GBP,ACTIVE
GC-500034,CUST-00537,2023-09-07,74.47,USD,ACTIVE
GC-500035,CUST-02307,2022-07-24,138.2,USD,ACTIVE
GC-500036,CUST-02167,2022-01-17,139.49,GBP,ACTIVE
GC-500037,CUST-00551,2023-06-26,24.36,USD,ACTIVE
GC-500038,CUST-00863,2023-12-04,192.68,USD,ACTIVE
GC-500039,CUST-00015,2023-11-15,199.6,USD,ACTIVE
GC-500040,CUST-02260,2024-05-25,22.78,EUR,ACTIVE
GC-500041,CUST-01513,2022-10-31,45.21,USD,ACTIVE
GC-500042,CUST-02294,2024-04-12,183.09,EUR,ACTIVE
GC-500043,CUST-00726,2024-04-24,48.68,USD,ACTIVE
GC-500044,CUST-00818,2024-07-31,73.65,USD,ACTIVE
GC-500045,CUST-00097,2023-01-31,69.59,USD,ACTIVE
GC-500046,CUST-01144,2023-12-21,141.0,GBP,ACTIVE
GC-500047,CUST-00114,2022-08-25,47.9,USD,ACTIVE
GC-500048,CUST-01780,2023-12-09,70.77,GBP,ACTIVE
GC-500049,CUST-02362,2023-01-25,24.27,USD,ACTIVE
GC-500050,CUST-02206,2023-02-08,90.7,USD,ACTIVE
GC-500051,CUST-01353,2023-10-05,24.3,GBP,ACTIVE
GC-500052,CUST-00713,2023-09-09,147.51,USD,ACTIVE
GC-500053,CUST-01810,2024-06-24,47.56,GBP,ACTIVE
GC-500054,CUST-00348,2023-08-05,192.66,EUR,ACTIVE
GC-500055,CUST-01003,2024-08-31,23.64,EUR,VOIDED
GC-500056,CUST-02358,2023-02-03,187.68,GBP,ACTIVE
GC-500057,CUST-00721,2024-11-26,23.89,USD,VOIDED
GC-500058,CUST-00498,2024-07-23,96.68,USD,ACTIVE
GC-500059,CUST-01813,2024-10-30,141.69,USD,ACTIVE
GC-500060,CUST-01945,2024-07-10,49.2,USD,ACTIVE
GC-500061,CUST-01802,2022-06-08,69.26,GBP,ACTIVE
GC-500062,CUST-02223,2024-08-12,23.02,USD,ACTIVE
GC-500063,CUST-01559,2024-09-03,69.74,USD,ACTIVE
GC-500064,CUST-02237,2023-03-28,46.36,USD,ACTIVE
GC-500065,CUST-02188,2022-02-25,143.47,USD,ACTIVE
GC-500066,CUST-01756,2022-10-05,45.25,USD,ACTIVE
GC-500067,CUST-01034,2022-06-17,24.37,USD,ACTIVE
GC-500068,CUST-00919,2022-05-21,24.39,GBP,ACTIVE
GC-500069,CUST-00625,2023-05-04,96.69,USD,ACTIVE
GC-500070,CUST-00893,2024-08-10,73.25,GBP,ACTIVE
GC-500071,CUST-00470,2022-12-02,23.95,USD,ACTIVE
GC-500072,CUST-00813,2022-06-05,196.61,EUR,ACTIVE
GC-500073,CUST-01236,2022-09-05,23.37,EUR,ACTIVE
GC-500074,CUST-01776,2024-01-12,97.07,GBP,ACTIVE
GC-500075,CUST-01981,2024-08-10,191.85,USD,ACTIVE
GC-500076,CUST-00999,2024-08-09,145.02,EUR,ACTIVE
GC-500077,CUST-01454,2023-06-14,74.1,USD,ACTIVE
GC-500078,CUST-01132,2022-01-21,45.43,EUR,ACTIVE
GC-500079,CUST-02275,2023-05-08,96.46,GBP,ACTIVE
GC-500080,CUST-02383,2024-01-26,142.96,USD,ACTIVE
GC-500081,CUST-00945,2022-09-05,46.58,GBP,ACTIVE
GC-500082,CUST-00785,2023-03-20,92.76,GBP,ACTIVE
GC-500083,CUST-02149,2023-08-03,46.48,USD,ACTIVE
GC-500084,CUST-02011,2022-07-30,139.27,USD,ACTIVE
GC-500085,CUST-01642,2024-10-04,144.44,USD,ACTIVE
GC-500086,CUST-02306,2023-09-15,45.59,USD,ACTIVE
GC-500087,CUST-00925,2024-12-06,99.09,USD,ACTIVE
GC-500088,CUST-01251,2022-05-04,181.98,EUR,ACTIVE
GC-500089,CUST-01084,2022-06-16,45.87,USD,ACTIVE
GC-500090,CUST-01674,2024-07-11,142.05,GBP,ACTIVE
GC-500091,CUST-01159,2024-07-18,184.67,USD,ACTIVE
GC-500092,CUST-01742,2022-08-24,48.24,EUR,VOIDED
GC-500093,CUST-00583,2022-05-27,48.96,USD,ACTIVE
GC-500094,CUST-02332,2023-08-15,23.67,USD,ACTIVE
GC-500095,CUST-01321,2023-05-28,23.07,USD,ACTIVE
GC-500096,CUST-02357,2022-02-12,71.82,GBP,ACTIVE
GC-500097,CUST-01928,2024-11-28,99.16,GBP,ACTIVE
GC-500098,CUST-01786,2024-10-04,93.48,USD,ACTIVE
GC-500099,CUST-01687,2024-10-11,198.9,USD,ACTIVE
GC-500100,CUST-00151,2024-07-20,69.39,USD,ACTIVE
GC-500101,CUST-01656,2024-11-19,197.39,USD,ACTIVE
GC-500102,CUST-02124,2024-01-11,96.25,EUR,ACTIVE
GC-500103,CUST-01094,2022-09-26,98.81,USD,ACTIVE
GC-500104,CUST-02263,2024-04-15,49.96,USD,VOIDED
GC-500105,CUST-01891,2022-08-29,47.49,GBP,ACTIVE
GC-500106,CUST-02085,2023-07-14,99.8,USD,ACTIVE
GC-500107,CUST-00593,2024-02-25,142.62,USD,ACTIVE
GC-500108,CUST-01132,2024-04-29,139.01,USD,ACTIVE
GC-500109,CUST-01223,2024-09-29,95.39,USD,ACTIVE
GC-500110,CUST-01546,2024-07-21,49.9,USD,ACTIVE
GC-500111,CUST-00957,2024-04-21,73.09,USD,ACTIVE
GC-500112,CUST-01562,2024-03-01,199.62,GBP,ACTIVE
GC-500113,CUST-01804,2022-07-24,90.15,EUR,ACTIVE
GC-500114,CUST-00633,2022-06-03,70.04,USD,ACTIVE
GC-500115,CUST-00329,2023-11-04,140.7,GBP,ACTIVE
GC-500116,CUST-01778,2022-07-21,197.45,GBP,ACTIVE
GC-500117,CUST-02176,2024-04-23,195.85,EUR,ACTIVE
GC-500118,CUST-01567,2023-05-09,137.15,USD,ACTIVE
GC-500119,CUST-00648,2022-06-01,74.91,USD,ACTIVE
GC-500120,CUST-00972,2024-02-21,71.81,EUR,ACTIVE
GC-500121,CUST-01622,2023-07-17,147.98,USD,ACTIVE
GC-500122,CUST-02035,2023-08-10,147.03,USD,ACTIVE
GC-500123,CUST-01027,2022-10-08,24.76,GBP,ACTIVE
GC-500124,CUST-01266,2024-06-21,140.47,USD,ACTIVE
GC-500125,CUST-01339,2024-04-30,45.66,USD,ACTIVE
GC-500126,CUST-01974,2023-08-28,73.53,GBP,ACTIVE
GC-500127,CUST-02283,2024-01-20,90.14,USD,ACTIVE
GC-500128,CUST-01932,2022-02-21,139.92,EUR,ACTIVE
GC-500129,CUST-00259,2024-08-08,72.37,GBP,ACTIVE
GC-500130,CUST-00153,2023-09-16,22.74,USD,VOIDED
GC-500131,CUST-00556,2024-03-06,72.53,USD,ACTIVE
GC-500132,CUST-01717,2022-11-13,181.98,USD,ACTIVE
GC-500133,CUST-00407,2024-01-23,187.17,EUR,ACTIVE
GC-500134,CUST-00088,2022-04-14,49.94,USD,ACTIVE
GC-500135,CUST-00282,2023-03-01,49.07,EUR,ACTIVE
GC-500136,CUST-00605,2022-01-06,49.94,USD,ACTIVE
GC-500137,CUST-00975,2023-10-26,46.33,USD,ACTIVE
GC-500138,CUST-02155,2022-08-21,23.69,GBP,ACTIVE
GC-500139,CUST-00447,2024-07-14,49.73,EUR,ACTIVE
GC-500140,CUST-02136,2023-09-10,199.28,USD,ACTIVE
GC-500141,CUST-01646,2024-05-23,23.73,GBP,VOIDED
GC-500142,CUST-00302,2022-06-15,137.23,USD,ACTIVE
GC-500143,CUST-02398,2023-10-28,142.96,USD,ACTIVE
GC-500144,CUST-01695,2023-11-26,94.16,USD,ACTIVE
GC-500145,CUST-01281,2023-06-07,48.43,USD,ACTIVE
GC-500146,CUST-00533,2022-05-03,143.43,EUR,ACTIVE
GC-500147,CUST-01683,2023-12-26,98.68,GBP,ACTIVE
GC-500148,CUST-01280,2023-12-22,142.61,USD,ACTIVE
GC-500149,CUST-00919,2022-08-10,140.51,USD,ACTIVE
GC-500150,CUST-00927,2024-05-28,144.2,EUR,ACTIVE
GC-500151,CUST-00108,2023-07-02,46.37,USD,ACTIVE
GC-500152,CUST-01438,2022-01-13,47.83,USD,ACTIVE
GC-500153,CUST-01859,2023-11-30,69.84,USD,ACTIVE
GC-500154,CUST-01990,2024-06-24,69.12,USD,ACTIVE
GC-500155,CUST-01994,2024-12-15,67.84,GBP,ACTIVE
GC-500156,CUST-00032,2023-02-23,48.84,USD,ACTIVE
GC-500157,CUST-01344,2022-09-03,97.47,USD,ACTIVE
GC-500158,CUST-02182,2023-04-17,147.5,EUR,ACTIVE
GC-500159,CUST-01627,2022-03-28,23.65,USD,ACTIVE
GC-500160,CUST-02359,2024-05-29,97.09,EUR,ACTIVE
GC-500161,CUST-01885,2024-01-12,98.44,USD,ACTIVE
GC-500162,CUST-01641,2024-12-09,98.71,USD,ACTIVE
GC-500163,CUST-01365,2022-12-11,144.5,USD,ACTIVE
GC-500164,CUST-01049,2023-02-09,137.29,USD,ACTIVE
GC-500165,CUST-00726,2024-10-08,146.4,USD,ACTIVE
GC-500166,CUST-01324,2023-10-10,90.68,USD,ACTIVE
GC-500167,CUST-00234,2024-01-26,24.11,USD,ACTIVE
GC-500168,CUST-02378,2022-03-26,144.78,USD,ACTIVE
GC-500169,CUST-02067,2022-12-20,48.54,USD,ACTIVE
GC-500170,CUST-00651,2024-01-16,70.41,USD,ACTIVE
GC-500171,CUST-00215,2023-11-17,68.21,USD,ACTIVE
GC-500172,CUST-01164,2023-06-01,199.29,GBP,ACTIVE
GC-500173,CUST-00616,2023-11-14,144.95,USD,VOIDED
GC-500174,CUST-01271,2024-03-13,145.63,USD,ACTIVE
GC-500175,CUST-01543,2023-11-04,194.06,USD,ACTIVE
GC-500176,CUST-01735,2024-11-07,23.41,USD,ACTIVE
GC-500177,CUST-01400,2024-09-22,50.0,USD,ACTIVE
GC-500178,CUST-00415,2024-11-05,197.67,EUR,ACTIVE
GC-500179,CUST-00537,2024-02-11,45.9,USD,ACTIVE
GC-500180,CUST-00679,2024-06-15,93.64,USD,ACTIVE
GC-500181,CUST-01820,2023-08-07,92.34,GBP,ACTIVE
GC-500182,CUST-01922,2023-02-02,198.94,USD,ACTIVE
GC-500183,CUST-01565,2024-10-26,99.66,EUR,ACTIVE
GC-500184,CUST-01025,2022-04-17,98.74,GBP,ACTIVE
GC-500185,CUST-00421,2024-11-22,68.13,USD,ACTIVE
GC-500186,CUST-02103,2022-10-29,24.87,USD,ACTIVE
GC-500187,CUST-01432,2022-02-24,23.49,USD,ACTIVE
GC-500188,CUST-00599,2022-10-09,74.38,USD,ACTIVE
GC-500189,CUST-01049,2023-03-18,149.1,USD,ACTIVE
GC-500190,CUST-01734,2022-08-16,46.51,USD,ACTIVE
GC-500191,CUST-01873,2022-05-09,95.97,USD,ACTIVE
GC-500192,CUST-02356,2023-05-11,46.46,GBP,ACTIVE
GC-500193,CUST-00986,2024-05-03,193.36,USD,ACTIVE
GC-500194,CUST-02270,2022-02-11,90.44,USD,ACTIVE
GC-500195,CUST-02384,2023-11-12,23.38,USD,ACTIVE
GC-500196,CUST-00152,2023-08-24,24.48,USD,VOIDED
GC-500197,CUST-01293,2023-09-28,99.89,EUR,ACTIVE
GC-500198,CUST-01120,2022-09-12,98.89,USD,ACTIVE
GC-500199,CUST-01389,2023-01-18,189.95,USD,ACTIVE
GC-500200,CUST-01739,2022-06-11,149.93,USD,ACTIVE
GC-500201,CUST-01316,2022-07-30,72.46,USD,ACTIVE
GC-500202,CUST-01125,2022-04-28,192.75,USD,ACTIVE
GC-500203,CUST-01484,2024-02-24,24.01,EUR,ACTIVE
GC-500204,CUST-01520,2024-02-01,23.93,USD,ACTIVE
GC-500205,CUST-02121,2024-03-03,23.15,EUR,ACTIVE
GC-500206,CUST-00304,2024-07-14,188.9,USD,ACTIVE
GC-500207,CUST-01310,2023-12-13,23.87,GBP,ACTIVE
GC-500208,CUST-00569,2023-04-30,23.4,USD,ACTIVE
GC-500209,CUST-01915,2022-09-23,22.66,EUR,ACTIVE
GC-500210,CUST-01909,2024-11-25,49.39,USD,ACTIVE
GC-500211,CUST-00746,2022-09-22,148.66,USD,ACTIVE
GC-500212,CUST-02123,2022-11-10,45.81,USD,ACTIVE
GC-500213,CUST-02126,2023-08-05,68.97,USD,ACTIVE
GC-500214,CUST-00383,2024-10-26,47.96,GBP,ACTIVE
GC-500215,CUST-00702,2023-11-23,24.56,EUR,ACTIVE
GC-500216,CUST-02363,2023-06-27,48.83,GBP,ACTIVE
GC-500217,CUST-00246,2022-11-20,94.84,USD,ACTIVE
GC-500218,CUST-00589,2023-10-03,73.01,GBP,ACTIVE
GC-500219,CUST-00536,2024-01-29,136.59,EUR,ACTIVE
GC-500220,CUST-01096,2024-07-09,45.48,USD,ACTIVE
GC-500221,CUST-01342,2023-10-03,47.49,USD,ACTIVE
GC-500222,CUST-00882,2023-12-24,23.2,USD,ACTIVE
GC-500223,CUST-01928,2023-08-09,24.62,EUR,ACTIVE
GC-500224,CUST-01485,2023-08-15,95.04,USD,ACTIVE
GC-500225,CUST-00487,2022-09-21,93.73,USD,ACTIVE
GC-500226,CUST-00591,2023-02-12,141.02,EUR,ACTIVE
GC-500227,CUST-00562,2023-11-14,141.85,USD,ACTIVE
GC-500228,CUST-02112,2022-10-14,139.78,USD,ACTIVE
GC-500229,CUST-01509,2023-11-10,24.95,GBP,ACTIVE
GC-500230,CUST-00110,2024-08-29,195.66,USD,ACTIVE
GC-500231,CUST-00933,2022-04-16,91.71,EUR,ACTIVE
GC-500232,CUST-01558,2022-10-30,45.16,GBP,ACTIVE
GC-500233,CUST-01807,2023-10-05,47.06,USD,ACTIVE
GC-500234,CUST-01932,2022-05-08,47.59,GBP,ACTIVE
GC-500235,CUST-01960,2024-12-12,74.68,USD,ACTIVE
GC-500236,CUST-02238,2023-12-27,193.61,GBP,ACTIVE
GC-500237,CUST-01984,2023-01-29,71.69,USD,ACTIVE
GC-500238,CUST-01184,2023-03-01,189.78,GBP,ACTIVE
GC-500239,CUST-01190,2022-03-28,181.58,USD,ACTIVE
GC-500240,CUST-00877,2023-02-18,74.5,EUR,ACTIVE
GC-500241,CUST-00563,2022-08-12,191.74,EUR,ACTIVE
GC-500242,CUST-02176,2023-04-08,45.26,GBP,ACTIVE
GC-500243,CUST-01956,2023-02-13,69.64,USD,ACTIVE
GC-500244,CUST-00367,2023-04-21,194.46,EUR,ACTIVE
GC-500245,CUST-00721,2022-03-16,91.86,USD,ACTIVE
GC-500246,CUST-00154,2022-01-19,144.04,USD,ACTIVE
GC-500247,CUST-02226,2024-12-09,49.26,USD,ACTIVE
GC-500248,CUST-01355,2022-11-29,96.48,GBP,ACTIVE
GC-500249,CUST-00058,2023-11-22,145.12,USD,ACTIVE
GC-500250,CUST-01661,2024-05-25,68.15,EUR,ACTIVE
GC-500251,CUST-00757,2022-10-15,74.52,USD,ACTIVE
GC-500252,CUST-00965,2024-07-03,69.76,USD,ACTIVE
GC-500253,CUST-01072,2024-01-07,45.31,GBP,ACTIVE
GC-500254,CUST-00655,2024-04-10,148.85,GBP,VOIDED
GC-500255,CUST-01274,2022-08-29,70.26,GBP,ACTIVE
GC-500256,CUST-01959,2022-11-10,199.78,USD,ACTIVE
GC-500257,CUST-02153,2024-07-03,187.24,EUR,VOIDED
GC-500258,CUST-00460,2022-05-07,138.03,EUR,ACTIVE
GC-500259,CUST-02389,2024-09-28,141.68,USD,ACTIVE
GC-500260,CUST-02103,2024-04-30,135.87,USD,ACTIVE
GC-500261,CUST-01412,2022-05-11,24.84,EUR,ACTIVE
GC-500262,CUST-00130,2023-08-11,48.84,USD,ACTIVE
GC-500263,CUST-01534,2024-02-23,93.76,USD,ACTIVE
GC-500264,CUST-02209,2022-09-30,68.39,GBP,ACTIVE
GC-500265,CUST-00913,2022-01-08,70.97,USD,ACTIVE
GC-500266,CUST-01738,2024-12-25,46.24,USD,ACTIVE
GC-500267,CUST-00463,2022-03-07,96.15,GBP,ACTIVE
GC-500268,CUST-00276,2022-07-26,23.62,EUR,ACTIVE
GC-500269,CUST-00200,2023-05-17,23.51,GBP,ACTIVE
GC-500270,CUST-00232,2022-10-14,69.26,EUR,VOIDED
GC-500271,CUST-02360,2023-10-16,146.59,EUR,ACTIVE
GC-500272,CUST-01237,2022-10-21,138.32,GBP,ACTIVE
GC-500273,CUST-02277,2024-10-12,74.56,USD,ACTIVE
GC-500274,CUST-02149,2023-10-15,94.08,GBP,ACTIVE
GC-500275,CUST-01897,2022-04-29,99.68,EUR,ACTIVE
GC-500276,CUST-00550,2024-03-06,69.03,USD,ACTIVE
GC-500277,CUST-01843,2024-01-30,145.87,USD,ACTIVE
GC-500278,CUST-01545,2022-03-22,49.02,USD,ACTIVE
GC-500279,CUST-02290,2023-03-21,49.35,USD,ACTIVE
GC-500280,CUST-00994,2023-02-23,47.76,USD,ACTIVE
GC-500281,CUST-01910,2024-12-28,69.81,GBP,ACTIVE
GC-500282,CUST-00404,2024-08-19,46.85,USD,ACTIVE
GC-500283,CUST-02373,2024-05-05,45.98,USD,ACTIVE
GC-500284,CUST-01007,2024-10-19,198.87,EUR,ACTIVE
GC-500285,CUST-01888,2022-12-11,68.77,GBP,ACTIVE
GC-500286,CUST-00754,2022-05-01,24.6,EUR,ACTIVE
GC-500287,CUST-00199,2022-01-14,49.21,USD,ACTIVE
GC-500288,CUST-00619,2022-01-19,141.84,USD,ACTIVE
GC-500289,CUST-01980,2024-09-26,23.83,USD,ACTIVE
GC-500290,CUST-01126,2023-08-11,147.2,USD,ACTIVE
GC-500291,CUST-00735,2022-08-08,137.23,USD,ACTIVE
GC-500292,CUST-01034,2023-12-27,90.79,USD,ACTIVE
GC-500293,CUST-00331,2022-03-06,93.79,USD,ACTIVE
GC-500294,CUST-00230,2022-01-20,45.41,GBP,ACTIVE
GC-500295,CUST-02318,2022-07-15,23.07,EUR,VOIDED
GC-500296,CUST-02322,2024-08-31,24.81,USD,ACTIVE
GC-500297,CUST-01149,2022-03-09,67.62,USD,ACTIVE
GC-500298,CUST-01632,2022-06-07,47.82,USD,ACTIVE
GC-500299,CUST-01594,2023-11-11,182.8,USD,ACTIVE
GC-500300,CUST-01417,2022-04-20,92.32,USD,ACTIVE
GC-500301,CUST-01625,2023-10-31,185.47,USD,ACTIVE
GC-500302,CUST-02266,2024-02-08,48.4,USD,ACTIVE
GC-500303,CUST-00352,2023-08-28,181.47,USD,ACTIVE
GC-500304,CUST-01822,2024-01-08,22.83,USD,ACTIVE
GC-500305,CUST-02282,2024-11-15,22.57,USD,ACTIVE
GC-500306,CUST-01329,2024-02-28,70.6,USD,ACTIVE
GC-500307,CUST-00995,2024-12-03,187.61,USD,ACTIVE
GC-500308,CUST-01100,2024-10-06,22.92,USD,ACTIVE
GC-500309,CUST-00316,2024-01-10,48.6,USD,ACTIVE
GC-500310,CUST-01557,2023-11-06,70.73,USD,ACTIVE
GC-500311,CUST-01231,2023-10-19,184.02,EUR,ACTIVE
GC-500312,CUST-01610,2024-01-18,138.0,USD,ACTIVE
GC-500313,CUST-02254,2022-02-25,99.43,GBP,ACTIVE
GC-500314,CUST-01194,2022-05-22,189.99,USD,ACTIVE
GC-500315,CUST-00992,2023-06-02,48.58,GBP,ACTIVE
GC-500316,CUST-01840,2024-09-08,95.34,EUR,ACTIVE
GC-500317,CUST-01473,2022-06-24,48.29,USD,ACTIVE
GC-500318,CUST-01060,2023-03-31,190.38,EUR,ACTIVE
GC-500319,CUST-02357,2023-03-29,70.43,USD,ACTIVE
GC-500320,CUST-02050,2022-11-05,23.71,USD,ACTIVE
GC-500321,CUST-01866,2023-02-28,93.48,EUR,ACTIVE
GC-500322,CUST-01854,2023-10-16,67.84,USD,ACTIVE
GC-500323,CUST-00093,2023-12-04,24.19,GBP,ACTIVE
GC-500324,CUST-01000,2024-11-22,137.4,USD,ACTIVE
GC-500325,CUST-01893,2023-04-20,183.69,USD,ACTIVE
GC-500326,CUST-01771,2024-03-21,192.28,USD,ACTIVE
GC-500327,CUST-01760,2024-03-07,184.3,USD,ACTIVE
GC-500328,CUST-01075,2024-09-29,186.27,EUR,ACTIVE
GC-500329,CUST-00468,2023-12-14,96.17,USD,ACTIVE
GC-500330,CUST-00348,2022-10-02,23.1,USD,ACTIVE
GC-500331,CUST-00580,2024-11-12,95.96,USD,ACTIVE
GC-500332,CUST-01733,2023-01-16,190.75,USD,VOIDED
GC-500333,CUST-00710,2022-12-08,68.55,USD,ACTIVE
GC-500334,CUST-02301,2024-11-01,94.09,GBP,ACTIVE
GC-500335,CUST-02002,2022-12-09,135.46,USD,ACTIVE
GC-500336,CUST-00134,2023-07-17,139.33,USD,ACTIVE
GC-500337,CUST-02029,2024-11-12,136.71,USD,ACTIVE
GC-500338,CUST-02221,2022-03-27,95.46,GBP,ACTIVE
GC-500339,CUST-01014,2023-09-02,92.63,USD,ACTIVE
GC-500340,CUST-01799,2022-08-29,49.05,USD,ACTIVE
GC-500341,CUST-01437,2024-05-26,137.09,USD,ACTIVE
GC-500342,CUST-00244,2023-12-20,71.98,EUR,ACTIVE
GC-500343,CUST-01199,2023-08-16,74.64,EUR,ACTIVE
GC-500344,CUST-01023,2022-10-27,73.71,GBP,ACTIVE
GC-500345,CUST-02005,2022-10-19,185.37,EUR,ACTIVE
GC-500346,CUST-01863,2024-09-26,135.04,USD,ACTIVE
GC-500347,CUST-01878,2024-01-04,140.97,USD,ACTIVE
GC-500348,CUST-01384,2022-09-25,97.88,EUR,VOIDED
GC-500349,CUST-00199,2022-04-05,195.68,USD,ACTIVE
GC-500350,CUST-00829,2022-09-28,68.69,GBP,ACTIVE
GC-500351,CUST-01477,2023-05-28,72.48,USD,ACTIVE
GC-500352,CUST-00213,2024-03-22,72.94,GBP,ACTIVE
GC-500353,CUST-00374,2022-07-14,47.38,USD,ACTIVE
GC-500354,CUST-02128,2024-06-30,24.24,USD,ACTIVE
GC-500355,CUST-00542,2024-09-05,46.92,USD,ACTIVE
GC-500356,CUST-00423,2023-10-04,68.53,USD,ACTIVE
GC-500357,CUST-00586,2022-05-21,135.13,EUR,ACTIVE
GC-500358,CUST-01803,2023-12-21,48.14,GBP,ACTIVE
GC-500359,CUST-01813,2023-03-21,22.85,USD,ACTIVE
GC-500360,CUST-01573,2023-12-21,73.43,USD,ACTIVE
GC-500361,CUST-00346,2023-05-24,144.0,EUR,ACTIVE
GC-500362,CUST-00110,2023-09-10,144.1,USD,ACTIVE
GC-500363,CUST-01211,2022-04-22,93.86,USD,ACTIVE
GC-500364,CUST-00291,2024-12-17,74.5,USD,ACTIVE
GC-500365,CUST-02329,2024-05-11,145.24,USD,ACTIVE
GC-500366,CUST-00069,2022-05-19,69.12,USD,ACTIVE
GC-500367,CUST-02053,2024-04-30,188.05,USD,ACTIVE
GC-500368,CUST-02203,2022-11-09,23.27,USD,ACTIVE
GC-500369,CUST-01271,2024-06-14,45.29,GBP,ACTIVE
GC-500370,CUST-00476,2024-07-17,135.83,EUR,ACTIVE
GC-500371,CUST-00720,2022-09-02,182.74,USD,ACTIVE
GC-500372,CUST-01421,2024-12-07,185.18,EUR,ACTIVE
GC-500373,CUST-00484,2022-03-02,92.72,USD,ACTIVE
GC-500374,CUST-02362,2022-06-07,95.11,USD,ACTIVE
GC-500375,CUST-02322,2022-12-08,46.28,USD,ACTIVE
GC-500376,CUST-00473,2023-04-13,135.04,GBP,ACTIVE
GC-500377,CUST-01002,2022-04-05,70.37,USD,ACTIVE
GC-500378,CUST-00145,2024-05-08,69.36,USD,VOIDED
GC-500379,CUST-01311,2023-07-10,140.59,USD,ACTIVE
GC-500380,CUST-00283,2024-08-10,69.95,USD,ACTIVE
GC-500381,CUST-00033,2024-01-26,71.73,USD,ACTIVE
GC-500382,CUST-01005,2022-11-05,90.24,USD,ACTIVE
GC-500383,CUST-00976,2024-05-09,24.93,USD,ACTIVE
GC-500384,CUST-00382,2022-03-31,141.2,USD,VOIDED
GC-500385,CUST-01878,2022-06-23,23.76,EUR,ACTIVE
GC-500386,CUST-01616,2022-06-03,135.93,EUR,ACTIVE
GC-500387,CUST-00536,2023-04-30,73.88,USD,ACTIVE
GC-500388,CUST-01337,2023-10-14,69.25,USD,ACTIVE
GC-500389,CUST-02395,2022-08-12,22.91,USD,ACTIVE
GC-500390,CUST-00371,2022-11-19,73.7,GBP,ACTIVE
GC-500391,CUST-00166,2023-03-17,45.46,USD,ACTIVE
GC-500392,CUST-01624,2024-11-17,185.98,USD,ACTIVE
GC-500393,CUST-00128,2024-04-08,146.22,USD,ACTIVE
GC-500394,CUST-00418,2022-10-14,22.65,USD,ACTIVE
GC-500395,CUST-00536,2023-02-10,72.65,USD,ACTIVE
GC-500396,CUST-01061,2022-06-03,22.99,USD,ACTIVE
GC-500397,CUST-00528,2022-07-08,22.61,USD,ACTIVE
GC-500398,CUST-01748,2022-12-20,49.54,USD,ACTIVE
GC-500399,CUST-01963,2022-05-05,70.37,USD,ACTIVE
GC-500400,CUST-01410,2024-10-25,92.7,USD,ACTIVE
GC-500401,CUST-00898,2022-03-02,24.52,USD,ACTIVE
GC-500402,CUST-00899,2024-03-06,45.88,USD,ACTIVE
GC-500403,CUST-01470,2022-02-27,187.03,GBP,ACTIVE
GC-500404,CUST-00583,2023-01-21,139.64,USD,ACTIVE
GC-500405,CUST-00003,2023-11-11,49.03,EUR,ACTIVE
GC-500406,CUST-00455,2024-12-13,23.43,USD,ACTIVE
GC-500407,CUST-01379,2023-09-11,49.88,USD,ACTIVE
GC-500408,CUST-01996,2023-10-12,199.37,USD,ACTIVE
GC-500409,CUST-01462,2023-04-03,147.22,GBP,ACTIVE
GC-500410,CUST-01304,2023-03-29,136.56,GBP,ACTIVE
GC-500411,CUST-01830,2022-01-24,46.25,USD,ACTIVE
GC-500412,CUST-00443,2022-01-03,94.38,USD,ACTIVE
GC-500413,CUST-00416,2024-09-08,195.16,EUR,ACTIVE
GC-500414,CUST-00302,2022-03-10,23.3,USD,ACTIVE
GC-500415,CUST-00308,2022-07-10,149.78,USD,VOIDED
GC-500416,CUST-00127,2024-06-02,48.04,GBP,ACTIVE
GC-500417,CUST-02213,2023-06-28,69.73,GBP,ACTIVE
GC-500418,CUST-02342,2024-10-02,23.4,USD,ACTIVE
GC-500419,CUST-01968,2023-02-13,23.02,USD,ACTIVE
GC-500420,CUST-00336,2024-08-27,73.39,USD,ACTIVE
GC-500421,CUST-01588,2023-01-14,93.69,USD,ACTIVE
GC-500422,CUST-00352,2023-12-06,99.71,EUR,ACTIVE
GC-500423,CUST-02268,2022-05-05,141.28,USD,ACTIVE
GC-500424,CUST-02057,2024-11-24,199.66,EUR,ACTIVE
GC-500425,CUST-01840,2022-12-21,49.04,USD,ACTIVE
GC-500426,CUST-00321,2024-06-10,182.96,USD,ACTIVE
GC-500427,CUST-01310,2022-05-18,95.56,USD,ACTIVE
GC-500428,CUST-01132,2024-11-30,24.47,USD,ACTIVE
GC-500429,CUST-02141,2024-05-09,91.5,USD,ACTIVE
GC-500430,CUST-02387,2022-07-25,146.69,USD,ACTIVE
GC-500431,CUST-01409,2024-04-21,96.55,USD,ACTIVE
GC-500432,CUST-01938,2022-03-18,70.52,USD,ACTIVE
GC-500433,CUST-01646,2022-03-21,72.68,USD,ACTIVE
GC-500434,CUST-01101,2024-02-02,73.63,USD,ACTIVE
GC-500435,CUST-01315,2023-07-06,96.05,GBP,ACTIVE
GC-500436,CUST-00866,2024-04-13,97.59,GBP,ACTIVE
GC-500437,CUST-02111,2022-11-22,72.82,USD,ACTIVE
GC-500438,CUST-01477,2023-02-12,73.68,USD,ACTIVE
GC-500439,CUST-01411,2022-12-01,196.62,USD,ACTIVE
GC-500440,CUST-01584,2022-04-12,146.7,USD,ACTIVE
GC-500441,CUST-00923,2023-02-28,188.19,USD,ACTIVE
GC-500442,CUST-00037,2024-08-28,183.46,USD,ACTIVE
GC-500443,CUST-01034,2023-09-18,192.85,GBP,ACTIVE
GC-500444,CUST-02395,2022-07-29,149.99,USD,ACTIVE
GC-500445,CUST-01223,2022-08-10,23.34,USD,ACTIVE
GC-500446,CUST-01656,2023-10-17,48.61,GBP,ACTIVE
GC-500447,CUST-01211,2023-06-16,93.88,USD,ACTIVE
GC-500448,CUST-02344,2023-01-24,194.27,USD,ACTIVE
GC-500449,CUST-01949,2024-01-05,73.84,EUR,ACTIVE
GC-500450,CUST-00742,2023-08-25,91.28,USD,ACTIVE
GC-500451,CUST-01523,2023-06-18,70.98,EUR,ACTIVE
GC-500452,CUST-02391,2022-05-26,47.5,USD,ACTIVE
GC-500453,CUST-02171,2023-09-04,24.68,USD,ACTIVE
GC-500454,CUST-01404,2024-04-18,91.43,EUR,ACTIVE
GC-500455,CUST-00332,2024-09-25,199.73,USD,ACTIVE
GC-500456,CUST-02361,2022-11-21,22.82,USD,ACTIVE
GC-500457,CUST-00058,2023-10-22,45.09,EUR,ACTIVE
GC-500458,CUST-01020,2023-04-09,69.84,GBP,ACTIVE
GC-500459,CUST-01254,2022-12-09,23.25,USD,ACTIVE
GC-500460,CUST-00676,2024-04-06,46.12,USD,ACTIVE
GC-500461,CUST-02067,2022-12-13,72.83,USD,ACTIVE
GC-500462,CUST-01048,2024-12-31,23.98,EUR,ACTIVE
GC-500463,CUST-00081,2022-04-09,23.54,GBP,ACTIVE
GC-500464,CUST-00562,2024-05-07,145.78,USD,ACTIVE
GC-500465,CUST-00436,2024-10-16,138.0,USD,ACTIVE
GC-500466,CUST-01210,2022-11-25,142.45,USD,ACTIVE
GC-500467,CUST-01355,2023-04-26,24.18,USD,VOIDED
GC-500468,CUST-02352,2024-10-08,24.45,USD,ACTIVE
GC-500469,CUST-00415,2023-06-09,47.28,GBP,ACTIVE
GC-500470,CUST-00162,2023-08-19,186.25,USD,ACTIVE
GC-500471,CUST-00188,2022-01-20,192.94,USD,ACTIVE
GC-500472,CUST-01640,2024-07-23,96.9,USD,ACTIVE
GC-500473,CUST-01978,2024-06-16,140.7,USD,ACTIVE
GC-500474,CUST-01806,2022-04-05,72.41,USD,ACTIVE
GC-500475,CUST-02150,2023-04-04,71.39,GBP,ACTIVE
GC-500476,CUST-00391,2024-06-05,184.97,GBP,ACTIVE
GC-500477,CUST-00224,2022-01-24,47.53,GBP,ACTIVE
GC-500478,CUST-02077,2023-04-02,187.57,EUR,ACTIVE
GC-500479,CUST-01881,2024-06-28,90.88,EUR,ACTIVE
GC-500480,CUST-00001,2022-07-06,144.56,EUR,VOIDED
GC-500481,CUST-02304,2023-02-28,189.12,GBP,ACTIVE
GC-500482,CUST-01938,2024-01-15,91.14,GBP,ACTIVE
GC-500483,CUST-00009,2023-12-01,199.29,USD,ACTIVE
GC-500484,CUST-00803,2023-01-20,92.16,USD,ACTIVE
GC-500485,CUST-01385,2022-08-09,24.82,USD,ACTIVE
GC-500486,CUST-01846,2024-07-25,149.34,GBP,ACTIVE
GC-500487,CUST-00018,2024-12-22,23.88,GBP,ACTIVE
GC-500488,CUST-02083,2022-12-29,137.6,GBP,ACTIVE
GC-500489,CUST-01587,2023-10-22,94.19,EUR,ACTIVE
GC-500490,CUST-01017,2023-07-15,74.78,USD,ACTIVE
GC-500491,CUST-01286,2023-03-22,48.12,USD,ACTIVE
GC-500492,CUST-02304,2024-09-10,149.14,EUR,ACTIVE
GC-500493,CUST-02187,2023-08-09,23.81,USD,ACTIVE
GC-500494,CUST-00218,2022-04-26,73.13,USD,ACTIVE
GC-500495,CUST-01027,2022-10-27,195.69,USD,ACTIVE
GC-500496,CUST-00133,2024-01-05,24.04,USD,ACTIVE
GC-500497,CUST-02302,2023-04-05,191.23,GBP,ACTIVE
GC-500498,CUST-01179,2022-04-07,94.17,USD,ACTIVE
GC-500499,CUST-02262,2022-04-21,185.03,USD,ACTIVE
GC-500500,CUST-01815,2023-04-07,194.19,GBP,ACTIVE
GC-500501,CUST-00766,2022-12-22,136.79,GBP,ACTIVE
GC-500502,CUST-02280,2023-06-26,47.92,USD,ACTIVE
GC-500503,CUST-01234,2024-10-01,140.37,EUR,ACTIVE
GC-500504,CUST-02153,2023-03-27,136.02,USD,ACTIVE
GC-500505,CUST-01478,2023-08-25,142.96,USD,ACTIVE
GC-500506,CUST-01418,2024-07-01,192.27,USD,ACTIVE
GC-500507,CUST-00164,2023-10-20,23.46,USD,ACTIVE
GC-500508,CUST-01215,2023-01-30,136.24,USD,ACTIVE
GC-500509,CUST-02204,2024-12-28,181.31,USD,ACTIVE
GC-500510,CUST-00874,2024-05-18,47.69,USD,ACTIVE
GC-500511,CUST-01783,2022-05-28,183.08,GBP,ACTIVE
GC-500512,CUST-00933,2023-06-14,94.51,USD,ACTIVE
GC-500513,CUST-00187,2022-05-29,136.59,USD,ACTIVE
GC-500514,CUST-00355,2023-07-31,93.95,USD,ACTIVE
GC-500515,CUST-01942,2022-11-17,45.68,EUR,ACTIVE
GC-500516,CUST-00580,2022-09-10,23.93,USD,ACTIVE
GC-500517,CUST-00796,2022-08-23,195.99,USD,ACTIVE
GC-500518,CUST-01890,2022-05-30,181.35,USD,ACTIVE
GC-500519,CUST-02379,2024-09-24,68.46,USD,ACTIVE
GC-500520,CUST-00410,2023-08-07,24.75,EUR,ACTIVE
GC-500521,CUST-01296,2024-05-27,23.28,USD,ACTIVE
GC-500522,CUST-01134,2024-01-07,194.66,USD,ACTIVE
GC-500523,CUST-01825,2024-01-05,95.52,USD,ACTIVE
GC-500524,CUST-00336,2023-07-29,137.95,USD,ACTIVE
GC-500525,CUST-00309,2022-02-08,180.62,EUR,ACTIVE
GC-500526,CUST-01660,2023-03-12,138.91,USD,VOIDED
GC-500527,CUST-02211,2024-08-24,46.83,GBP,ACTIVE
GC-500528,CUST-01192,2022-10-02,142.66,USD,ACTIVE
GC-500529,CUST-00599,2024-09-17,23.05,USD,ACTIVE
GC-500530,CUST-00847,2024-11-26,94.7,USD,ACTIVE
GC-500531,CUST-00423,2024-12-03,73.76,GBP,ACTIVE
GC-500532,CUST-00713,2024-02-11,93.65,GBP,ACTIVE
GC-500533,CUST-00319,2024-11-24,99.73,USD,ACTIVE
GC-500534,CUST-01446,2023-12-08,98.87,USD,ACTIVE
GC-500535,CUST-01802,2022-12-06,23.79,USD,ACTIVE
GC-500536,CUST-00944,2024-04-29,182.27,USD,ACTIVE
GC-500537,CUST-01963,2023-03-08,48.24,EUR,ACTIVE
GC-500538,CUST-00161,2022-10-28,46.29,USD,ACTIVE
GC-500539,CUST-02309,2022-02-08,193.23,GBP,ACTIVE
GC-500540,CUST-00899,2024-04-21,48.97,EUR,ACTIVE
GC-500541,CUST-02093,2023-06-26,193.71,USD,ACTIVE
GC-500542,CUST-01579,2022-09-28,23.01,USD,ACTIVE
GC-500543,CUST-01720,2022-11-03,22.94,EUR,VOIDED
GC-500544,CUST-00160,2024-12-24,22.73,EUR,ACTIVE
GC-500545,CUST-02209,2022-01-03,188.63,GBP,ACTIVE
GC-500546,CUST-01436,2022-07-20,46.27,USD,ACTIVE
GC-500547,CUST-01161,2024-04-16,45.03,USD,ACTIVE
GC-500548,CUST-02368,2024-12-06,135.11,USD,ACTIVE
GC-500549,CUST-01294,2024-04-17,22.89,USD,ACTIVE
GC-500550,CUST-01039,2023-06-20,95.65,EUR,ACTIVE
GC-500551,CUST-01628,2023-02-22,146.76,USD,ACTIVE
GC-500552,CUST-00566,2022-09-01,47.23,GBP,ACTIVE
GC-500553,CUST-00663,2022-07-25,141.01,USD,ACTIVE
GC-500554,CUST-01784,2022-06-30,69.16,USD,ACTIVE
GC-500555,CUST-01575,2024-03-31,190.42,EUR,ACTIVE
GC-500556,CUST-00236,2022-12-25,94.39,GBP,ACTIVE
GC-500557,CUST-02123,2023-08-09,24.46,USD,ACTIVE
GC-500558,CUST-01447,2024-03-20,138.0,USD,ACTIVE
GC-500559,CUST-00282,2022-07-04,72.95,EUR,ACTIVE
GC-500560,CUST-02388,2023-12-14,69.2,USD,ACTIVE
GC-500561,CUST-00717,2024-04-13,23.9,EUR,ACTIVE
GC-500562,CUST-01025,2024-06-25,142.25,USD,ACTIVE
GC-500563,CUST-01880,2024-08-01,23.7,EUR,ACTIVE
GC-500564,CUST-01447,2024-11-23,24.25,EUR,ACTIVE
GC-500565,CUST-00312,2023-01-01,70.15,USD,VOIDED
GC-500566,CUST-01103,2023-01-10,198.61,GBP,ACTIVE
GC-500567,CUST-00818,2023-04-26,49.36,GBP,ACTIVE
GC-500568,CUST-01023,2023-12-31,22.8,USD,ACTIVE
GC-500569,CUST-02018,2022-01-14,24.62,EUR,ACTIVE
GC-500570,CUST-01148,2024-03-25,136.92,USD,ACTIVE
GC-500571,CUST-01873,2022-09-04,141.9,GBP,ACTIVE
GC-500572,CUST-00049,2023-03-08,136.51,USD,ACTIVE
GC-500573,CUST-02043,2024-05-18,97.01,USD,ACTIVE
GC-500574,CUST-00538,2023-04-14,185.4,USD,ACTIVE
GC-500575,CUST-01561,2023-02-06,182.99,USD,ACTIVE
GC-500576,CUST-01727,2024-10-20,190.34,USD,ACTIVE
GC-500577,CUST-01229,2023-05-29,135.72,EUR,ACTIVE
GC-500578,CUST-00246,2023-03-18,98.39,USD,ACTIVE
GC-500579,CUST-01371,2023-06-17,71.7,USD,ACTIVE
GC-500580,CUST-01687,2022-09-06,199.26,USD,ACTIVE
GC-500581,CUST-02206,2022-12-24,69.94,USD,ACTIVE
GC-500582,CUST-01728,2024-04-08,22.9,USD,ACTIVE
GC-500583,CUST-01194,2023-07-02,187.91,EUR,VOIDED
GC-500584,CUST-01488,2024-12-02,91.67,USD,ACTIVE
GC-500585,CUST-00962,2023-05-31,194.99,GBP,ACTIVE
GC-500586,CUST-00422,2022-07-15,95.48,USD,ACTIVE
GC-500587,CUST-02147,2022-06-20,72.14,USD,ACTIVE
GC-500588,CUST-01268,2023-04-15,185.68,USD,ACTIVE
GC-500589,CUST-00538,2024-12-14,22.59,USD,ACTIVE
GC-500590,CUST-01914,2023-07-12,91.35,EUR,ACTIVE
GC-500591,CUST-01871,2024-06-09,192.79,EUR,ACTIVE
GC-500592,CUST-01689,2023-06-17,67.58,USD,ACTIVE
GC-500593,CUST-01955,2023-09-06,97.98,USD,ACTIVE
GC-500594,CUST-00030,2024-02-05,98.82,USD,ACTIVE
GC-500595,CUST-01078,2022-06-12,184.79,USD,ACTIVE
GC-500596,CUST-01114,2023-08-07,190.64,GBP,ACTIVE
GC-500597,CUST-01855,2023-07-12,142.38,GBP,ACTIVE
GC-500598,CUST-01156,2023-07-06,188.77,USD,ACTIVE
GC-500599,CUST-00618,2022-01-31,46.71,USD,ACTIVE
GC-500600,CUST-00293,2024-08-20,49.48,USD,ACTIVE
GC-500601,CUST-01013,2022-03-10,97.35,USD,ACTIVE
GC-500602,CUST-00854,2024-08-26,199.22,USD,ACTIVE
GC-500603,CUST-00173,2024-12-02,71.11,USD,ACTIVE
GC-500604,CUST-00893,2022-08-20,188.68,USD,ACTIVE
GC-500605,CUST-01131,2022-09-03,45.04,USD,ACTIVE
GC-500606,CUST-01947,2022-11-14,23.12,USD,ACTIVE
GC-500607,CUST-01298,2023-12-13,183.86,USD,ACTIVE
GC-500608,CUST-01468,2022-10-03,23.71,USD,ACTIVE
GC-500609,CUST-01128,2022-11-25,137.33,USD,ACTIVE
GC-500610,CUST-00077,2024-01-16,46.6,EUR,ACTIVE
GC-500611,CUST-01588,2023-01-24,189.95,EUR,ACTIVE
GC-500612,CUST-01160,2023-10-23,186.44,USD,ACTIVE
GC-500613,CUST-00274,2022-03-31,49.37,USD,ACTIVE
GC-500614,CUST-00785,2022-07-22,144.63,USD,ACTIVE
GC-500615,CUST-00054,2023-03-04,99.28,GBP,ACTIVE
GC-500616,CUST-00249,2024-01-10,198.76,EUR,ACTIVE
GC-500617,CUST-00885,2024-11-29,24.31,USD,ACTIVE
GC-500618,CUST-02156,2023-05-25,198.95,EUR,ACTIVE
GC-500619,CUST-02287,2024-04-30,24.42,GBP,ACTIVE
GC-500620,CUST-01879,2024-05-24,48.96,USD,ACTIVE
GC-500621,CUST-01815,2023-12-23,149.87,USD,ACTIVE
GC-500622,CUST-02235,2023-03-15,148.89,USD,ACTIVE
GC-500623,CUST-00554,2023-09-11,74.88,USD,ACTIVE
GC-500624,CUST-00089,2023-07-20,143.34,EUR,ACTIVE
GC-500625,CUST-01886,2023-12-30,46.32,USD,VOIDED
GC-500626,CUST-01024,2023-04-23,68.19,USD,ACTIVE
GC-500627,CUST-00391,2023-09-08,196.17,USD,ACTIVE
GC-500628,CUST-00929,2022-01-24,187.65,GBP,ACTIVE
GC-500629,CUST-00628,2022-04-14,199.95,GBP,ACTIVE
GC-500630,CUST-01187,2024-03-18,46.68,USD,ACTIVE
GC-500631,CUST-00553,2024-09-11,47.44,EUR,ACTIVE
GC-500632,CUST-00804,2024-12-09,45.36,USD,ACTIVE
GC-500633,CUST-02360,2022-07-03,188.27,USD,ACTIVE
GC-500634,CUST-01433,2024-06-24,47.2,EUR,ACTIVE
GC-500635,CUST-01532,2022-11-16,22.78,GBP,ACTIVE
GC-500636,CUST-00605,2023-08-13,72.7,USD,ACTIVE
GC-500637,CUST-01930,2022-02-16,48.7,USD,ACTIVE
GC-500638,CUST-02144,2023-06-14,96.23,EUR,ACTIVE
GC-500639,CUST-00076,2024-02-11,190.54,EUR,ACTIVE
GC-500640,CUST-00035,2022-05-17,185.43,USD,ACTIVE
GC-500641,CUST-00442,2022-02-09,187.73,USD,ACTIVE
GC-500642,CUST-01986,2024-12-24,45.99,USD,ACTIVE
GC-500643,CUST-02169,2023-09-17,93.93,USD,ACTIVE
GC-500644,CUST-01442,2023-12-29,69.27,GBP,ACTIVE
GC-500645,CUST-01586,2022-03-02,69.19,EUR,ACTIVE
GC-500646,CUST-01710,2023-05-08,47.13,EUR,ACTIVE
GC-500647,CUST-02146,2022-10-04,48.28,USD,ACTIVE
GC-500648,CUST-00648,2023-10-13,142.99,USD,ACTIVE
GC-500649,CUST-00755,2023-10-13,180.59,USD,ACTIVE
GC-500650,CUST-00108,2023-07-01,144.19,EUR,ACTIVE
GC-500651,CUST-00946,2022-02-23,24.22,USD,ACTIVE
GC-500652,CUST-00133,2024-04-16,74.63,USD,ACTIVE
GC-500653,CUST-00831,2023-02-23,49.64,USD,ACTIVE
GC-500654,CUST-01331,2024-07-26,94.05,USD,ACTIVE
GC-500655,CUST-01559,2023-10-03,149.09,USD,ACTIVE
GC-500656,CUST-02197,2024-12-11,195.74,GBP,ACTIVE
GC-500657,CUST-00174,2023-05-19,140.93,EUR,ACTIVE
GC-500658,CUST-01587,2024-11-23,22.97,GBP,ACTIVE
GC-500659,CUST-01890,2022-12-07,72.1,USD,ACTIVE
GC-500660,CUST-00583,2024-08-07,90.9,GBP,ACTIVE
GC-500661,CUST-02239,2022-10-05,93.23,USD,ACTIVE
GC-500662,CUST-00828,2024-07-20,69.93,USD,ACTIVE
GC-500663,CUST-00672,2022-09-11,24.27,USD,ACTIVE
GC-500664,CUST-00350,2024-12-08,97.27,GBP,ACTIVE
GC-500665,CUST-00180,2022-12-16,148.07,USD,ACTIVE
GC-500666,CUST-00593,2023-01-02,23.55,GBP,ACTIVE
GC-500667,CUST-00051,2024-07-28,95.44,USD,ACTIVE
GC-500668,CUST-00975,2023-03-21,189.51,EUR,ACTIVE
GC-500669,CUST-02284,2023-03-02,45.74,USD,ACTIVE
GC-500670,CUST-00151,2022-10-25,191.56,USD,ACTIVE
GC-500671,CUST-01357,2022-06-29,23.54,USD,ACTIVE
GC-500672,CUST-01165,2022-12-30,191.58,USD,ACTIVE
GC-500673,CUST-01323,2024-01-25,24.4,USD,ACTIVE
GC-500674,CUST-01200,2024-08-22,24.24,USD,ACTIVE
GC-500675,CUST-00239,2022-08-12,199.59,EUR,ACTIVE
GC-500676,CUST-01750,2023-10-11,143.63,USD,ACTIVE
GC-500677,CUST-00532,2024-10-13,192.64,EUR,ACTIVE
GC-500678,CUST-00954,2023-08-18,22.8,USD,ACTIVE
GC-500679,CUST-01433,2023-03-11,184.02,USD,ACTIVE
GC-500680,CUST-00467,2023-11-14,97.24,USD,ACTIVE
GC-500681,CUST-00120,2022-12-26,73.75,USD,ACTIVE
GC-500682,CUST-00146,2022-10-06,48.14,USD,VOIDED
GC-500683,CUST-02200,2023-11-18,99.28,USD,ACTIVE
GC-500684,CUST-01227,2023-10-09,135.28,EUR,ACTIVE
GC-500685,CUST-01359,2023-12-26,46.4,USD,ACTIVE
GC-500686,CUST-02189,2022-12-06,140.84,EUR,ACTIVE
GC-500687,CUST-01263,2023-10-07,23.18,GBP,ACTIVE
GC-500688,CUST-01523,2024-07-14,47.63,USD,ACTIVE
GC-500689,CUST-00154,2023-02-18,95.06,USD,ACTIVE
GC-500690,CUST-00632,2023-01-25,97.32,USD,ACTIVE
GC-500691,CUST-00841,2022-03-16,97.14,USD,ACTIVE
GC-500692,CUST-01913,2022-04-05,146.49,USD,ACTIVE
GC-500693,CUST-02366,2023-10-02,46.6,GBP,ACTIVE
GC-500694,CUST-02181,2023-10-16,182.35,USD,ACTIVE
GC-500695,CUST-00469,2022-02-01,142.71,EUR,ACTIVE
GC-500696,CUST-02251,2023-10-15,49.72,USD,ACTIVE
GC-500697,CUST-00702,2022-05-26,148.38,USD,ACTIVE
GC-500698,CUST-00353,2024-05-23,48.52,USD,VOIDED
GC-500699,CUST-01827,2023-12-30,73.63,USD,ACTIVE
GC-500700,CUST-02186,2022-06-10,136.98,USD,ACTIVE
GC-500701,CUST-00399,2024-07-22,192.89,USD,ACTIVE
GC-500702,CUST-00950,2023-04-04,138.87,USD,ACTIVE
GC-500703,CUST-00268,2024-08-31,71.09,USD,ACTIVE
GC-500704,CUST-01428,2022-09-18,23.51,EUR,ACTIVE
GC-500705,CUST-00439,2023-10-30,181.42,EUR,ACTIVE
GC-500706,CUST-01573,2022-05-16,49.07,USD,ACTIVE
GC-500707,CUST-01784,2023-12-02,184.72,EUR,ACTIVE
GC-500708,CUST-00320,2024-09-23,143.94,USD,ACTIVE
GC-500709,CUST-00722,2023-09-23,24.0,USD,ACTIVE
GC-500710,CUST-01553,2023-11-02,193.2,USD,ACTIVE
GC-500711,CUST-00570,2022-01-01,182.98,USD,ACTIVE
GC-500712,CUST-01781,2023-12-07,135.12,USD,ACTIVE
GC-500713,CUST-01205,2022-05-08,149.52,USD,ACTIVE
GC-500714,CUST-01472,2022-08-13,23.09,USD,ACTIVE
GC-500715,CUST-01615,2023-10-14,94.06,GBP,ACTIVE
GC-500716,CUST-01709,2022-11-12,182.51,USD,ACTIVE
GC-500717,CUST-00065,2022-10-22,96.58,GBP,ACTIVE
GC-500718,CUST-01868,2024-05-21,47.27,EUR,ACTIVE
GC-500719,CUST-02056,2023-07-06,143.65,USD,ACTIVE
GC-500720,CUST-02328,2024-09-16,68.35,GBP,ACTIVE
GC-500721,CUST-01145,2024-08-10,23.81,EUR,ACTIVE
GC-500722,CUST-01005,2024-08-25,193.27,GBP,ACTIVE
GC-500723,CUST-02209,2023-10-02,24.76,EUR,ACTIVE
GC-500724,CUST-01725,2023-12-24,68.76,USD,ACTIVE
GC-500725,CUST-01246,2023-06-18,189.46,USD,ACTIVE
GC-500726,CUST-01196,2022-02-25,90.83,USD,ACTIVE
GC-500727,CUST-00716,2022-11-06,93.7,GBP,ACTIVE
GC-500728,CUST-00968,2024-09-20,147.93,USD,ACTIVE
GC-500729,CUST-02032,2024-04-25,48.3,USD,ACTIVE
GC-500730,CUST-00864,2023-12-08,185.29,USD,ACTIVE
GC-500731,CUST-00687,2024-08-08,93.01,USD,ACTIVE
GC-500732,CUST-00958,2024-02-17,187.8,GBP,ACTIVE
GC-500733,CUST-02172,2022-03-26,144.56,USD,ACTIVE
GC-500734,CUST-01373,2023-07-08,23.14,USD,ACTIVE
GC-500735,CUST-01889,2023-05-11,191.77,GBP,ACTIVE
GC-500736,CUST-00737,2023-10-04,24.18,EUR,ACTIVE
GC-500737,CUST-01685,2022-07-20,24.21,EUR,ACTIVE
GC-500738,CUST-00499,2022-09-03,136.95,USD,ACTIVE
GC-500739,CUST-02319,2023-01-14,183.69,USD,ACTIVE
GC-500740,CUST-01568,2024-03-06,23.15,USD,ACTIVE
GC-500741,CUST-01805,2022-05-23,48.05,USD,ACTIVE
GC-500742,CUST-00445,2022-10-22,92.18,EUR,ACTIVE
GC-500743,CUST-01809,2023-06-15,22.68,USD,ACTIVE
GC-500744,CUST-01027,2024-07-02,91.49,USD,ACTIVE
GC-500745,CUST-00155,2024-03-10,48.5,USD,VOIDED
GC-500746,CUST-02354,2022-01-08,198.8,EUR,ACTIVE
GC-500747,CUST-00497,2024-01-06,186.06,USD,ACTIVE
GC-500748,CUST-00372,2024-01-19,68.1,EUR,ACTIVE
GC-500749,CUST-00438,2024-01-06,24.71,USD,ACTIVE
GC-500750,CUST-00977,2024-09-28,24.48,USD,ACTIVE
GC-500751,CUST-02047,2024-12-29,22.59,USD,ACTIVE
GC-500752,CUST-00176,2024-04-10,49.04,USD,ACTIVE
GC-500753,CUST-01878,2022-11-02,138.49,GBP,ACTIVE
GC-500754,CUST-00580,2024-09-28,23.68,GBP,VOIDED
GC-500755,CUST-00188,2023-05-13,182.61,GBP,ACTIVE
GC-500756,CUST-01259,2022-07-19,137.56,USD,ACTIVE
GC-500757,CUST-00436,2022-08-22,146.99,USD,ACTIVE
GC-500758,CUST-00831,2024-05-22,193.57,USD,ACTIVE
GC-500759,CUST-00874,2022-04-04,46.68,EUR,ACTIVE
GC-500760,CUST-01701,2022-12-11,71.65,GBP,ACTIVE
GC-500761,CUST-00735,2022-07-02,191.87,GBP,ACTIVE
GC-500762,CUST-00155,2023-01-04,96.12,GBP,ACTIVE
GC-500763,CUST-01234,2023-12-14,23.89,USD,ACTIVE
GC-500764,CUST-00392,2024-01-12,138.29,EUR,ACTIVE
GC-500765,CUST-01133,2022-04-19,24.49,USD,ACTIVE
GC-500766,CUST-01944,2024-10-15,48.35,USD,ACTIVE
GC-500767,CUST-01492,2023-08-07,92.51,USD,ACTIVE
GC-500768,CUST-01857,2022-03-30,181.05,USD,ACTIVE
GC-500769,CUST-01822,2023-10-30,48.74,USD,VOIDED
GC-500770,CUST-00943,2022-08-14,45.49,USD,ACTIVE
GC-500771,CUST-01539,2023-03-28,95.85,USD,ACTIVE
GC-500772,CUST-00594,2023-03-19,91.78,EUR,ACTIVE
GC-500773,CUST-00245,2023-07-29,24.63,USD,ACTIVE
GC-500774,CUST-00697,2023-04-16,98.57,USD,ACTIVE
GC-500775,CUST-01011,2023-05-23,95.79,USD,VOIDED
GC-500776,CUST-00611,2022-01-11,22.6,USD,ACTIVE
GC-500777,CUST-01666,2023-03-23,69.72,USD,ACTIVE
GC-500778,CUST-00372,2022-02-02,186.1,USD,ACTIVE
GC-500779,CUST-02337,2022-02-19,97.72,USD,ACTIVE
GC-500780,CUST-00758,2024-01-29,97.04,GBP,ACTIVE
GC-500781,CUST-00290,2024-02-28,71.48,GBP,ACTIVE
GC-500782,CUST-00225,2024-11-20,74.16,GBP,ACTIVE
GC-500783,CUST-01907,2022-03-25,68.81,USD,ACTIVE
GC-500784,CUST-00275,2023-02-24,69.29,USD,ACTIVE
GC-500785,CUST-02377,2023-03-06,46.6,GBP,VOIDED
GC-500786,CUST-02063,2024-05-16,22.66,USD,ACTIVE
GC-500787,CUST-02183,2023-08-22,140.52,USD,ACTIVE
GC-500788,CUST-00269,2023-01-21,22.7,USD,VOIDED
GC-500789,CUST-01182,2022-06-07,46.38,USD,ACTIVE
GC-500790,CUST-02033,2022-11-05,149.28,USD,ACTIVE
GC-500791,CUST-02218,2022-09-28,70.65,USD,ACTIVE
GC-500792,CUST-01195,2023-01-23,24.68,USD,ACTIVE
GC-500793,CUST-01376,2024-04-23,72.42,EUR,ACTIVE
GC-500794,CUST-02172,2024-06-30,71.75,USD,VOIDED
GC-500795,CUST-01256,2022-12-18,47.42,USD,ACTIVE
GC-500796,CUST-00682,2022-11-26,139.28,GBP,ACTIVE
GC-500797,CUST-01297,2022-09-17,70.27,USD,ACTIVE
GC-500798,CUST-00143,2023-10-12,46.86,USD,ACTIVE
GC-500799,CUST-00596,2024-07-27,45.02,USD,ACTIVE
GC-500800,CUST-01357,2023-08-29,74.77,USD,ACTIVE
GC-500801,CUST-00603,2024-06-24,182.25,USD,ACTIVE
GC-500802,CUST-00903,2024-07-02,23.32,USD,ACTIVE
GC-500803,CUST-00800,2024-12-14,68.97,USD,ACTIVE
GC-500804,CUST-01825,2022-06-28,91.94,EUR,ACTIVE
GC-500805,CUST-01440,2023-09-23,136.31,USD,ACTIVE
GC-500806,CUST-01703,2024-06-25,49.03,USD,ACTIVE
GC-500807,CUST-00353,2022-10-22,71.06,USD,ACTIVE
GC-500808,CUST-00271,2024-02-09,23.52,USD,VOIDED
GC-500809,CUST-01698,2022-12-25,97.1,EUR,ACTIVE
GC-500810,CUST-00817,2023-01-16,71.65,USD,ACTIVE
GC-500811,CUST-01237,2023-09-15,146.1,USD,ACTIVE
GC-500812,CUST-00011,2022-11-12,74.67,USD,ACTIVE
GC-500813,CUST-00509,2023-08-13,47.46,USD,ACTIVE
GC-500814,CUST-01003,2022-02-28,71.2,USD,ACTIVE
GC-500815,CUST-01787,2023-06-13,189.52,GBP,ACTIVE
GC-500816,CUST-00490,2024-02-04,191.51,EUR,ACTIVE
GC-500817,CUST-02383,2022-04-30,70.96,USD,ACTIVE
GC-500818,CUST-01464,2022-12-01,70.21,USD,ACTIVE
GC-500819,CUST-01459,2022-04-10,71.47,USD,ACTIVE
GC-500820,CUST-00751,2022-07-13,47.72,EUR,ACTIVE
GC-500821,CUST-01112,2024-01-13,143.7,USD,ACTIVE
GC-500822,CUST-00561,2024-11-27,73.34,USD,ACTIVE
GC-500823,CUST-00906,2023-01-21,145.34,EUR,ACTIVE
GC-500824,CUST-00467,2024-05-04,22.79,USD,ACTIVE
GC-500825,CUST-01965,2023-12-15,187.25,USD,ACTIVE
GC-500826,CUST-01402,2022-12-19,67.72,GBP,ACTIVE
GC-500827,CUST-00528,2022-10-19,46.54,GBP,ACTIVE
GC-500828,CUST-01741,2022-08-17,24.44,USD,ACTIVE
GC-500829,CUST-00805,2022-08-09,190.27,USD,ACTIVE
GC-500830,CUST-01037,2022-03-30,72.51,USD,ACTIVE
GC-500831,CUST-00842,2023-02-14,187.03,USD,ACTIVE
GC-500832,CUST-01137,2023-12-14,49.28,USD,ACTIVE
GC-500833,CUST-00991,2024-10-31,22.75,EUR,ACTIVE
GC-500834,CUST-00058,2024-12-19,183.83,USD,ACTIVE
GC-500835,CUST-00405,2023-03-15,189.49,EUR,ACTIVE
GC-500836,CUST-00759,2024-06-19,22.95,GBP,ACTIVE
GC-500837,CUST-00507,2024-08-12,137.04,USD,ACTIVE
GC-500838,CUST-02283,2022-03-25,71.2,USD,ACTIVE
GC-500839,CUST-00774,2022-05-23,187.35,USD,ACTIVE
GC-500840,CUST-02014,2022-08-04,95.23,USD,ACTIVE
GC-500841,CUST-00489,2022-10-21,96.95,USD,ACTIVE
GC-500842,CUST-01656,2022-09-09,97.25,USD,ACTIVE
GC-500843,CUST-01863,2022-08-10,71.17,USD,ACTIVE
GC-500844,CUST-00122,2022-07-23,24.58,GBP,ACTIVE
GC-500845,CUST-00395,2022-06-06,146.51,GBP,ACTIVE
GC-500846,CUST-01203,2024-10-16,138.92,USD,ACTIVE
GC-500847,CUST-00073,2022-03-06,23.46,USD,ACTIVE
GC-500848,CUST-02014,2024-06-01,72.87,USD,ACTIVE
GC-500849,CUST-02210,2024-08-20,147.82,USD,ACTIVE
GC-500850,CUST-01445,2023-08-06,22.57,USD,ACTIVE
GC-500851,CUST-01501,2023-12-16,135.4,GBP,VOIDED
GC-500852,CUST-01398,2024-02-19,93.45,USD,ACTIVE
GC-500853,CUST-01249,2022-08-23,45.1,USD,ACTIVE
GC-500854,CUST-01548,2024-03-10,136.47,USD,ACTIVE
GC-500855,CUST-00683,2023-09-06,92.02,USD,ACTIVE
GC-500856,CUST-00309,2023-03-15,67.86,USD,ACTIVE
GC-500857,CUST-00377,2022-07-14,69.55,EUR,ACTIVE
GC-500858,CUST-02176,2024-08-31,46.74,USD,ACTIVE
GC-500859,CUST-01237,2024-10-30,96.63,USD,ACTIVE
GC-500860,CUST-01030,2024-11-21,195.27,USD,ACTIVE
GC-500861,CUST-02115,2023-01-18,92.13,EUR,ACTIVE
GC-500862,CUST-01777,2022-05-03,46.82,EUR,ACTIVE
GC-500863,CUST-01230,2024-06-10,73.95,USD,VOIDED
GC-500864,CUST-00834,2024-04-24,72.35,USD,ACTIVE
GC-500865,CUST-01787,2024-05-14,23.0,GBP,ACTIVE
GC-500866,CUST-00173,2024-09-22,24.65,USD,ACTIVE
GC-500867,CUST-01221,2022-05-11,72.54,USD,VOIDED
GC-500868,CUST-01626,2022-10-15,23.93,USD,ACTIVE
GC-500869,CUST-01032,2024-10-13,48.0,USD,ACTIVE
GC-500870,CUST-01349,2024-03-09,184.72,GBP,ACTIVE
GC-500871,CUST-00230,2024-10-01,72.75,EUR,ACTIVE
GC-500872,CUST-01736,2024-08-30,49.82,GBP,ACTIVE
GC-500873,CUST-01487,2024-08-31,73.66,GBP,ACTIVE
GC-500874,CUST-00143,2022-04-22,184.79,GBP,ACTIVE
GC-500875,CUST-01267,2024-01-14,23.84,GBP,ACTIVE
GC-500876,CUST-01592,2022-01-17,69.76,USD,ACTIVE
GC-500877,CUST-00657,2024-06-17,74.1,GBP,ACTIVE
GC-500878,CUST-00139,2023-07-16,94.71,USD,ACTIVE
GC-500879,CUST-01724,2023-11-01,180.55,USD,ACTIVE
GC-500880,CUST-00753,2024-06-27,45.02,GBP,ACTIVE
GC-500881,CUST-01286,2022-06-18,46.25,USD,ACTIVE
GC-500882,CUST-00533,2024-04-20,94.78,USD,ACTIVE
GC-500883,CUST-00711,2023-11-02,45.42,USD,ACTIVE
GC-500884,CUST-00937,2022-07-02,46.31,USD,ACTIVE
GC-500885,CUST-01643,2024-05-28,68.62,EUR,ACTIVE
GC-500886,CUST-02154,2024-06-10,189.88,USD,ACTIVE
GC-500887,CUST-00781,2023-06-30,189.88,USD,ACTIVE
GC-500888,CUST-00847,2023-03-18,193.54,USD,ACTIVE
GC-500889,CUST-02388,2024-07-27,23.67,USD,ACTIVE
GC-500890,CUST-00870,2024-02-25,97.36,GBP,ACTIVE
GC-500891,CUST-01452,2022-04-04,71.28,USD,ACTIVE
GC-500892,CUST-02019,2023-11-26,45.45,USD,ACTIVE
GC-500893,CUST-01774,2022-10-18,23.28,USD,ACTIVE
GC-500894,CUST-01477,2024-05-30,72.1,USD,ACTIVE
GC-500895,CUST-02118,2023-10-04,46.58,USD,ACTIVE
GC-500896,CUST-01803,2022-04-19,45.27,USD,ACTIVE
GC-500897,CUST-01066,2022-12-01,94.36,GBP,ACTIVE
GC-500898,CUST-01461,2024-09-20,91.12,USD,ACTIVE
GC-500899,CUST-00607,2022-09-11,23.01,USD,ACTIVE
GC-500900,CUST-00870,2022-01-09,137.71,EUR,ACTIVE
GC-500901,CUST-00387,2023-11-05,72.61,USD,ACTIVE
GC-500902,CUST-01615,2024-02-05,24.59,EUR,ACTIVE
GC-500903,CUST-01886,2024-09-09,199.1,USD,ACTIVE
GC-500904,CUST-00024,2023-11-06,192.45,USD,ACTIVE
GC-500905,CUST-01563,2022-07-09,68.84,USD,ACTIVE
GC-500906,CUST-01592,2024-04-04,195.05,USD,ACTIVE
GC-500907,CUST-00494,2023-09-04,97.36,USD,ACTIVE
GC-500908,CUST-00394,2024-01-23,47.45,EUR,VOIDED
GC-500909,CUST-01952,2023-07-04,141.35,EUR,ACTIVE
GC-500910,CUST-00764,2024-06-08,90.93,GBP,ACTIVE
GC-500911,CUST-02150,2022-06-21,94.37,USD,VOIDED
GC-500912,CUST-01957,2023-09-08,48.42,USD,ACTIVE
GC-500913,CUST-00185,2024-11-17,141.37,USD,ACTIVE
GC-500914,CUST-02329,2023-06-03,71.89,USD,ACTIVE
GC-500915,CUST-00467,2024-08-05,49.21,USD,ACTIVE
GC-500916,CUST-01220,2023-10-05,189.1,EUR,ACTIVE
GC-500917,CUST-01086,2023-12-01,45.93,USD,ACTIVE
GC-500918,CUST-01063,2022-08-06,135.27,USD,ACTIVE
GC-500919,CUST-01994,2023-09-13,140.41,EUR,ACTIVE
GC-500920,CUST-01618,2023-09-12,45.68,USD,ACTIVE
GC-500921,CUST-00066,2023-01-21,47.41,USD,ACTIVE
GC-500922,CUST-01785,2023-01-26,73.27,USD,ACTIVE
GC-500923,CUST-00090,2022-08-27,48.69,USD,ACTIVE
GC-500924,CUST-00209,2023-11-15,24.08,USD,ACTIVE
GC-500925,CUST-01703,2024-10-12,143.94,GBP,ACTIVE
GC-500926,CUST-01192,2022-03-17,94.86,USD,ACTIVE
GC-500927,CUST-01999,2023-04-20,23.82,GBP,ACTIVE
GC-500928,CUST-01837,2024-06-12,46.44,USD,ACTIVE
GC-500929,CUST-01795,2023-04-21,47.94,EUR,ACTIVE
GC-500930,CUST-01919,2022-09-26,194.23,USD,ACTIVE
GC-500931,CUST-00664,2023-03-01,194.99,USD,ACTIVE
GC-500932,CUST-00529,2022-12-21,48.03,USD,ACTIVE
GC-500933,CUST-02023,2023-09-14,47.78,USD,ACTIVE
GC-500934,CUST-01463,2022-11-21,135.48,USD,ACTIVE
GC-500935,CUST-00467,2023-04-10,138.36,USD,ACTIVE
GC-500936,CUST-00427,2022-04-14,99.63,USD,ACTIVE
GC-500937,CUST-00418,2022-03-27,22.92,EUR,ACTIVE
GC-500938,CUST-01482,2022-11-18,72.81,GBP,ACTIVE
GC-500939,CUST-00407,2022-11-12,70.01,GBP,ACTIVE
GC-500940,CUST-00827,2024-06-18,23.11,USD,ACTIVE
GC-500941,CUST-01175,2024-10-31,23.17,USD,ACTIVE
GC-500942,CUST-01700,2024-01-09,184.91,GBP,ACTIVE
GC-500943,CUST-01728,2023-04-13,94.13,USD,ACTIVE
GC-500944,CUST-02120,2022-05-23,69.86,USD,ACTIVE
GC-500945,CUST-01611,2022-03-17,183.02,GBP,ACTIVE
GC-500946,CUST-02130,2023-08-29,98.86,USD,ACTIVE
GC-500947,CUST-01247,2023-10-05,24.57,USD,VOIDED
GC-500948,CUST-00602,2024-04-07,184.1,USD,ACTIVE
GC-500949,CUST-00346,2022-03-17,70.42,EUR,ACTIVE
GC-500950,CUST-00517,2024-12-01,69.1,EUR,ACTIVE
GC-500951,CUST-01396,2022-11-24,24.73,USD,ACTIVE
GC-500952,CUST-01528,2023-06-16,140.32,GBP,ACTIVE
GC-500953,CUST-00511,2024-07-08,146.05,USD,ACTIVE
GC-500954,CUST-00958,2023-12-19,72.5,USD,ACTIVE
GC-500955,CUST-01547,2024-11-30,45.53,GBP,ACTIVE
GC-500956,CUST-01861,2022-07-20,188.51,USD,ACTIVE
GC-500957,CUST-00320,2024-01-27,141.04,GBP,ACTIVE
GC-500958,CUST-01618,2023-06-25,96.36,EUR,ACTIVE
GC-500959,CUST-02006,2024-05-03,47.53,USD,ACTIVE
GC-500960,CUST-00871,2024-07-21,24.37,USD,ACTIVE
GC-500961,CUST-00487,2024-04-16,23.42,USD,ACTIVE
GC-500962,CUST-00586,2022-10-19,90.49,EUR,VOIDED
GC-500963,CUST-01162,2023-03-18,189.78,USD,ACTIVE
GC-500964,CUST-00277,2022-04-02,95.73,USD,ACTIVE
GC-500965,CUST-01384,2024-02-12,196.67,USD,ACTIVE
GC-500966,CUST-02068,2024-08-01,188.98,USD,ACTIVE
GC-500967,CUST-00366,2024-04-18,49.5,USD,ACTIVE
GC-500968,CUST-02343,2023-09-25,182.48,EUR,ACTIVE
GC-500969,CUST-00789,2022-04-19,137.84,EUR,ACTIVE
GC-500970,CUST-01127,2023-02-26,196.78,USD,ACTIVE
GC-500971,CUST-00347,2024-12-28,70.51,EUR,ACTIVE
GC-500972,CUST-00096,2023-11-28,47.07,USD,ACTIVE
GC-500973,CUST-01565,2023-06-11,24.95,USD,ACTIVE
GC-500974,CUST-01333,2023-01-07,181.17,USD,ACTIVE
GC-500975,CUST-00969,2024-10-06,140.78,EUR,ACTIVE
GC-500976,CUST-01304,2024-08-09,90.65,EUR,ACTIVE
GC-500977,CUST-00958,2022-02-08,149.45,USD,ACTIVE
GC-500978,CUST-01009,2022-09-15,141.1,USD,ACTIVE
GC-500979,CUST-02050,2023-02-21,71.55,USD,ACTIVE
GC-500980,CUST-02202,2024-05-17,90.42,EUR,ACTIVE
GC-500981,CUST-00686,2022-01-02,92.73,USD,ACTIVE
GC-500982,CUST-00287,2023-09-08,96.98,USD,ACTIVE
GC-500983,CUST-01145,2024-06-03,142.57,USD,ACTIVE
GC-500984,CUST-01071,2024-07-16,48.31,USD,ACTIVE
GC-500985,CUST-00066,2022-10-01,24.02,GBP,ACTIVE
GC-500986,CUST-00711,2024-04-26,194.07,EUR,ACTIVE
GC-500987,CUST-00333,2022-06-08,24.73,EUR,ACTIVE
GC-500988,CUST-00506,2023-12-24,140.37,USD,ACTIVE
GC-500989,CUST-00035,2022-09-13,74.52,USD,ACTIVE
GC-500990,CUST-01242,2023-03-29,99.67,USD,ACTIVE
GC-500991,CUST-00857,2022-01-15,187.92,USD,ACTIVE
GC-500992,CUST-02024,2022-12-16,48.3,EUR,ACTIVE
GC-500993,CUST-02315,2022-12-26,136.92,USD,ACTIVE
GC-500994,CUST-02335,2023-04-12,195.65,EUR,ACTIVE
GC-500995,CUST-00095,2024-12-27,72.61,EUR,VOIDED
GC-500996,CUST-00009,2024-05-24,198.86,GBP,ACTIVE
GC-500997,CUST-01772,2024-04-13,24.2,USD,ACTIVE
GC-500998,CUST-02181,2024-07-08,23.48,USD,ACTIVE
GC-500999,CUST-00305,2023-05-27,46.65,USD,ACTIVE
GC-501000,CUST-00397,2022-02-27,98.08,USD,ACTIVE
GC-501001,CUST-01370,2023-05-28,23.68,USD,ACTIVE
GC-501002,CUST-00299,2024-06-17,188.93,USD,ACTIVE
GC-501003,CUST-00137,2024-02-12,181.3,USD,ACTIVE
GC-501004,CUST-01811,2022-04-23,144.39,USD,ACTIVE
GC-501005,CUST-00229,2022-04-17,94.02,USD,ACTIVE
GC-501006,CUST-01684,2023-04-23,192.48,EUR,ACTIVE
GC-501007,CUST-00789,2022-08-10,23.99,USD,ACTIVE
GC-501008,CUST-00794,2022-09-16,138.84,GBP,ACTIVE
GC-501009,CUST-01466,2023-09-30,146.63,EUR,ACTIVE
GC-501010,CUST-01405,2023-08-20,23.79,USD,ACTIVE
GC-501011,CUST-00593,2022-04-28,147.29,USD,ACTIVE
GC-501012,CUST-00224,2024-05-14,49.88,USD,ACTIVE
GC-501013,CUST-00825,2022-05-21,48.34,USD,ACTIVE
GC-501014,CUST-01915,2023-11-10,149.45,EUR,ACTIVE
GC-501015,CUST-01715,2023-11-05,23.64,USD,ACTIVE
GC-501016,CUST-02032,2023-03-26,184.46,USD,ACTIVE
GC-501017,CUST-00874,2023-05-05,195.37,USD,ACTIVE
GC-501018,CUST-00841,2024-03-30,23.41,USD,ACTIVE
GC-501019,CUST-02273,2022-08-24,70.8,USD,ACTIVE
GC-501020,CUST-01475,2022-03-31,45.99,USD,ACTIVE
GC-501021,CUST-00714,2023-11-27,45.89,EUR,ACTIVE
GC-501022,CUST-01073,2022-07-27,182.74,USD,ACTIVE
GC-501023,CUST-00455,2023-11-25,70.92,USD,ACTIVE
GC-501024,CUST-00777,2023-01-28,96.94,EUR,ACTIVE
GC-501025,CUST-01343,2023-05-22,195.91,USD,ACTIVE
GC-501026,CUST-02393,2024-09-28,181.63,USD,ACTIVE
GC-501027,CUST-00266,2022-12-09,97.51,EUR,ACTIVE
GC-501028,CUST-02086,2024-02-06,141.96,USD,ACTIVE
GC-501029,CUST-01643,2022-03-16,49.47,USD,ACTIVE
GC-501030,CUST-00644,2024-02-06,136.27,USD,ACTIVE
GC-501031,CUST-01821,2024-11-28,47.92,USD,ACTIVE
GC-501032,CUST-01746,2024-07-12,94.09,USD,ACTIVE
GC-501033,CUST-01119,2024-02-23,47.21,USD,ACTIVE
GC-501034,CUST-02240,2022-06-10,45.49,USD,ACTIVE
GC-501035,CUST-02237,2023-02-15,48.38,USD,ACTIVE
GC-501036,CUST-01420,2024-04-07,146.37,USD,ACTIVE
GC-501037,CUST-02100,2022-11-02,46.13,USD,ACTIVE
GC-501038,CUST-00958,2024-11-22,146.36,EUR,ACTIVE
GC-501039,CUST-01396,2022-06-25,47.14,USD,ACTIVE
GC-501040,CUST-01844,2022-03-03,47.89,USD,ACTIVE
GC-501041,CUST-00040,2024-10-20,70.05,GBP,ACTIVE
GC-501042,CUST-02203,2023-09-06,135.35,USD,ACTIVE
GC-501043,CUST-00630,2023-11-08,195.98,EUR,VOIDED
GC-501044,CUST-02351,2024-03-11,49.74,USD,ACTIVE
GC-501045,CUST-00772,2024-08-30,71.77,USD,ACTIVE
GC-501046,CUST-00728,2022-03-07,142.33,GBP,ACTIVE
GC-501047,CUST-01581,2023-08-05,46.46,USD,ACTIVE
GC-501048,CUST-00529,2024-05-06,181.38,USD,ACTIVE
GC-501049,CUST-01945,2022-11-22,149.09,EUR,ACTIVE
GC-501050,CUST-02059,2024-07-28,45.04,USD,ACTIVE
GC-501051,CUST-01636,2023-05-21,74.33,EUR,ACTIVE
GC-501052,CUST-01896,2022-03-22,23.22,GBP,VOIDED
GC-501053,CUST-01870,2023-12-12,195.85,GBP,ACTIVE
GC-501054,CUST-01576,2023-01-11,136.43,GBP,ACTIVE
GC-501055,CUST-00179,2023-05-06,74.12,USD,ACTIVE
GC-501056,CUST-00314,2022-08-04,70.58,EUR,ACTIVE
GC-501057,CUST-02073,2022-04-02,22.68,USD,ACTIVE
GC-501058,CUST-01892,2024-02-20,187.99,USD,ACTIVE
GC-501059,CUST-00044,2023-05-29,198.34,USD,ACTIVE
GC-501060,CUST-00661,2022-12-16,136.51,USD,ACTIVE
GC-501061,CUST-02181,2023-03-19,180.96,USD,ACTIVE
GC-501062,CUST-02142,2022-07-30,186.17,USD,ACTIVE
GC-501063,CUST-00200,2024-02-12,46.87,USD,ACTIVE
GC-501064,CUST-00066,2024-05-13,23.34,USD,ACTIVE
GC-501065,CUST-00259,2023-03-28,183.36,USD,ACTIVE
GC-501066,CUST-02100,2022-08-09,71.72,USD,ACTIVE
GC-501067,CUST-02219,2024-03-20,23.08,USD,ACTIVE
GC-501068,CUST-00712,2022-01-31,186.32,USD,ACTIVE
GC-501069,CUST-01684,2023-09-10,99.83,EUR,ACTIVE
GC-501070,CUST-02332,2022-12-18,24.0,USD,ACTIVE
GC-501071,CUST-00545,2023-11-12,195.23,USD,ACTIVE
GC-501072,CUST-01975,2022-05-19,24.02,USD,ACTIVE
GC-501073,CUST-01567,2024-11-12,184.65,GBP,ACTIVE
GC-501074,CUST-00055,2023-04-22,146.38,USD,ACTIVE
GC-501075,CUST-01756,2023-05-14,22.65,EUR,ACTIVE
GC-501076,CUST-01818,2023-11-05,69.88,USD,ACTIVE
GC-501077,CUST-02134,2024-04-29,73.13,GBP,ACTIVE
GC-501078,CUST-01357,2023-12-03,47.7,USD,VOIDED
GC-501079,CUST-01018,2023-04-01,95.21,EUR,ACTIVE
GC-501080,CUST-00025,2022-05-13,24.88,USD,ACTIVE
GC-501081,CUST-00837,2022-09-15,47.96,USD,ACTIVE
GC-501082,CUST-00968,2024-11-05,97.25,USD,ACTIVE
GC-501083,CUST-01004,2024-05-18,138.73,USD,ACTIVE
GC-501084,CUST-01632,2024-02-13,94.41,USD,ACTIVE
GC-501085,CUST-01751,2022-06-20,143.06,USD,ACTIVE
GC-501086,CUST-00720,2023-06-11,93.06,USD,ACTIVE
GC-501087,CUST-01533,2024-10-03,99.4,USD,ACTIVE
GC-501088,CUST-00292,2024-04-17,23.46,USD,ACTIVE
GC-501089,CUST-00796,2024-06-12,186.97,USD,ACTIVE
GC-501090,CUST-01509,2022-04-29,99.27,GBP,ACTIVE
GC-501091,CUST-01957,2022-03-12,194.13,USD,ACTIVE
GC-501092,CUST-00606,2023-06-20,99.44,EUR,ACTIVE
GC-501093,CUST-02369,2022-11-27,24.43,USD,ACTIVE
GC-501094,CUST-01575,2024-03-25,149.61,GBP,ACTIVE
GC-501095,CUST-01733,2022-12-06,72.69,USD,ACTIVE
GC-501096,CUST-00585,2023-07-05,49.65,GBP,ACTIVE
GC-501097,CUST-02151,2024-05-03,73.0,GBP,ACTIVE
GC-501098,CUST-00764,2022-10-03,91.82,USD,ACTIVE
GC-501099,CUST-00871,2023-01-16,24.37,USD,ACTIVE
GC-501100,CUST-01063,2024-04-17,198.26,USD,ACTIVE
GC-501101,CUST-00681,2022-06-13,23.44,USD,ACTIVE
GC-501102,CUST-00030,2022-03-27,47.61,USD,ACTIVE
GC-501103,CUST-02131,2023-06-29,97.57,USD,ACTIVE
GC-501104,CUST-01379,2024-01-30,75.0,GBP,ACTIVE
GC-501105,CUST-01633,2024-02-15,24.94,EUR,ACTIVE
GC-501106,CUST-00013,2024-07-24,97.25,GBP,VOIDED
GC-501107,CUST-00569,2022-02-22,24.67,EUR,ACTIVE
GC-501108,CUST-00069,2024-01-08,186.51,USD,ACTIVE
GC-501109,CUST-01753,2024-09-02,198.1,GBP,ACTIVE
GC-501110,CUST-00800,2022-10-21,146.77,EUR,ACTIVE
GC-501111,CUST-00131,2022-09-19,23.25,USD,ACTIVE
GC-501112,CUST-02248,2024-08-14,99.55,USD,ACTIVE
GC-501113,CUST-00433,2024-06-09,22.9,GBP,ACTIVE
GC-501114,CUST-00903,2023-06-12,99.52,GBP,ACTIVE
GC-501115,CUST-00557,2024-12-30,189.84,GBP,ACTIVE
GC-501116,CUST-00917,2022-05-13,70.33,GBP,ACTIVE
GC-501117,CUST-01564,2024-06-13,46.3,USD,ACTIVE
GC-501118,CUST-02347,2024-01-24,74.66,USD,ACTIVE
GC-501119,CUST-00007,2023-09-29,143.03,USD,ACTIVE
GC-501120,CUST-01310,2024-01-18,47.6,GBP,ACTIVE
GC-501121,CUST-00910,2022-08-07,23.85,USD,ACTIVE
GC-501122,CUST-01161,2022-10-26,196.98,GBP,ACTIVE
GC-501123,CUST-01312,2023-09-25,182.47,EUR,ACTIVE
GC-501124,CUST-00884,2024-10-10,199.33,USD,ACTIVE
GC-501125,CUST-01365,2022-11-09,49.24,GBP,ACTIVE
GC-501126,CUST-00216,2023-01-02,187.84,USD,ACTIVE
GC-501127,CUST-00653,2022-02-14,93.37,EUR,ACTIVE
GC-501128,CUST-01427,2024-03-12,23.82,USD,ACTIVE
GC-501129,CUST-00222,2023-09-15,183.27,USD,ACTIVE
GC-501130,CUST-01977,2023-08-20,46.09,USD,ACTIVE
GC-501131,CUST-01484,2022-07-28,46.88,GBP,ACTIVE
GC-501132,CUST-00231,2022-07-16,91.8,USD,ACTIVE
GC-501133,CUST-01387,2024-06-07,194.45,USD,ACTIVE
GC-501134,CUST-00987,2024-03-23,72.66,USD,ACTIVE
GC-501135,CUST-00368,2024-08-07,92.75,GBP,ACTIVE
GC-501136,CUST-01505,2022-01-24,22.71,USD,ACTIVE
GC-501137,CUST-01573,2024-09-18,188.67,GBP,ACTIVE
GC-501138,CUST-00408,2023-10-29,198.18,USD,ACTIVE
GC-501139,CUST-01661,2022-02-10,147.26,USD,ACTIVE
GC-501140,CUST-02002,2022-05-11,143.08,EUR,ACTIVE
GC-501141,CUST-00850,2022-08-29,145.43,USD,ACTIVE
GC-501142,CUST-01288,2022-09-09,47.88,USD,ACTIVE
GC-501143,CUST-00360,2023-06-10,24.95,USD,ACTIVE
GC-501144,CUST-01202,2024-12-29,47.89,USD,ACTIVE
GC-501145,CUST-02141,2023-12-23,142.66,EUR,ACTIVE
GC-501146,CUST-00184,2023-05-01,45.71,USD,ACTIVE
GC-501147,CUST-00550,2023-03-19,69.58,EUR,ACTIVE
GC-501148,CUST-00305,2023-06-07,96.5,USD,ACTIVE
GC-501149,CUST-00342,2023-06-05,99.4,GBP,ACTIVE
GC-501150,CUST-00290,2023-07-06,192.91,GBP,ACTIVE
GC-501151,CUST-02309,2024-11-13,47.1,EUR,ACTIVE
GC-501152,CUST-01777,2024-02-16,138.71,USD,ACTIVE
GC-501153,CUST-00925,2023-07-15,23.44,USD,ACTIVE
GC-501154,CUST-00720,2024-12-14,71.92,GBP,ACTIVE
GC-501155,CUST-02167,2023-12-16,147.98,GBP,ACTIVE
GC-501156,CUST-00406,2022-04-09,74.6,USD,ACTIVE
GC-501157,CUST-00637,2022-09-16,95.68,USD,ACTIVE
GC-501158,CUST-01920,2024-10-25,74.64,USD,ACTIVE
GC-501159,CUST-01252,2024-04-12,24.09,USD,ACTIVE
GC-501160,CUST-00384,2022-12-05,22.71,EUR,ACTIVE
GC-501161,CUST-02181,2022-09-13,24.04,USD,VOIDED
GC-501162,CUST-00030,2024-05-20,146.25,GBP,ACTIVE
GC-501163,CUST-02164,2022-03-28,99.65,EUR,ACTIVE
GC-501164,CUST-02145,2023-04-06,23.42,USD,ACTIVE
GC-501165,CUST-00209,2024-05-15,91.7,USD,ACTIVE
GC-501166,CUST-00483,2023-08-18,92.94,USD,ACTIVE
GC-501167,CUST-02330,2024-03-17,74.47,USD,ACTIVE
GC-501168,CUST-02000,2022-04-28,24.04,USD,ACTIVE
GC-501169,CUST-00810,2022-06-23,148.48,EUR,ACTIVE
GC-501170,CUST-01755,2023-01-09,68.32,EUR,ACTIVE
GC-501171,CUST-00165,2022-10-01,97.44,USD,VOIDED
GC-501172,CUST-00657,2023-02-12,199.66,USD,ACTIVE
GC-501173,CUST-02254,2024-10-11,182.55,GBP,ACTIVE
GC-501174,CUST-02056,2024-03-07,24.89,USD,ACTIVE
GC-501175,CUST-00638,2023-12-06,24.42,EUR,ACTIVE
GC-501176,CUST-01402,2024-05-29,180.16,EUR,ACTIVE
GC-501177,CUST-01015,2022-11-09,137.8,GBP,ACTIVE
GC-501178,CUST-00813,2024-08-28,24.25,GBP,ACTIVE
GC-501179,CUST-00610,2023-04-15,47.01,USD,ACTIVE
GC-501180,CUST-01558,2024-04-14,72.75,EUR,ACTIVE
GC-501181,CUST-01963,2022-05-06,96.44,EUR,ACTIVE
GC-501182,CUST-00745,2022-03-25,24.15,USD,ACTIVE
GC-501183,CUST-01490,2023-11-16,22.74,USD,ACTIVE
GC-501184,CUST-00534,2023-11-10,196.2,USD,ACTIVE
GC-501185,CUST-02167,2024-02-01,185.52,USD,ACTIVE
GC-501186,CUST-00358,2022-08-06,194.85,USD,ACTIVE
GC-501187,CUST-00781,2023-01-31,99.26,GBP,ACTIVE
GC-501188,CUST-01405,2023-09-10,99.9,GBP,ACTIVE
GC-501189,CUST-00630,2022-03-31,47.09,USD,ACTIVE
GC-501190,CUST-02296,2023-12-13,96.3,USD,ACTIVE
GC-501191,CUST-00278,2024-09-15,148.97,USD,ACTIVE
GC-501192,CUST-01187,2022-04-04,24.49,EUR,ACTIVE
GC-501193,CUST-01629,2024-10-10,148.05,GBP,ACTIVE
GC-501194,CUST-01599,2024-03-31,69.05,EUR,ACTIVE
GC-501195,CUST-00893,2022-01-19,95.04,EUR,ACTIVE
GC-501196,CUST-01243,2023-03-28,185.37,USD,ACTIVE
GC-501197,CUST-00187,2024-12-28,67.79,USD,ACTIVE
GC-501198,CUST-00545,2023-07-08,199.6,USD,ACTIVE
GC-501199,CUST-00006,2023-12-13,149.58,GBP,ACTIVE
GC-501200,CUST-00043,2023-12-30,199.3,USD,ACTIVE
GC-501201,CUST-02202,2022-08-06,193.76,GBP,ACTIVE
GC-501202,CUST-02257,2023-02-27,46.62,USD,ACTIVE
GC-501203,CUST-01620,2022-11-15,48.65,USD,ACTIVE
GC-501204,CUST-00774,2024-10-01,48.24,GBP,ACTIVE
GC-501205,CUST-00728,2024-03-18,137.82,GBP,ACTIVE
GC-501206,CUST-01005,2024-07-20,91.0,GBP,ACTIVE
GC-501207,CUST-00056,2022-03-31,48.85,USD,ACTIVE
GC-501208,CUST-00829,2022-10-13,148.39,USD,ACTIVE
GC-501209,CUST-01359,2024-09-07,45.28,USD,ACTIVE
GC-501210,CUST-02227,2022-09-10,22.76,USD,ACTIVE
GC-501211,CUST-01576,2022-08-19,49.95,USD,ACTIVE
GC-501212,CUST-01464,2022-06-06,68.39,EUR,ACTIVE
GC-501213,CUST-00619,2022-12-31,140.02,USD,ACTIVE
GC-501214,CUST-00616,2023-09-10,70.11,EUR,ACTIVE
GC-501215,CUST-01512,2023-06-28,24.47,GBP,ACTIVE
GC-501216,CUST-00601,2023-10-18,94.47,USD,ACTIVE
GC-501217,CUST-00276,2022-08-20,99.6,EUR,ACTIVE
GC-501218,CUST-01308,2024-10-09,96.93,USD,ACTIVE
GC-501219,CUST-00567,2023-05-19,95.49,USD,ACTIVE
GC-501220,CUST-02367,2023-03-26,23.09,GBP,ACTIVE
GC-501221,CUST-00071,2024-01-13,99.58,EUR,ACTIVE
GC-501222,CUST-01479,2022-10-13,91.44,USD,ACTIVE
GC-501223,CUST-00994,2023-03-08,24.37,USD,ACTIVE
GC-501224,CUST-00587,2024-02-13,24.24,GBP,ACTIVE
GC-501225,CUST-00648,2022-03-03,68.56,USD,ACTIVE
GC-501226,CUST-02332,2024-05-02,47.35,USD,ACTIVE
GC-501227,CUST-01227,2024-08-20,186.75,USD,ACTIVE
GC-501228,CUST-01175,2022-08-16,24.7,USD,ACTIVE
GC-501229,CUST-00711,2024-10-27,23.49,USD,ACTIVE
GC-501230,CUST-01057,2024-10-24,184.55,USD,ACTIVE
GC-501231,CUST-02137,2024-02-13,184.24,USD,ACTIVE
GC-501232,CUST-00897,2024-03-14,199.52,USD,ACTIVE
GC-501233,CUST-00317,2024-08-17,72.4,USD,ACTIVE
GC-501234,CUST-01738,2023-02-03,22.76,USD,ACTIVE
GC-501235,CUST-01267,2023-01-20,48.19,EUR,ACTIVE
GC-501236,CUST-00349,2022-04-02,90.46,EUR,ACTIVE
GC-501237,CUST-01458,2022-09-23,181.95,GBP,ACTIVE
GC-501238,CUST-01897,2022-06-11,24.88,GBP,ACTIVE
GC-501239,CUST-00577,2022-11-26,149.88,EUR,ACTIVE
GC-501240,CUST-02144,2023-12-01,46.7,USD,ACTIVE
GC-501241,CUST-02323,2024-10-15,22.86,USD,ACTIVE
GC-501242,CUST-00358,2024-10-18,93.14,USD,ACTIVE
GC-501243,CUST-02362,2024-01-15,22.68,USD,ACTIVE
GC-501244,CUST-01888,2023-06-13,73.22,USD,ACTIVE
GC-501245,CUST-01643,2024-04-17,182.58,EUR,ACTIVE
GC-501246,CUST-00175,2022-04-27,48.5,GBP,ACTIVE
GC-501247,CUST-00634,2022-08-04,91.58,USD,ACTIVE
GC-501248,CUST-01909,2024-08-17,148.5,GBP,ACTIVE
GC-501249,CUST-01775,2023-02-13,67.98,USD,ACTIVE
GC-501250,CUST-00875,2023-10-18,24.97,EUR,ACTIVE
GC-501251,CUST-01481,2024-05-30,45.27,USD,ACTIVE
GC-501252,CUST-01106,2023-06-01,45.42,GBP,ACTIVE
GC-501253,CUST-00335,2023-09-03,98.71,GBP,ACTIVE
GC-501254,CUST-01717,2024-09-13,145.33,USD,ACTIVE
GC-501255,CUST-01790,2023-12-28,140.84,GBP,ACTIVE
GC-501256,CUST-00814,2022-06-09,191.57,GBP,ACTIVE
GC-501257,CUST-01297,2022-01-30,99.34,USD,ACTIVE
GC-501258,CUST-01841,2022-07-19,48.73,USD,ACTIVE
GC-501259,CUST-02237,2022-12-07,92.16,EUR,ACTIVE
GC-501260,CUST-02363,2022-01-30,67.62,USD,VOIDED
GC-501261,CUST-02057,2022-09-13,96.49,GBP,ACTIVE
GC-501262,CUST-01880,2024-05-27,47.76,USD,ACTIVE
GC-501263,CUST-01563,2023-08-07,193.61,GBP,ACTIVE
GC-501264,CUST-00407,2022-06-29,24.12,USD,ACTIVE
GC-501265,CUST-01685,2022-08-01,195.03,USD,ACTIVE
GC-501266,CUST-02062,2022-03-08,73.89,GBP,ACTIVE
GC-501267,CUST-01863,2024-02-20,49.28,USD,ACTIVE
GC-501268,CUST-01622,2022-01-16,47.54,USD,ACTIVE
GC-501269,CUST-00629,2024-02-06,192.0,EUR,ACTIVE
GC-501270,CUST-00212,2024-05-28,187.81,USD,ACTIVE
GC-501271,CUST-01304,2024-11-25,92.31,USD,ACTIVE
GC-501272,CUST-00518,2024-10-29,191.54,USD,ACTIVE
GC-501273,CUST-02265,2022-11-22,45.47,USD,ACTIVE
GC-501274,CUST-00627,2022-02-26,190.87,EUR,ACTIVE
GC-501275,CUST-01859,2024-01-04,48.26,USD,ACTIVE
GC-501276,CUST-02194,2023-05-18,97.7,GBP,ACTIVE
GC-501277,CUST-01127,2022-06-19,180.46,USD,ACTIVE
GC-501278,CUST-00503,2022-08-08,69.46,USD,ACTIVE
GC-501279,CUST-02025,2024-01-11,91.01,USD,ACTIVE
GC-501280,CUST-00302,2024-09-23,23.03,GBP,ACTIVE
GC-501281,CUST-00660,2023-01-04,24.76,USD,ACTIVE
GC-501282,CUST-00129,2022-08-29,71.13,USD,ACTIVE
GC-501283,CUST-02239,2022-01-11,146.13,USD,ACTIVE
GC-501284,CUST-02196,2022-02-17,146.41,EUR,ACTIVE
GC-501285,CUST-00471,2023-03-21,68.54,USD,ACTIVE
GC-501286,CUST-00519,2023-07-03,91.99,USD,ACTIVE
GC-501287,CUST-02259,2023-08-26,196.18,USD,ACTIVE
GC-501288,CUST-02391,2023-10-01,49.77,USD,ACTIVE
GC-501289,CUST-01759,2023-02-14,70.3,EUR,ACTIVE
GC-501290,CUST-00264,2024-07-09,24.9,USD,ACTIVE
GC-501291,CUST-01443,2024-03-26,22.95,USD,ACTIVE
GC-501292,CUST-00595,2023-10-06,23.3,USD,ACTIVE
GC-501293,CUST-00876,2024-08-11,74.24,EUR,ACTIVE
GC-501294,CUST-01580,2023-08-04,47.64,EUR,ACTIVE
GC-501295,CUST-00307,2024-05-13,93.18,GBP,ACTIVE
GC-501296,CUST-01726,2022-09-02,91.71,USD,ACTIVE
GC-501297,CUST-01165,2022-09-26,24.74,USD,VOIDED
GC-501298,CUST-00161,2023-11-22,22.67,GBP,ACTIVE
GC-501299,CUST-01701,2023-09-09,73.15,USD,ACTIVE
GC-501300,CUST-00421,2022-03-01,24.56,USD,ACTIVE
GC-501301,CUST-01785,2023-04-09,22.98,USD,VOIDED
GC-501302,CUST-01511,2022-01-11,23.15,GBP,ACTIVE
GC-501303,CUST-00197,2023-09-16,69.97,USD,ACTIVE
GC-501304,CUST-01555,2023-07-07,49.62,GBP,ACTIVE
GC-501305,CUST-00492,2022-09-16,48.77,USD,VOIDED
GC-501306,CUST-01693,2024-07-04,23.8,GBP,ACTIVE
GC-501307,CUST-02008,2023-07-29,189.65,USD,ACTIVE
GC-501308,CUST-01214,2022-06-19,147.53,USD,ACTIVE
GC-501309,CUST-00844,2022-06-09,90.6,USD,ACTIVE
GC-501310,CUST-01918,2024-02-28,91.05,USD,ACTIVE
GC-501311,CUST-02162,2024-11-18,72.81,USD,ACTIVE
GC-501312,CUST-02067,2022-08-05,49.58,USD,ACTIVE
GC-501313,CUST-02365,2022-07-29,98.76,USD,ACTIVE
GC-501314,CUST-00068,2024-08-01,67.71,USD,ACTIVE
GC-501315,CUST-01855,2023-12-22,24.82,USD,ACTIVE
GC-501316,CUST-00869,2022-11-05,141.46,USD,ACTIVE
GC-501317,CUST-01650,2022-12-28,71.47,EUR,ACTIVE
GC-501318,CUST-02357,2023-06-30,23.83,USD,ACTIVE
GC-501319,CUST-01180,2023-08-13,22.74,GBP,ACTIVE
GC-501320,CUST-01865,2022-10-18,189.49,USD,ACTIVE
GC-501321,CUST-01443,2024-08-28,23.72,EUR,ACTIVE
GC-501322,CUST-00186,2022-02-05,199.81,EUR,ACTIVE
GC-501323,CUST-02061,2022-12-09,22.75,USD,ACTIVE
GC-501324,CUST-01854,2024-10-01,74.92,GBP,ACTIVE
GC-501325,CUST-01493,2024-07-28,69.76,USD,ACTIVE
GC-501326,CUST-02128,2022-02-12,98.56,USD,ACTIVE
GC-501327,CUST-00581,2024-01-02,23.11,USD,ACTIVE
GC-501328,CUST-01473,2023-02-27,22.98,GBP,ACTIVE
GC-501329,CUST-01841,2024-12-15,74.33,USD,ACTIVE
GC-501330,CUST-01710,2023-07-20,45.21,USD,ACTIVE
GC-501331,CUST-02044,2022-10-29,183.0,USD,ACTIVE
GC-501332,CUST-01181,2022-05-13,23.63,USD,ACTIVE
GC-501333,CUST-00506,2022-04-19,67.54,USD,ACTIVE
GC-501334,CUST-02297,2022-11-14,185.41,USD,ACTIVE
GC-501335,CUST-00331,2023-08-19,23.68,USD,ACTIVE
GC-501336,CUST-02369,2022-10-13,46.25,GBP,ACTIVE
GC-501337,CUST-02236,2023-01-11,90.96,USD,ACTIVE
GC-501338,CUST-00109,2024-05-12,48.08,USD,ACTIVE
GC-501339,CUST-01202,2022-04-20,47.01,USD,ACTIVE
GC-501340,CUST-02122,2024-07-31,22.64,USD,ACTIVE
GC-501341,CUST-01366,2022-07-19,142.22,USD,ACTIVE
GC-501342,CUST-00840,2024-11-23,146.11,USD,ACTIVE
GC-501343,CUST-01233,2023-09-29,24.51,GBP,ACTIVE
GC-501344,CUST-00823,2022-08-23,22.88,USD,ACTIVE
GC-501345,CUST-00397,2023-05-22,23.68,USD,ACTIVE
GC-501346,CUST-01601,2022-04-24,70.53,USD,ACTIVE
GC-501347,CUST-02240,2023-06-18,188.78,EUR,ACTIVE
GC-501348,CUST-00505,2024-06-04,180.43,USD,ACTIVE
GC-501349,CUST-00986,2022-12-16,193.99,EUR,ACTIVE
GC-501350,CUST-01188,2023-08-16,24.9,GBP,ACTIVE
GC-501351,CUST-01596,2022-01-23,67.76,EUR,ACTIVE
GC-501352,CUST-01821,2022-03-29,47.34,USD,ACTIVE
GC-501353,CUST-00038,2022-11-21,147.84,USD,ACTIVE
GC-501354,CUST-01390,2024-07-30,46.39,GBP,ACTIVE
GC-501355,CUST-01614,2022-05-20,93.77,GBP,ACTIVE
GC-501356,CUST-01426,2024-04-06,22.57,USD,ACTIVE
GC-501357,CUST-00396,2022-08-06,189.53,USD,ACTIVE
GC-501358,CUST-00432,2022-12-23,97.56,GBP,ACTIVE
GC-501359,CUST-01809,2024-02-06,196.81,EUR,ACTIVE
GC-501360,CUST-01842,2024-02-13,191.48,USD,ACTIVE
GC-501361,CUST-02012,2024-06-15,69.19,GBP,ACTIVE
GC-501362,CUST-02165,2023-01-29,135.36,USD,ACTIVE
GC-501363,CUST-00022,2024-01-07,143.2,USD,ACTIVE
GC-501364,CUST-02164,2024-10-13,47.85,USD,ACTIVE
GC-501365,CUST-02289,2022-10-10,94.28,USD,ACTIVE
GC-501366,CUST-02043,2023-04-18,143.11,USD,ACTIVE
GC-501367,CUST-01188,2023-05-30,187.16,USD,ACTIVE
GC-501368,CUST-01180,2022-06-03,138.62,EUR,ACTIVE
GC-501369,CUST-01385,2024-05-13,46.67,USD,ACTIVE
GC-501370,CUST-00837,2023-11-07,23.09,GBP,ACTIVE
GC-501371,CUST-00145,2023-12-10,95.98,USD,ACTIVE
GC-501372,CUST-00331,2024-09-07,72.92,USD,ACTIVE
GC-501373,CUST-02080,2023-04-07,70.74,GBP,ACTIVE
GC-501374,CUST-02189,2024-02-16,194.76,GBP,ACTIVE
GC-501375,CUST-00214,2024-03-03,182.5,USD,ACTIVE
GC-501376,CUST-02251,2022-10-10,91.18,USD,ACTIVE
GC-501377,CUST-01507,2023-12-22,70.77,USD,ACTIVE
GC-501378,CUST-00377,2022-01-21,97.47,USD,VOIDED
GC-501379,CUST-02197,2022-04-04,185.0,USD,ACTIVE
GC-501380,CUST-00520,2024-06-17,67.83,USD,ACTIVE
GC-501381,CUST-00502,2022-06-07,74.54,USD,ACTIVE
GC-501382,CUST-01463,2023-03-28,186.05,USD,ACTIVE
GC-501383,CUST-01420,2024-04-21,142.29,GBP,ACTIVE
GC-501384,CUST-02134,2023-04-18,191.06,USD,ACTIVE
GC-501385,CUST-00582,2022-03-15,188.81,USD,ACTIVE
GC-501386,CUST-00088,2024-10-18,69.58,USD,ACTIVE
GC-501387,CUST-01573,2024-10-11,93.85,USD,ACTIVE
GC-501388,CUST-01554,2023-01-13,95.32,GBP,ACTIVE
GC-501389,CUST-00129,2023-12-14,146.32,USD,ACTIVE
GC-501390,CUST-00234,2022-08-12,99.52,EUR,ACTIVE
GC-501391,CUST-02191,2024-08-07,145.79,USD,ACTIVE
GC-501392,CUST-00666,2024-02-20,199.85,USD,ACTIVE
GC-501393,CUST-01150,2023-07-16,48.86,USD,ACTIVE
GC-501394,CUST-02329,2023-10-20,47.22,USD,ACTIVE
GC-501395,CUST-01911,2022-03-17,96.38,USD,ACTIVE
GC-501396,CUST-01674,2022-04-30,23.19,EUR,ACTIVE
GC-501397,CUST-01287,2022-05-12,46.29,USD,ACTIVE
GC-501398,CUST-02028,2022-09-18,183.49,USD,ACTIVE
GC-501399,CUST-00954,2022-08-23,22.96,GBP,ACTIVE
GC-501400,CUST-01055,2022-02-03,71.55,GBP,ACTIVE
GC-501401,CUST-01433,2022-08-12,141.66,USD,ACTIVE
GC-501402,CUST-00293,2024-05-23,45.12,USD,ACTIVE
GC-501403,CUST-01476,2023-11-18,187.49,USD,ACTIVE
GC-501404,CUST-00657,2024-01-25,74.48,USD,VOIDED
GC-501405,CUST-00105,2022-08-06,49.04,EUR,ACTIVE
GC-501406,CUST-01561,2022-06-10,47.83,USD,ACTIVE
GC-501407,CUST-01713,2022-09-06,24.02,EUR,ACTIVE
GC-501408,CUST-02132,2024-06-22,68.96,USD,ACTIVE
GC-501409,CUST-01000,2023-11-05,69.23,USD,ACTIVE
GC-501410,CUST-02296,2024-11-01,72.4,USD,ACTIVE
GC-501411,CUST-01839,2024-05-07,147.42,USD,ACTIVE
GC-501412,CUST-01670,2022-10-10,73.47,EUR,ACTIVE
GC-501413,CUST-02025,2023-02-10,90.16,USD,ACTIVE
GC-501414,CUST-02272,2024-08-20,22.82,GBP,ACTIVE
GC-501415,CUST-00099,2022-12-08,47.57,USD,ACTIVE
GC-501416,CUST-01380,2023-11-21,144.25,EUR,ACTIVE
GC-501417,CUST-01454,2024-07-08,189.0,USD,ACTIVE
GC-501418,CUST-01955,2022-10-03,48.62,GBP,ACTIVE
GC-501419,CUST-02087,2022-06-21,23.98,USD,ACTIVE
GC-501420,CUST-01398,2022-04-09,148.46,EUR,ACTIVE
GC-501421,CUST-01748,2023-08-08,93.19,USD,ACTIVE
GC-501422,CUST-00172,2023-03-08,139.17,USD,ACTIVE
GC-501423,CUST-00408,2023-12-13,45.59,USD,ACTIVE
GC-501424,CUST-00949,2023-07-25,23.02,USD,ACTIVE
GC-501425,CUST-00113,2022-03-23,146.98,EUR,ACTIVE
GC-501426,CUST-00106,2024-01-27,74.56,USD,ACTIVE
GC-501427,CUST-01823,2024-12-02,92.95,USD,ACTIVE
GC-501428,CUST-00492,2024-06-29,92.63,USD,ACTIVE
GC-501429,CUST-00478,2023-12-26,195.87,USD,ACTIVE
GC-501430,CUST-00642,2024-11-04,70.9,USD,ACTIVE
GC-501431,CUST-01290,2022-03-20,24.83,USD,ACTIVE
GC-501432,CUST-00780,2022-03-14,180.16,GBP,ACTIVE
GC-501433,CUST-00902,2023-02-05,91.51,USD,ACTIVE
GC-501434,CUST-01158,2022-09-27,197.52,USD,ACTIVE
GC-501435,CUST-00855,2022-12-31,96.88,USD,ACTIVE
GC-501436,CUST-02392,2023-04-26,71.13,GBP,ACTIVE
GC-501437,CUST-00738,2023-09-07,72.51,USD,ACTIVE
GC-501438,CUST-01333,2023-05-22,91.16,GBP,ACTIVE
GC-501439,CUST-01688,2023-04-26,69.51,USD,ACTIVE
GC-501440,CUST-01676,2022-05-05,69.46,EUR,ACTIVE
GC-501441,CUST-01392,2022-04-04,94.1,USD,ACTIVE
GC-501442,CUST-00683,2023-02-27,24.87,GBP,ACTIVE
GC-501443,CUST-01351,2022-09-22,135.3,EUR,ACTIVE
GC-501444,CUST-00370,2023-11-14,135.95,USD,ACTIVE
GC-501445,CUST-01484,2023-02-11,140.93,USD,ACTIVE
GC-501446,CUST-01189,2022-11-27,70.6,USD,ACTIVE
GC-501447,CUST-01019,2022-01-28,24.39,USD,ACTIVE
GC-501448,CUST-01548,2024-03-31,197.53,USD,ACTIVE
GC-501449,CUST-00303,2024-10-30,195.25,GBP,ACTIVE
GC-501450,CUST-00622,2022-07-15,146.89,GBP,ACTIVE
GC-501451,CUST-01279,2023-10-25,146.15,USD,ACTIVE
GC-501452,CUST-01665,2023-07-25,74.31,USD,ACTIVE
GC-501453,CUST-02239,2022-08-10,47.89,USD,ACTIVE
GC-501454,CUST-00951,2024-07-04,95.63,USD,ACTIVE
GC-501455,CUST-01362,2022-10-22,22.74,GBP,ACTIVE
GC-501456,CUST-02007,2023-05-27,47.02,USD,ACTIVE
GC-501457,CUST-02321,2023-04-22,92.52,USD,ACTIVE
GC-501458,CUST-02304,2024-09-27,93.13,EUR,ACTIVE
GC-501459,CUST-01319,2024-08-02,95.14,GBP,ACTIVE
GC-501460,CUST-00431,2024-05-21,23.44,GBP,ACTIVE
GC-501461,CUST-02130,2022-09-06,47.19,USD,ACTIVE
GC-501462,CUST-02149,2024-09-24,197.48,USD,ACTIVE
GC-501463,CUST-01111,2024-12-06,148.34,USD,ACTIVE
GC-501464,CUST-00680,2022-10-17,145.28,USD,ACTIVE
GC-501465,CUST-02128,2023-05-30,92.11,USD,ACTIVE
GC-501466,CUST-01278,2023-01-20,181.88,USD,ACTIVE
GC-501467,CUST-02291,2023-04-08,180.28,USD,ACTIVE
GC-501468,CUST-01746,2023-09-19,146.5,USD,ACTIVE
GC-501469,CUST-00625,2022-07-30,46.4,GBP,ACTIVE
GC-501470,CUST-01353,2023-07-22,145.03,GBP,ACTIVE
GC-501471,CUST-00601,2022-10-21,98.75,USD,ACTIVE
GC-501472,CUST-01340,2023-09-12,23.1,EUR,ACTIVE
GC-501473,CUST-00681,2023-07-23,49.2,GBP,ACTIVE
GC-501474,CUST-02008,2023-05-29,23.89,GBP,ACTIVE
GC-501475,CUST-02293,2023-01-27,68.84,USD,ACTIVE
GC-501476,CUST-00803,2024-06-24,137.92,USD,ACTIVE
GC-501477,CUST-01346,2022-07-12,71.27,USD,ACTIVE
GC-501478,CUST-00138,2023-07-18,93.98,GBP,ACTIVE
GC-501479,CUST-00235,2022-03-04,99.97,GBP,ACTIVE
GC-501480,CUST-02009,2022-12-22,197.5,USD,ACTIVE
GC-501481,CUST-00157,2024-01-27,148.41,USD,ACTIVE
GC-501482,CUST-00725,2022-09-27,98.34,USD,ACTIVE
GC-501483,CUST-00256,2023-10-06,139.16,USD,ACTIVE
GC-501484,CUST-01363,2023-10-11,49.53,GBP,ACTIVE
GC-501485,CUST-01501,2024-11-23,188.06,USD,ACTIVE
GC-501486,CUST-00267,2023-01-31,48.64,EUR,ACTIVE
GC-501487,CUST-00183,2023-07-19,48.44,EUR,ACTIVE
GC-501488,CUST-00362,2022-08-27,48.65,USD,ACTIVE
GC-501489,CUST-00083,2022-12-13,48.19,USD,ACTIVE
GC-501490,CUST-01143,2022-10-15,70.6,EUR,ACTIVE
GC-501491,CUST-00817,2022-12-29,72.73,USD,ACTIVE
GC-501492,CUST-00151,2024-02-29,143.53,USD,ACTIVE
GC-501493,CUST-01183,2023-03-01,199.37,USD,ACTIVE
GC-501494,CUST-01102,2022-07-05,46.29,EUR,ACTIVE
GC-501495,CUST-01323,2024-02-02,96.58,EUR,VOIDED
GC-501496,CUST-01321,2022-08-03,74.02,GBP,ACTIVE
GC-501497,CUST-01948,2023-11-17,198.06,USD,ACTIVE
GC-501498,CUST-01255,2022-11-30,137.79,USD,ACTIVE
GC-501499,CUST-01870,2024-06-09,94.74,GBP,ACTIVE
GC-501500,CUST-01529,2023-11-23,188.02,USD,ACTIVE
GC-501501,CUST-02077,2022-08-09,97.74,USD,ACTIVE
GC-501502,CUST-01232,2024-12-09,146.28,USD,ACTIVE
GC-501503,CUST-00221,2022-07-05,49.01,USD,ACTIVE
GC-501504,CUST-01235,2023-09-22,46.18,USD,ACTIVE
GC-501505,CUST-01003,2022-11-12,147.69,GBP,ACTIVE
GC-501506,CUST-01542,2024-08-07,48.82,GBP,ACTIVE
GC-501507,CUST-01304,2022-10-01,74.24,USD,ACTIVE
GC-501508,CUST-01614,2024-12-29,71.16,USD,ACTIVE
GC-501509,CUST-00111,2023-03-31,48.84,EUR,ACTIVE
GC-501510,CUST-00566,2024-10-20,23.03,USD,ACTIVE
GC-501511,CUST-00737,2024-05-21,69.83,USD,ACTIVE
GC-501512,CUST-01969,2022-03-13,91.8,USD,ACTIVE
GC-501513,CUST-00659,2023-10-16,142.6,USD,ACTIVE
GC-501514,CUST-00048,2024-09-22,188.03,GBP,ACTIVE
GC-501515,CUST-01741,2023-06-14,182.32,GBP,ACTIVE
GC-501516,CUST-02057,2024-02-03,186.7,USD,ACTIVE
GC-501517,CUST-00616,2022-01-15,191.8,USD,ACTIVE
GC-501518,CUST-01864,2024-06-09,92.82,USD,ACTIVE
GC-501519,CUST-01886,2024-01-22,145.3,USD,ACTIVE
GC-501520,CUST-00072,2024-07-03,72.27,USD,ACTIVE
GC-501521,CUST-01464,2022-03-16,187.92,EUR,ACTIVE
GC-501522,CUST-00388,2022-09-16,48.16,GBP,ACTIVE
GC-501523,CUST-00314,2023-10-31,22.87,USD,ACTIVE
GC-501524,CUST-01237,2024-05-15,22.96,USD,ACTIVE
GC-501525,CUST-01776,2022-08-27,138.91,USD,ACTIVE
GC-501526,CUST-01126,2023-01-16,145.07,USD,ACTIVE
GC-501527,CUST-00743,2023-08-07,23.52,USD,ACTIVE
GC-501528,CUST-00532,2023-07-17,95.99,USD,ACTIVE
GC-501529,CUST-01330,2023-03-29,139.32,USD,ACTIVE
GC-501530,CUST-01887,2024-05-11,139.93,GBP,ACTIVE
GC-501531,CUST-00622,2024-08-04,92.11,GBP,ACTIVE
GC-501532,CUST-01598,2023-06-08,24.15,USD,ACTIVE
GC-501533,CUST-00322,2024-09-23,68.12,EUR,ACTIVE
GC-501534,CUST-01513,2023-09-15,70.89,USD,ACTIVE
GC-501535,CUST-01702,2022-02-17,146.16,USD,ACTIVE
GC-501536,CUST-00540,2024-02-15,22.74,EUR,ACTIVE
GC-501537,CUST-02338,2023-08-16,48.83,USD,ACTIVE
GC-501538,CUST-01442,2023-03-22,139.18,USD,ACTIVE
GC-501539,CUST-01302,2024-10-25,140.88,EUR,ACTIVE
GC-501540,CUST-01901,2023-08-10,49.62,USD,ACTIVE
GC-501541,CUST-00014,2024-12-26,96.56,USD,ACTIVE
GC-501542,CUST-00403,2024-02-25,188.36,EUR,ACTIVE
GC-501543,CUST-00330,2024-04-17,72.07,USD,ACTIVE
GC-501544,CUST-01933,2022-07-06,24.36,USD,VOIDED
GC-501545,CUST-01595,2024-11-13,47.29,USD,ACTIVE
GC-501546,CUST-00718,2024-08-25,46.61,GBP,ACTIVE
GC-501547,CUST-01004,2024-06-27,49.86,USD,ACTIVE
GC-501548,CUST-01003,2024-08-04,22.52,GBP,ACTIVE
GC-501549,CUST-01665,2024-11-30,90.7,USD,ACTIVE
GC-501550,CUST-00496,2024-12-29,23.6,GBP,ACTIVE
GC-501551,CUST-01200,2024-03-26,23.41,GBP,ACTIVE
GC-501552,CUST-02096,2024-06-20,22.76,USD,ACTIVE
GC-501553,CUST-00693,2024-01-21,186.8,USD,VOIDED
GC-501554,CUST-01977,2023-03-07,23.33,USD,ACTIVE
GC-501555,CUST-01877,2024-10-03,70.07,USD,ACTIVE
GC-501556,CUST-01355,2024-07-11,71.76,GBP,ACTIVE
GC-501557,CUST-00574,2022-10-31,67.69,EUR,VOIDED
GC-501558,CUST-02309,2024-01-13,69.8,GBP,ACTIVE
GC-501559,CUST-02326,2023-09-17,188.8,USD,ACTIVE
GC-501560,CUST-01241,2022-10-31,23.15,EUR,ACTIVE
GC-501561,CUST-01663,2024-09-03,49.86,EUR,ACTIVE
GC-501562,CUST-02053,2023-10-06,70.33,EUR,ACTIVE
GC-501563,CUST-01975,2022-12-26,90.14,USD,ACTIVE
GC-501564,CUST-00846,2023-04-05,72.06,USD,ACTIVE
GC-501565,CUST-00807,2024-01-01,95.69,USD,ACTIVE
GC-501566,CUST-00050,2024-12-09,184.05,USD,ACTIVE
GC-501567,CUST-01633,2022-07-22,136.01,USD,ACTIVE
GC-501568,CUST-02191,2022-06-12,95.67,USD,ACTIVE
GC-501569,CUST-00749,2023-05-17,194.35,USD,ACTIVE
GC-501570,CUST-01089,2023-07-23,183.8,USD,ACTIVE
GC-501571,CUST-00543,2024-12-06,23.02,USD,ACTIVE
GC-501572,CUST-02381,2024-09-04,23.84,USD,ACTIVE
GC-501573,CUST-00300,2023-02-07,23.6,USD,ACTIVE
GC-501574,CUST-00040,2024-05-30,197.73,USD,ACTIVE
GC-501575,CUST-01869,2022-01-02,96.01,USD,ACTIVE
GC-501576,CUST-01083,2024-12-25,69.56,USD,ACTIVE
GC-501577,CUST-01265,2024-06-20,47.44,USD,ACTIVE
GC-501578,CUST-01248,2022-07-13,72.28,USD,ACTIVE
GC-501579,CUST-01251,2023-10-18,91.03,EUR,ACTIVE
GC-501580,CUST-00644,2023-10-29,96.53,EUR,ACTIVE
GC-501581,CUST-00937,2023-06-23,70.28,USD,ACTIVE
GC-501582,CUST-00227,2024-04-17,196.11,USD,ACTIVE
GC-501583,CUST-01049,2023-08-27,23.3,USD,ACTIVE
GC-501584,CUST-02286,2023-02-13,142.54,USD,ACTIVE
GC-501585,CUST-00305,2023-05-13,72.92,USD,ACTIVE
GC-501586,CUST-00189,2024-03-09,189.74,GBP,ACTIVE
GC-501587,CUST-01795,2023-08-06,91.34,USD,ACTIVE
GC-501588,CUST-01695,2022-11-07,139.48,USD,ACTIVE
GC-501589,CUST-01796,2023-05-18,143.2,USD,ACTIVE
GC-501590,CUST-02281,2024-12-23,180.44,USD,ACTIVE
GC-501591,CUST-01286,2024-01-10,197.69,USD,ACTIVE
GC-501592,CUST-00933,2024-08-01,68.99,USD,ACTIVE
GC-501593,CUST-00575,2022-09-02,94.27,GBP,ACTIVE
GC-501594,CUST-02165,2022-05-04,67.62,EUR,ACTIVE
GC-501595,CUST-01158,2023-11-15,24.34,GBP,ACTIVE
GC-501596,CUST-02287,2022-08-19,48.99,EUR,ACTIVE
GC-501597,CUST-02351,2024-08-17,199.86,EUR,ACTIVE
GC-501598,CUST-01135,2024-08-11,183.04,USD,ACTIVE
GC-501599,CUST-01392,2024-07-18,194.79,EUR,ACTIVE
GC-501600,CUST-01204,2022-01-14,90.19,EUR,ACTIVE
GC-501601,CUST-00617,2023-06-15,145.12,USD,ACTIVE
GC-501602,CUST-00845,2023-09-24,22.57,USD,ACTIVE
GC-501603,CUST-00162,2022-09-18,74.66,EUR,ACTIVE
GC-501604,CUST-00890,2023-12-29,49.39,USD,ACTIVE
GC-501605,CUST-01537,2022-02-22,197.08,USD,ACTIVE
GC-501606,CUST-01831,2024-06-17,46.03,USD,ACTIVE
GC-501607,CUST-00499,2022-11-30,24.85,USD,ACTIVE
GC-501608,CUST-01298,2024-04-30,49.93,USD,ACTIVE
GC-501609,CUST-01958,2023-06-07,24.86,EUR,ACTIVE
GC-501610,CUST-01721,2024-03-30,70.2,USD,ACTIVE
GC-501611,CUST-01597,2024-08-23,72.97,USD,VOIDED
GC-501612,CUST-00186,2022-10-16,47.82,USD,ACTIVE
GC-501613,CUST-00575,2024-08-20,23.99,USD,ACTIVE
GC-501614,CUST-01201,2024-02-01,98.23,EUR,ACTIVE
GC-501615,CUST-00666,2022-03-03,46.53,USD,ACTIVE
GC-501616,CUST-01087,2023-10-20,23.33,USD,VOIDED
GC-501617,CUST-00141,2022-10-23,23.85,USD,ACTIVE
GC-501618,CUST-00696,2022-11-20,23.37,USD,ACTIVE
GC-501619,CUST-00272,2022-08-19,99.83,USD,ACTIVE
GC-501620,CUST-01804,2022-10-03,180.01,EUR,ACTIVE
GC-501621,CUST-01958,2024-10-06,137.94,GBP,ACTIVE
GC-501622,CUST-00585,2023-04-07,24.36,GBP,ACTIVE
GC-501623,CUST-01157,2022-08-04,46.25,USD,ACTIVE
GC-501624,CUST-01347,2024-08-04,142.8,GBP,ACTIVE
GC-501625,CUST-01093,2022-09-27,93.75,USD,ACTIVE
GC-501626,CUST-00141,2024-02-28,24.49,GBP,ACTIVE
GC-501627,CUST-00975,2022-11-28,67.59,USD,ACTIVE
GC-501628,CUST-02236,2024-06-19,185.59,USD,ACTIVE
GC-501629,CUST-01382,2023-01-17,73.55,USD,ACTIVE
GC-501630,CUST-02226,2022-09-16,49.88,USD,ACTIVE
GC-501631,CUST-02255,2023-08-29,69.8,USD,ACTIVE
GC-501632,CUST-00069,2023-02-11,187.08,GBP,ACTIVE
GC-501633,CUST-00622,2024-12-22,24.5,EUR,ACTIVE
GC-501634,CUST-00684,2024-02-06,24.2,USD,ACTIVE
GC-501635,CUST-00927,2022-11-08,141.36,EUR,ACTIVE
GC-501636,CUST-01642,2023-08-31,149.58,USD,VOIDED
GC-501637,CUST-01917,2023-10-22,198.76,USD,ACTIVE
GC-501638,CUST-02277,2023-10-01,192.26,USD,ACTIVE
GC-501639,CUST-00657,2023-05-12,48.23,USD,ACTIVE
GC-501640,CUST-00576,2024-04-02,194.79,USD,ACTIVE
GC-501641,CUST-00584,2023-07-19,24.09,USD,ACTIVE
GC-501642,CUST-01862,2022-11-11,186.83,USD,ACTIVE
GC-501643,CUST-01745,2022-12-11,197.31,GBP,ACTIVE
GC-501644,CUST-00989,2024-10-09,94.22,GBP,ACTIVE
GC-501645,CUST-01148,2023-07-19,190.16,USD,ACTIVE
GC-501646,CUST-00907,2024-06-07,68.28,GBP,ACTIVE
GC-501647,CUST-02297,2024-02-09,148.06,EUR,ACTIVE
GC-501648,CUST-00173,2022-08-09,199.08,EUR,ACTIVE
GC-501649,CUST-00482,2023-05-04,145.09,USD,VOIDED
GC-501650,CUST-01728,2024-03-17,180.8,GBP,ACTIVE
GC-501651,CUST-01804,2024-08-01,135.56,EUR,ACTIVE
GC-501652,CUST-00885,2023-01-06,198.92,USD,ACTIVE
GC-501653,CUST-00117,2024-07-24,73.64,USD,ACTIVE
GC-501654,CUST-00658,2023-03-05,144.72,EUR,ACTIVE
GC-501655,CUST-00705,2024-10-20,70.14,USD,ACTIVE
GC-501656,CUST-01253,2022-07-27,24.1,GBP,ACTIVE
GC-501657,CUST-01481,2022-11-23,67.62,USD,ACTIVE
GC-501658,CUST-02074,2023-08-30,137.67,EUR,ACTIVE
GC-501659,CUST-00312,2023-02-11,24.28,USD,VOIDED
GC-501660,CUST-01658,2023-06-24,186.8,USD,ACTIVE
GC-501661,CUST-01327,2023-04-06,23.11,USD,ACTIVE
GC-501662,CUST-00108,2024-10-09,199.67,USD,ACTIVE
GC-501663,CUST-01804,2023-03-19,23.24,USD,ACTIVE
GC-501664,CUST-02258,2023-01-29,49.24,USD,ACTIVE
GC-501665,CUST-02358,2024-03-03,72.8,GBP,ACTIVE
GC-501666,CUST-01494,2023-04-26,140.36,USD,ACTIVE
GC-501667,CUST-01012,2022-09-21,145.63,USD,ACTIVE
GC-501668,CUST-00918,2024-08-10,147.55,USD,ACTIVE
GC-501669,CUST-00702,2022-02-15,95.59,EUR,ACTIVE
GC-501670,CUST-01953,2022-10-30,187.09,USD,ACTIVE
GC-501671,CUST-02011,2024-06-01,49.93,GBP,ACTIVE
GC-501672,CUST-01270,2023-09-16,47.85,USD,ACTIVE
GC-501673,CUST-00591,2023-10-07,135.79,USD,ACTIVE
GC-501674,CUST-00491,2022-05-26,23.82,EUR,ACTIVE
GC-501675,CUST-01020,2023-01-03,24.12,USD,ACTIVE
GC-501676,CUST-01670,2024-02-20,91.39,GBP,ACTIVE
GC-501677,CUST-00372,2023-01-13,92.01,USD,ACTIVE
GC-501678,CUST-01529,2022-07-15,24.91,USD,ACTIVE
GC-501679,CUST-02308,2024-02-07,45.94,USD,ACTIVE
GC-501680,CUST-00745,2023-03-24,24.68,USD,VOIDED
GC-501681,CUST-01533,2022-12-29,196.92,USD,ACTIVE
GC-501682,CUST-00610,2024-06-30,135.58,USD,ACTIVE
GC-501683,CUST-02124,2022-12-09,91.93,USD,ACTIVE
GC-501684,CUST-01382,2024-07-20,147.48,GBP,ACTIVE
GC-501685,CUST-02272,2022-05-15,46.83,USD,ACTIVE
GC-501686,CUST-02011,2023-01-21,23.4,USD,VOIDED
GC-501687,CUST-01968,2022-07-22,24.16,EUR,ACTIVE
GC-501688,CUST-00812,2023-08-23,94.04,GBP,ACTIVE
GC-501689,CUST-01177,2022-04-23,22.97,EUR,ACTIVE
GC-501690,CUST-02340,2022-12-22,73.04,GBP,ACTIVE
GC-501691,CUST-01777,2024-11-07,47.54,EUR,ACTIVE
GC-501692,CUST-00184,2023-03-16,99.5,USD,VOIDED
GC-501693,CUST-01312,2022-05-30,47.48,GBP,ACTIVE
GC-501694,CUST-00064,2022-04-03,49.5,USD,ACTIVE
GC-501695,CUST-00020,2023-05-08,74.88,GBP,ACTIVE
GC-501696,CUST-01647,2022-04-02,47.99,USD,ACTIVE
GC-501697,CUST-01058,2024-05-15,145.65,GBP,VOIDED
GC-501698,CUST-01269,2023-02-24,198.27,GBP,ACTIVE
GC-501699,CUST-02000,2023-06-04,24.07,EUR,ACTIVE
GC-501700,CUST-01341,2022-12-09,74.66,GBP,ACTIVE
GC-501701,CUST-01632,2023-08-07,69.64,EUR,ACTIVE
GC-501702,CUST-00445,2022-09-02,49.75,USD,ACTIVE
GC-501703,CUST-02040,2023-02-16,149.93,USD,ACTIVE
GC-501704,CUST-00991,2024-06-11,70.79,EUR,ACTIVE
GC-501705,CUST-00169,2024-10-28,48.62,USD,ACTIVE
GC-501706,CUST-00626,2023-12-01,46.75,USD,ACTIVE
GC-501707,CUST-00232,2024-03-12,49.73,USD,ACTIVE
GC-501708,CUST-00104,2024-06-21,48.01,USD,ACTIVE
GC-501709,CUST-01680,2024-11-26,24.05,EUR,ACTIVE
GC-501710,CUST-01518,2022-03-20,24.21,USD,ACTIVE
GC-501711,CUST-02305,2022-04-30,136.79,USD,ACTIVE
GC-501712,CUST-00145,2022-06-01,196.48,USD,ACTIVE
GC-501713,CUST-01963,2022-11-10,148.19,USD,ACTIVE
GC-501714,CUST-00715,2024-03-06,46.84,USD,ACTIVE
GC-501715,CUST-01229,2022-10-22,94.1,USD,ACTIVE
GC-501716,CUST-01648,2022-09-14,69.06,GBP,ACTIVE
GC-501717,CUST-01634,2022-09-30,138.09,GBP,ACTIVE
GC-501718,CUST-02329,2023-02-03,195.68,GBP,ACTIVE
GC-501719,CUST-01927,2022-08-11,189.05,EUR,VOIDED
GC-501720,CUST-01689,2022-04-15,46.69,USD,VOIDED
GC-501721,CUST-01575,2024-11-25,49.72,USD,ACTIVE
GC-501722,CUST-01581,2022-12-19,193.61,USD,ACTIVE
GC-501723,CUST-02356,2023-02-10,93.16,USD,ACTIVE
GC-501724,CUST-00535,2024-09-23,149.0,USD,ACTIVE
GC-501725,CUST-00145,2022-07-18,22.55,USD,ACTIVE
GC-501726,CUST-00369,2023-10-04,48.72,USD,ACTIVE
GC-501727,CUST-01293,2024-07-03,72.78,USD,ACTIVE
GC-501728,CUST-00669,2024-04-30,148.65,USD,ACTIVE
GC-501729,CUST-00465,2022-10-28,24.39,USD,ACTIVE
GC-501730,CUST-01937,2024-02-16,48.84,USD,ACTIVE
GC-501731,CUST-01485,2024-06-22,137.73,EUR,VOIDED
GC-501732,CUST-02015,2023-12-06,24.72,USD,ACTIVE
GC-501733,CUST-01230,2024-03-17,24.98,USD,ACTIVE
GC-501734,CUST-01314,2023-08-22,23.39,GBP,ACTIVE
GC-501735,CUST-01712,2022-12-13,68.94,USD,ACTIVE
GC-501736,CUST-01383,2022-03-24,199.9,USD,ACTIVE
GC-501737,CUST-00329,2023-11-13,22.83,EUR,ACTIVE
GC-501738,CUST-01560,2023-02-13,93.88,USD,ACTIVE
GC-501739,CUST-01108,2024-02-08,73.52,USD,ACTIVE
GC-501740,CUST-01668,2023-12-02,72.89,USD,ACTIVE
GC-501741,CUST-02003,2023-07-31,24.78,USD,VOIDED
GC-501742,CUST-00348,2023-10-15,22.56,EUR,ACTIVE
GC-501743,CUST-00439,2023-05-13,46.87,USD,ACTIVE
GC-501744,CUST-00971,2022-06-28,24.31,USD,ACTIVE
GC-501745,CUST-00289,2022-11-16,199.31,EUR,ACTIVE
GC-501746,CUST-00231,2022-10-12,198.53,USD,ACTIVE
GC-501747,CUST-00376,2022-01-08,184.66,USD,ACTIVE
GC-501748,CUST-01585,2023-10-19,137.89,GBP,ACTIVE
GC-501749,CUST-00763,2024-08-18,193.52,USD,ACTIVE
GC-501750,CUST-01813,2023-01-14,22.7,EUR,ACTIVE
GC-501751,CUST-00776,2022-09-11,22.97,GBP,ACTIVE
GC-501752,CUST-00666,2024-03-19,139.45,GBP,ACTIVE
GC-501753,CUST-01153,2022-11-27,22.66,USD,ACTIVE
GC-501754,CUST-00270,2023-06-22,70.88,GBP,ACTIVE
GC-501755,CUST-01518,2024-10-20,93.13,USD,ACTIVE
GC-501756,CUST-00699,2022-03-29,70.57,GBP,ACTIVE
GC-501757,CUST-01652,2024-08-07,91.53,USD,ACTIVE
GC-501758,CUST-01719,2022-02-20,70.36,USD,ACTIVE
GC-501759,CUST-01637,2024-01-19,97.91,USD,ACTIVE
GC-501760,CUST-00708,2022-11-06,46.08,EUR,ACTIVE
GC-501761,CUST-00614,2023-07-09,45.11,USD,ACTIVE
GC-501762,CUST-01997,2022-05-03,22.67,USD,ACTIVE
GC-501763,CUST-02010,2022-01-27,183.17,USD,ACTIVE
GC-501764,CUST-01758,2022-09-07,47.65,EUR,ACTIVE
GC-501765,CUST-00858,2023-10-31,49.55,GBP,VOIDED
GC-501766,CUST-01951,2023-07-29,71.83,EUR,ACTIVE
GC-501767,CUST-00971,2023-05-26,142.05,USD,ACTIVE
GC-501768,CUST-00392,2024-02-26,139.82,USD,ACTIVE
GC-501769,CUST-00792,2023-07-20,46.82,GBP,ACTIVE
GC-501770,CUST-01011,2023-04-03,23.32,GBP,ACTIVE
GC-501771,CUST-02302,2022-10-27,71.14,USD,ACTIVE
GC-501772,CUST-02145,2024-10-29,48.95,USD,ACTIVE
GC-501773,CUST-01070,2023-02-23,67.69,USD,ACTIVE
GC-501774,CUST-01727,2022-06-11,97.76,USD,ACTIVE
GC-501775,CUST-02275,2022-11-18,97.58,EUR,ACTIVE
GC-501776,CUST-01868,2023-07-20,192.13,USD,ACTIVE
GC-501777,CUST-02254,2022-02-22,96.46,GBP,ACTIVE
GC-501778,CUST-00162,2024-11-13,194.35,USD,ACTIVE
GC-501779,CUST-00279,2022-10-14,23.81,USD,ACTIVE
GC-501780,CUST-01476,2024-01-02,23.53,USD,ACTIVE
GC-501781,CUST-01641,2022-05-08,96.42,EUR,ACTIVE
GC-501782,CUST-01069,2023-04-11,24.11,USD,ACTIVE
GC-501783,CUST-00215,2023-04-07,22.61,USD,ACTIVE
GC-501784,CUST-00564,2024-10-22,70.41,USD,ACTIVE
GC-501785,CUST-01622,2022-02-09,71.19,EUR,ACTIVE
GC-501786,CUST-01700,2022-05-20,47.95,USD,ACTIVE
GC-501787,CUST-02014,2022-01-15,181.61,USD,VOIDED
GC-501788,CUST-02086,2022-12-03,45.76,USD,ACTIVE
GC-501789,CUST-01153,2023-06-29,71.33,EUR,ACTIVE
GC-501790,CUST-01050,2023-11-17,74.23,USD,ACTIVE
GC-501791,CUST-00758,2022-08-19,98.05,USD,ACTIVE
GC-501792,CUST-00820,2023-09-04,184.29,GBP,ACTIVE
GC-501793,CUST-01243,2024-01-10,24.12,USD,ACTIVE
GC-501794,CUST-01034,2023-03-21,23.27,EUR,ACTIVE
GC-501795,CUST-01368,2023-02-27,187.77,USD,ACTIVE
GC-501796,CUST-00319,2022-08-08,24.05,USD,ACTIVE
GC-501797,CUST-00001,2023-09-14,97.29,USD,ACTIVE
GC-501798,CUST-01734,2024-02-03,70.63,USD,ACTIVE
GC-501799,CUST-00144,2022-09-03,46.31,USD,ACTIVE
GC-501800,CUST-00125,2024-09-02,22.78,USD,ACTIVE
GC-501801,CUST-02375,2023-07-14,24.26,USD,ACTIVE
GC-501802,CUST-00717,2022-01-28,24.14,EUR,ACTIVE
GC-501803,CUST-01095,2022-02-19,74.72,GBP,ACTIVE
GC-501804,CUST-01835,2022-01-04,24.68,GBP,ACTIVE
GC-501805,CUST-02290,2024-09-27,196.97,USD,ACTIVE
GC-501806,CUST-00363,2024-01-23,95.45,USD,ACTIVE
GC-501807,CUST-01646,2024-02-02,73.25,USD,ACTIVE
GC-501808,CUST-02026,2024-04-15,90.86,USD,ACTIVE
GC-501809,CUST-00673,2022-03-29,148.77,USD,ACTIVE
GC-501810,CUST-02213,2022-11-23,49.89,EUR,ACTIVE
GC-501811,CUST-00335,2024-05-08,143.16,USD,ACTIVE
GC-501812,CUST-00929,2023-11-17,23.31,USD,ACTIVE
GC-501813,CUST-02247,2024-03-19,196.39,EUR,ACTIVE
GC-501814,CUST-01672,2022-08-06,192.88,USD,ACTIVE
GC-501815,CUST-00772,2022-01-02,23.74,EUR,VOIDED
GC-501816,CUST-01256,2023-05-11,73.69,USD,ACTIVE
GC-501817,CUST-00761,2022-05-27,70.89,USD,ACTIVE
GC-501818,CUST-01651,2022-01-22,139.5,GBP,ACTIVE
GC-501819,CUST-00172,2024-10-03,93.2,USD,ACTIVE
GC-501820,CUST-01940,2024-02-25,23.56,EUR,ACTIVE
GC-501821,CUST-01438,2024-10-01,90.39,USD,ACTIVE
GC-501822,CUST-01033,2022-07-08,48.62,USD,ACTIVE
GC-501823,CUST-00386,2024-07-20,186.75,USD,ACTIVE
GC-501824,CUST-01923,2022-03-12,71.64,USD,ACTIVE
GC-501825,CUST-01849,2023-03-20,90.95,EUR,ACTIVE
GC-501826,CUST-00116,2024-11-02,23.76,USD,ACTIVE
GC-501827,CUST-01590,2022-04-10,136.77,USD,ACTIVE
GC-501828,CUST-01358,2024-05-23,183.1,USD,ACTIVE
GC-501829,CUST-01975,2024-09-22,23.47,USD,ACTIVE
GC-501830,CUST-01544,2022-03-31,46.12,USD,ACTIVE
GC-501831,CUST-00937,2024-06-29,22.75,GBP,ACTIVE
GC-501832,CUST-02306,2022-02-18,93.67,USD,ACTIVE
GC-501833,CUST-00085,2024-12-11,72.26,GBP,ACTIVE
GC-501834,CUST-00138,2023-07-26,145.53,USD,ACTIVE
GC-501835,CUST-01077,2024-01-03,95.07,USD,ACTIVE
GC-501836,CUST-00496,2022-02-19,23.93,USD,ACTIVE
GC-501837,CUST-01828,2024-02-04,71.08,EUR,ACTIVE
GC-501838,CUST-00952,2023-02-19,68.5,USD,ACTIVE
GC-501839,CUST-00046,2024-02-01,146.82,USD,ACTIVE
GC-501840,CUST-01090,2024-12-22,74.1,USD,ACTIVE
GC-501841,CUST-01968,2023-03-14,189.5,USD,ACTIVE
GC-501842,CUST-00599,2022-09-18,49.31,EUR,ACTIVE
GC-501843,CUST-00298,2022-12-04,195.07,USD,ACTIVE
GC-501844,CUST-00924,2023-06-22,24.38,USD,ACTIVE
GC-501845,CUST-01617,2022-02-26,194.53,USD,ACTIVE
GC-501846,CUST-01666,2022-11-19,142.82,USD,ACTIVE
GC-501847,CUST-00597,2022-03-23,70.45,USD,ACTIVE
GC-501848,CUST-02095,2024-09-25,191.79,USD,ACTIVE
GC-501849,CUST-02352,2022-10-09,68.18,USD,ACTIVE
GC-501850,CUST-02104,2023-04-12,74.3,USD,ACTIVE
GC-501851,CUST-01428,2023-09-20,71.38,USD,ACTIVE
GC-501852,CUST-00779,2024-01-11,143.29,GBP,ACTIVE
GC-501853,CUST-02383,2024-12-01,24.31,USD,ACTIVE
GC-501854,CUST-00843,2023-11-22,196.19,USD,ACTIVE
GC-501855,CUST-00296,2023-06-02,98.13,USD,ACTIVE
GC-501856,CUST-01044,2024-10-10,143.75,USD,ACTIVE
GC-501857,CUST-00816,2023-06-29,96.28,USD,ACTIVE
GC-501858,CUST-00504,2024-01-11,24.62,USD,ACTIVE
GC-501859,CUST-00246,2022-01-21,74.83,USD,ACTIVE
GC-501860,CUST-01165,2024-05-30,46.1,USD,ACTIVE
GC-501861,CUST-01093,2023-12-26,45.11,USD,ACTIVE
GC-501862,CUST-00901,2022-12-18,47.71,USD,ACTIVE
GC-501863,CUST-00374,2023-07-07,22.74,USD,ACTIVE
GC-501864,CUST-00992,2024-07-30,49.46,EUR,VOIDED
GC-501865,CUST-01145,2022-08-08,48.36,USD,ACTIVE
GC-501866,CUST-01558,2022-02-17,69.04,EUR,ACTIVE
GC-501867,CUST-01789,2024-12-09,67.66,USD,ACTIVE
GC-501868,CUST-00842,2024-02-03,181.55,USD,ACTIVE
GC-501869,CUST-00690,2024-04-07,46.57,USD,ACTIVE
GC-501870,CUST-00100,2023-05-15,181.29,GBP,ACTIVE
GC-501871,CUST-00090,2024-03-07,70.2,EUR,ACTIVE
GC-501872,CUST-01825,2024-05-18,92.55,USD,ACTIVE
GC-501873,CUST-01065,2024-09-07,46.1,USD,ACTIVE
GC-501874,CUST-02119,2024-12-23,24.95,USD,ACTIVE
GC-501875,CUST-00651,2022-07-09,191.06,EUR,ACTIVE
GC-501876,CUST-00683,2024-12-02,49.36,USD,ACTIVE
GC-501877,CUST-02346,2022-12-27,142.05,USD,ACTIVE
GC-501878,CUST-00276,2022-07-27,47.67,USD,ACTIVE
GC-501879,CUST-01512,2023-01-02,148.98,USD,ACTIVE
GC-501880,CUST-01334,2022-12-18,147.2,USD,ACTIVE
GC-501881,CUST-00991,2024-01-23,70.97,EUR,ACTIVE
GC-501882,CUST-01888,2024-12-19,195.09,USD,ACTIVE
GC-501883,CUST-01655,2024-12-11,198.87,USD,ACTIVE
GC-501884,CUST-01660,2023-05-30,91.67,EUR,ACTIVE
GC-501885,CUST-00150,2023-02-28,149.92,USD,ACTIVE
GC-501886,CUST-01690,2024-02-23,70.3,USD,ACTIVE
GC-501887,CUST-00573,2023-09-11,45.71,USD,VOIDED
GC-501888,CUST-01799,2023-06-02,94.66,USD,ACTIVE
GC-501889,CUST-00415,2023-08-29,23.38,USD,VOIDED
GC-501890,CUST-01776,2022-06-09,70.16,EUR,ACTIVE
GC-501891,CUST-00680,2022-01-23,48.72,USD,ACTIVE
GC-501892,CUST-00246,2022-02-20,48.15,EUR,ACTIVE
GC-501893,CUST-00209,2024-11-24,24.71,EUR,ACTIVE
GC-501894,CUST-02106,2022-03-16,145.93,GBP,ACTIVE
GC-501895,CUST-00276,2022-11-11,72.45,USD,ACTIVE
GC-501896,CUST-00050,2022-09-30,95.69,USD,ACTIVE
GC-501897,CUST-00003,2022-05-16,23.16,USD,ACTIVE
GC-501898,CUST-00468,2022-06-13,98.12,GBP,ACTIVE
GC-501899,CUST-02158,2022-11-15,196.71,GBP,ACTIVE
GC-501900,CUST-01143,2023-05-18,23.58,USD,ACTIVE
GC-501901,CUST-02274,2023-04-03,47.32,USD,ACTIVE
GC-501902,CUST-02221,2024-11-01,97.43,USD,ACTIVE
GC-501903,CUST-00333,2023-05-12,142.22,USD,ACTIVE
GC-501904,CUST-00234,2024-06-11,91.54,USD,ACTIVE
GC-501905,CUST-02015,2024-03-22,47.03,EUR,ACTIVE
GC-501906,CUST-00997,2022-12-04,47.99,USD,ACTIVE
GC-501907,CUST-00340,2022-07-26,24.49,USD,ACTIVE
GC-501908,CUST-01756,2024-10-05,192.96,USD,ACTIVE
GC-501909,CUST-00134,2022-10-01,72.59,USD,VOIDED
GC-501910,CUST-01464,2022-06-29,49.46,USD,ACTIVE
GC-501911,CUST-00697,2024-03-11,23.17,USD,ACTIVE
GC-501912,CUST-00645,2024-11-20,96.06,USD,ACTIVE
GC-501913,CUST-00132,2024-03-16,183.26,USD,ACTIVE
GC-501914,CUST-01713,2023-04-27,186.53,USD,ACTIVE
GC-501915,CUST-00636,2022-03-17,23.97,USD,ACTIVE
GC-501916,CUST-01839,2022-09-16,181.47,USD,ACTIVE
GC-501917,CUST-02373,2023-05-05,94.35,GBP,ACTIVE
GC-501918,CUST-02262,2023-09-12,49.48,GBP,ACTIVE
GC-501919,CUST-01492,2022-11-17,46.73,USD,ACTIVE
GC-501920,CUST-01033,2024-03-08,94.64,USD,ACTIVE
GC-501921,CUST-01730,2023-10-07,183.68,EUR,ACTIVE
GC-501922,CUST-01027,2024-05-01,98.76,USD,ACTIVE
GC-501923,CUST-00829,2023-01-05,24.43,USD,ACTIVE
GC-501924,CUST-01405,2024-02-03,22.76,USD,ACTIVE
GC-501925,CUST-00827,2023-03-09,72.6,USD,ACTIVE
GC-501926,CUST-01121,2024-12-23,149.9,USD,ACTIVE
GC-501927,CUST-00806,2024-06-09,23.64,GBP,ACTIVE
GC-501928,CUST-02242,2023-08-18,90.45,EUR,ACTIVE
GC-501929,CUST-02343,2023-04-18,138.34,USD,ACTIVE
GC-501930,CUST-00979,2024-03-24,90.48,USD,ACTIVE
GC-501931,CUST-01121,2024-05-03,148.03,USD,ACTIVE
GC-501932,CUST-00210,2024-10-14,47.67,EUR,ACTIVE
GC-501933,CUST-00475,2023-04-26,145.89,USD,ACTIVE
GC-501934,CUST-00821,2022-01-30,90.8,GBP,ACTIVE
GC-501935,CUST-01966,2022-02-12,49.66,USD,ACTIVE
GC-501936,CUST-01198,2023-06-11,49.53,USD,ACTIVE
GC-501937,CUST-01481,2022-07-19,74.98,USD,ACTIVE
GC-501938,CUST-00281,2022-06-06,24.63,USD,ACTIVE
GC-501939,CUST-00271,2023-07-08,24.41,USD,ACTIVE
GC-501940,CUST-01447,2022-12-28,47.73,USD,ACTIVE
GC-501941,CUST-00598,2023-12-02,147.23,USD,ACTIVE
GC-501942,CUST-01649,2023-03-11,48.11,USD,ACTIVE
GC-501943,CUST-00816,2022-03-27,91.88,USD,ACTIVE
GC-501944,CUST-00071,2024-02-02,70.62,GBP,ACTIVE
GC-501945,CUST-01899,2022-06-24,23.99,USD,ACTIVE
GC-501946,CUST-00478,2022-10-06,95.54,USD,ACTIVE
GC-501947,CUST-01396,2022-09-03,24.47,EUR,ACTIVE
GC-501948,CUST-01008,2023-10-02,92.93,EUR,ACTIVE
GC-501949,CUST-01230,2022-10-08,73.62,GBP,ACTIVE
GC-501950,CUST-01688,2022-06-02,68.06,EUR,ACTIVE
GC-501951,CUST-00411,2024-01-13,24.94,USD,ACTIVE
GC-501952,CUST-00507,2023-01-10,47.91,EUR,ACTIVE
GC-501953,CUST-01133,2023-09-30,148.69,EUR,ACTIVE
GC-501954,CUST-02249,2023-09-01,185.95,EUR,VOIDED
GC-501955,CUST-00167,2023-10-01,24.14,USD,ACTIVE
GC-501956,CUST-00175,2024-08-18,95.42,USD,ACTIVE
GC-501957,CUST-01015,2022-06-17,45.93,USD,VOIDED
GC-501958,CUST-00426,2022-02-04,48.64,USD,ACTIVE
GC-501959,CUST-02088,2023-05-04,24.2,USD,ACTIVE
GC-501960,CUST-02018,2023-05-03,92.11,USD,ACTIVE
GC-501961,CUST-00789,2024-12-16,68.52,USD,ACTIVE
GC-501962,CUST-00511,2024-05-10,192.11,USD,ACTIVE
GC-501963,CUST-01662,2023-01-27,72.68,GBP,ACTIVE
GC-501964,CUST-02377,2022-09-03,45.66,GBP,ACTIVE
GC-501965,CUST-00191,2022-05-28,91.33,GBP,ACTIVE
GC-501966,CUST-02354,2022-01-06,48.59,GBP,ACTIVE
GC-501967,CUST-01694,2022-08-08,47.24,USD,ACTIVE
GC-501968,CUST-00505,2024-01-26,93.79,USD,ACTIVE
GC-501969,CUST-02007,2024-09-28,90.49,USD,ACTIVE
GC-501970,CUST-00650,2022-05-06,189.17,USD,ACTIVE
GC-501971,CUST-01939,2024-12-20,141.82,USD,ACTIVE
GC-501972,CUST-00823,2023-07-19,92.7,USD,ACTIVE
GC-501973,CUST-02088,2022-10-24,72.91,USD,ACTIVE
GC-501974,CUST-00989,2023-08-03,48.79,USD,ACTIVE
GC-501975,CUST-02278,2024-12-21,189.94,USD,ACTIVE
GC-501976,CUST-01341,2024-05-09,67.51,EUR,ACTIVE
GC-501977,CUST-01255,2024-05-20,196.09,USD,ACTIVE
GC-501978,CUST-01647,2024-01-01,94.72,USD,ACTIVE
GC-501979,CUST-01331,2022-04-04,71.04,USD,ACTIVE
GC-501980,CUST-02020,2023-04-12,135.25,USD,ACTIVE
GC-501981,CUST-00562,2023-04-19,23.01,USD,ACTIVE
GC-501982,CUST-00150,2023-06-10,141.14,USD,ACTIVE
GC-501983,CUST-01843,2023-03-05,74.43,USD,ACTIVE
GC-501984,CUST-00384,2023-05-28,146.2,EUR,ACTIVE
GC-501985,CUST-01135,2022-12-09,194.57,GBP,ACTIVE
GC-501986,CUST-00887,2024-04-23,22.72,USD,ACTIVE
GC-501987,CUST-02358,2023-07-23,96.96,USD,ACTIVE
GC-501988,CUST-00673,2022-02-25,24.95,GBP,ACTIVE
GC-501989,CUST-01128,2023-01-30,46.17,USD,ACTIVE
GC-501990,CUST-00803,2023-03-05,46.47,USD,ACTIVE
GC-501991,CUST-00925,2022-10-03,24.31,USD,ACTIVE
GC-501992,CUST-01228,2024-06-03,181.27,USD,VOIDED
GC-501993,CUST-01941,2024-02-14,46.87,USD,ACTIVE
GC-501994,CUST-00940,2022-12-07,190.41,USD,ACTIVE
GC-501995,CUST-02175,2023-11-07,49.14,USD,ACTIVE
GC-501996,CUST-02324,2023-03-18,91.72,USD,ACTIVE
GC-501997,CUST-01144,2023-10-09,138.21,USD,ACTIVE
GC-501998,CUST-00804,2024-04-11,97.73,USD,ACTIVE
GC-501999,CUST-02186,2022-08-20,93.95,EUR,ACTIVE
GC-502000,CUST-00554,2022-04-19,47.7,EUR,ACTIVE
GC-502001,CUST-00986,2022-04-14,143.16,EUR,ACTIVE
GC-502002,CUST-02263,2022-06-21,143.06,USD,ACTIVE
GC-502003,CUST-00573,2023-03-28,181.79,GBP,ACTIVE
GC-502004,CUST-00293,2024-05-14,190.93,GBP,ACTIVE
GC-502005,CUST-01888,2022-12-04,74.95,GBP,ACTIVE
GC-502006,CUST-00343,2023-10-23,196.16,USD,ACTIVE
GC-502007,CUST-00339,2023-01-25,23.6,USD,VOIDED
GC-502008,CUST-01522,2022-04-28,199.37,GBP,ACTIVE
GC-502009,CUST-01448,2023-10-03,182.3,USD,VOIDED
GC-502010,CUST-01188,2023-08-22,45.43,USD,ACTIVE
GC-502011,CUST-01953,2023-08-12,148.65,USD,ACTIVE
GC-502012,CUST-01184,2024-10-23,23.29,EUR,ACTIVE
GC-502013,CUST-01915,2022-02-23,135.73,USD,ACTIVE
GC-502014,CUST-01007,2024-02-13,186.83,USD,ACTIVE
GC-502015,CUST-00934,2023-10-21,180.98,USD,ACTIVE
GC-502016,CUST-01925,2022-04-19,46.2,USD,ACTIVE
GC-502017,CUST-02287,2024-07-31,73.4,EUR,ACTIVE
GC-502018,CUST-02154,2023-01-14,22.65,USD,ACTIVE
GC-502019,CUST-01605,2023-06-02,24.73,EUR,VOIDED
GC-502020,CUST-00021,2023-06-20,185.17,GBP,ACTIVE
GC-502021,CUST-02243,2024-08-28,47.58,USD,ACTIVE
GC-502022,CUST-00263,2024-03-29,45.77,USD,ACTIVE
GC-502023,CUST-01639,2023-08-28,47.61,GBP,ACTIVE
GC-502024,CUST-01260,2024-04-14,45.1,USD,ACTIVE
GC-502025,CUST-01509,2024-12-18,45.52,USD,ACTIVE
GC-502026,CUST-01599,2023-08-21,91.57,GBP,ACTIVE
GC-502027,CUST-00174,2023-01-18,48.61,USD,ACTIVE
GC-502028,CUST-02102,2024-12-22,24.43,EUR,ACTIVE
GC-502029,CUST-00989,2024-10-22,49.15,EUR,ACTIVE
GC-502030,CUST-01393,2022-03-18,192.78,USD,ACTIVE
GC-502031,CUST-00886,2023-03-04,49.14,USD,ACTIVE
GC-502032,CUST-01863,2024-12-13,197.57,USD,ACTIVE
GC-502033,CUST-00814,2023-05-09,24.08,EUR,ACTIVE
GC-502034,CUST-00552,2024-04-09,75.0,GBP,ACTIVE
GC-502035,CUST-00143,2022-06-07,146.42,USD,ACTIVE
GC-502036,CUST-00035,2022-01-22,49.1,USD,ACTIVE
GC-502037,CUST-01371,2024-04-29,136.92,USD,ACTIVE
GC-502038,CUST-00054,2023-05-16,93.34,GBP,ACTIVE
GC-502039,CUST-02038,2023-06-25,73.67,GBP,ACTIVE
GC-502040,CUST-01702,2022-01-07,184.27,EUR,ACTIVE
GC-502041,CUST-02356,2023-08-11,139.38,USD,ACTIVE
GC-502042,CUST-01956,2023-12-04,137.09,USD,ACTIVE
GC-502043,CUST-00646,2023-03-18,142.59,EUR,ACTIVE
GC-502044,CUST-01127,2023-11-18,90.77,USD,ACTIVE
GC-502045,CUST-01503,2022-02-13,47.46,USD,ACTIVE
GC-502046,CUST-00173,2023-01-31,148.27,USD,ACTIVE
GC-502047,CUST-00410,2022-12-26,74.23,USD,ACTIVE
GC-502048,CUST-01739,2022-10-20,49.92,EUR,ACTIVE
GC-502049,CUST-00166,2022-08-26,74.22,USD,ACTIVE
GC-502050,CUST-01833,2023-02-02,69.28,USD,ACTIVE
GC-502051,CUST-02166,2022-10-07,23.03,USD,ACTIVE
GC-502052,CUST-00509,2022-04-20,187.41,USD,ACTIVE
GC-502053,CUST-00074,2022-04-08,74.95,EUR,ACTIVE
GC-502054,CUST-00266,2023-08-16,137.73,USD,ACTIVE
GC-502055,CUST-01046,2022-12-06,145.59,USD,ACTIVE
GC-502056,CUST-01724,2024-02-09,73.73,GBP,ACTIVE
GC-502057,CUST-01869,2022-07-03,68.59,EUR,ACTIVE
GC-502058,CUST-01574,2023-05-24,71.74,USD,ACTIVE
GC-502059,CUST-01761,2024-04-07,149.41,EUR,ACTIVE
GC-502060,CUST-00095,2024-08-26,96.4,USD,ACTIVE
GC-502061,CUST-02301,2023-04-13,138.31,EUR,ACTIVE
GC-502062,CUST-01482,2023-05-15,48.29,EUR,ACTIVE
GC-502063,CUST-00072,2023-08-07,74.7,USD,VOIDED
GC-502064,CUST-00483,2022-10-19,144.15,GBP,ACTIVE
GC-502065,CUST-01567,2024-02-14,96.3,USD,ACTIVE
GC-502066,CUST-01974,2024-05-22,196.61,USD,VOIDED
GC-502067,CUST-00780,2024-12-18,140.05,USD,ACTIVE
GC-502068,CUST-00787,2023-07-01,137.23,USD,ACTIVE
GC-502069,CUST-01273,2024-11-08,197.98,USD,ACTIVE
GC-502070,CUST-01960,2023-04-04,24.17,USD,ACTIVE
GC-502071,CUST-00333,2023-01-31,73.68,EUR,ACTIVE
GC-502072,CUST-00197,2022-05-16,135.84,USD,ACTIVE
GC-502073,CUST-00329,2023-08-24,136.1,GBP,ACTIVE
GC-502074,CUST-01857,2024-04-15,190.44,USD,ACTIVE
GC-502075,CUST-01685,2022-10-22,187.37,USD,ACTIVE
GC-502076,CUST-01107,2022-02-04,94.43,USD,ACTIVE
GC-502077,CUST-01687,2022-09-24,46.72,EUR,ACTIVE
GC-502078,CUST-00378,2024-10-04,196.52,GBP,ACTIVE
GC-502079,CUST-02316,2022-05-17,23.49,USD,ACTIVE
GC-502080,CUST-01466,2022-12-17,74.37,USD,ACTIVE
GC-502081,CUST-00670,2022-01-01,23.05,USD,ACTIVE
GC-502082,CUST-02234,2023-08-31,71.94,USD,ACTIVE
GC-502083,CUST-02371,2023-10-24,49.32,USD,ACTIVE
GC-502084,CUST-01851,2023-02-24,73.74,GBP,ACTIVE
GC-502085,CUST-00058,2022-11-27,24.7,GBP,VOIDED
GC-502086,CUST-02197,2023-01-09,183.87,USD,ACTIVE
GC-502087,CUST-01794,2023-04-24,49.37,USD,ACTIVE
GC-502088,CUST-00938,2024-07-09,23.73,GBP,ACTIVE
GC-502089,CUST-02231,2024-05-27,198.54,USD,ACTIVE
GC-502090,CUST-00251,2024-04-04,49.5,USD,ACTIVE
GC-502091,CUST-00346,2022-12-17,48.15,USD,ACTIVE
GC-502092,CUST-02209,2024-07-05,185.3,USD,ACTIVE
GC-502093,CUST-00299,2024-12-06,45.36,GBP,ACTIVE
GC-502094,CUST-01341,2024-03-25,149.32,USD,ACTIVE
GC-502095,CUST-02189,2023-07-04,96.23,USD,ACTIVE
GC-502096,CUST-02222,2024-06-06,145.75,GBP,ACTIVE
GC-502097,CUST-01384,2024-11-14,181.32,EUR,ACTIVE
GC-502098,CUST-01851,2024-11-05,24.24,USD,ACTIVE
GC-502099,CUST-00964,2024-04-02,94.78,USD,ACTIVE
GC-502100,CUST-00320,2022-05-11,193.27,GBP,ACTIVE
GC-502101,CUST-00531,2023-10-18,137.94,EUR,ACTIVE
GC-502102,CUST-02180,2023-10-14,135.01,GBP,ACTIVE
GC-502103,CUST-00973,2024-01-26,185.39,USD,ACTIVE
GC-502104,CUST-01477,2024-03-10,192.39,USD,ACTIVE
GC-502105,CUST-02332,2022-03-20,182.5,USD,ACTIVE
GC-502106,CUST-01615,2023-02-06,73.7,USD,ACTIVE
GC-502107,CUST-00761,2023-05-21,48.42,GBP,ACTIVE
GC-502108,CUST-01604,2023-04-01,149.41,USD,ACTIVE
GC-502109,CUST-00674,2023-06-18,193.61,USD,ACTIVE
GC-502110,CUST-00908,2023-04-01,144.12,USD,ACTIVE
GC-502111,CUST-00419,2023-04-03,23.9,EUR,ACTIVE
GC-502112,CUST-01329,2022-02-02,73.17,EUR,ACTIVE
GC-502113,CUST-01072,2023-04-05,46.53,USD,ACTIVE
GC-502114,CUST-02099,2022-06-02,95.99,USD,ACTIVE
GC-502115,CUST-02137,2023-11-15,46.35,EUR,ACTIVE
GC-502116,CUST-01492,2023-03-07,68.16,USD,ACTIVE
GC-502117,CUST-01500,2023-03-16,97.28,USD,ACTIVE
GC-502118,CUST-01300,2022-04-04,138.99,USD,ACTIVE
GC-502119,CUST-01162,2022-06-28,68.83,USD,ACTIVE
GC-502120,CUST-01113,2024-01-10,49.22,USD,ACTIVE
GC-502121,CUST-01705,2022-04-30,142.6,USD,ACTIVE
GC-502122,CUST-02208,2024-06-24,73.97,USD,ACTIVE
GC-502123,CUST-01384,2024-11-10,197.86,USD,ACTIVE
GC-502124,CUST-01729,2024-01-15,196.83,USD,ACTIVE
GC-502125,CUST-01362,2022-02-22,24.71,USD,ACTIVE
GC-502126,CUST-01257,2024-02-02,47.93,GBP,ACTIVE
GC-502127,CUST-00969,2022-09-26,24.5,GBP,ACTIVE
GC-502128,CUST-00854,2022-01-12,71.1,USD,ACTIVE
GC-502129,CUST-01581,2024-10-01,99.63,USD,ACTIVE
GC-502130,CUST-00910,2024-05-16,195.78,USD,ACTIVE
GC-502131,CUST-01199,2024-04-26,180.13,USD,ACTIVE
GC-502132,CUST-00548,2023-01-25,46.0,USD,ACTIVE
GC-502133,CUST-00030,2023-09-17,22.65,EUR,ACTIVE
GC-502134,CUST-02129,2023-05-17,71.17,USD,ACTIVE
GC-502135,CUST-01898,2023-12-08,137.48,USD,ACTIVE
GC-502136,CUST-02303,2023-06-29,46.89,USD,ACTIVE
GC-502137,CUST-01333,2022-10-19,23.78,EUR,ACTIVE
GC-502138,CUST-01567,2023-05-09,23.48,GBP,ACTIVE
GC-502139,CUST-00881,2023-02-11,194.57,USD,ACTIVE
GC-502140,CUST-00120,2023-10-30,45.78,USD,ACTIVE
GC-502141,CUST-00413,2024-05-24,197.08,USD,ACTIVE
GC-502142,CUST-00968,2022-10-22,46.63,USD,ACTIVE
GC-502143,CUST-01262,2023-07-01,23.72,USD,ACTIVE
GC-502144,CUST-02020,2023-03-25,92.9,USD,ACTIVE
GC-502145,CUST-01040,2024-10-17,194.5,EUR,ACTIVE
GC-502146,CUST-02385,2024-06-17,47.86,USD,ACTIVE
GC-502147,CUST-02039,2022-08-19,97.08,USD,ACTIVE
GC-502148,CUST-02374,2024-11-28,45.75,USD,ACTIVE
GC-502149,CUST-00552,2024-01-17,195.81,USD,ACTIVE
GC-502150,CUST-00772,2022-12-21,23.16,USD,ACTIVE
GC-502151,CUST-01908,2024-11-28,147.95,EUR,ACTIVE
GC-502152,CUST-01525,2024-11-19,46.18,USD,ACTIVE
GC-502153,CUST-01238,2023-04-29,181.64,USD,ACTIVE
GC-502154,CUST-02351,2023-10-19,90.66,USD,ACTIVE
GC-502155,CUST-00861,2022-07-11,48.21,USD,ACTIVE
GC-502156,CUST-01427,2022-02-19,68.99,USD,ACTIVE
GC-502157,CUST-02048,2022-07-10,22.86,EUR,ACTIVE
GC-502158,CUST-00622,2022-08-25,45.59,USD,ACTIVE
GC-502159,CUST-01886,2024-04-19,182.79,USD,ACTIVE
GC-502160,CUST-00366,2022-08-26,94.03,USD,ACTIVE
GC-502161,CUST-00172,2022-09-05,180.64,EUR,ACTIVE
GC-502162,CUST-02168,2024-06-15,49.63,USD,ACTIVE
GC-502163,CUST-00152,2023-08-25,47.16,EUR,ACTIVE
GC-502164,CUST-00722,2022-07-25,67.67,USD,ACTIVE
GC-502165,CUST-01618,2024-12-10,73.95,USD,ACTIVE
GC-502166,CUST-01338,2022-10-03,139.3,USD,ACTIVE
GC-502167,CUST-00794,2024-01-22,187.61,USD,ACTIVE
GC-502168,CUST-00880,2023-12-09,191.67,USD,ACTIVE
GC-502169,CUST-00938,2024-07-18,46.38,USD,ACTIVE
GC-502170,CUST-01587,2023-09-21,49.23,USD,ACTIVE
GC-502171,CUST-00505,2024-01-12,47.4,EUR,ACTIVE
GC-502172,CUST-01139,2022-05-04,144.29,USD,ACTIVE
GC-502173,CUST-01403,2023-10-17,49.14,USD,ACTIVE
GC-502174,CUST-00032,2023-03-31,197.33,GBP,ACTIVE
GC-502175,CUST-00511,2022-02-04,74.31,EUR,ACTIVE
GC-502176,CUST-01814,2023-12-14,70.69,USD,ACTIVE
GC-502177,CUST-01030,2024-09-09,49.18,USD,ACTIVE
GC-502178,CUST-00244,2022-08-31,22.6,EUR,ACTIVE
GC-502179,CUST-01690,2023-04-16,93.99,USD,ACTIVE
GC-502180,CUST-02003,2022-11-28,135.64,USD,ACTIVE
GC-502181,CUST-01501,2024-07-06,47.96,USD,ACTIVE
GC-502182,CUST-01404,2022-05-05,22.99,USD,ACTIVE
GC-502183,CUST-00417,2023-05-20,97.13,USD,ACTIVE
GC-502184,CUST-01230,2023-02-13,45.57,USD,ACTIVE
GC-502185,CUST-02315,2024-06-10,71.49,USD,ACTIVE
GC-502186,CUST-01040,2024-10-13,45.6,USD,ACTIVE
GC-502187,CUST-00821,2024-04-04,99.22,USD,ACTIVE
GC-502188,CUST-01790,2022-11-01,71.89,USD,ACTIVE
GC-502189,CUST-01700,2024-05-21,74.74,USD,ACTIVE
GC-502190,CUST-00103,2022-05-19,23.62,USD,ACTIVE
GC-502191,CUST-02262,2022-05-20,146.36,GBP,ACTIVE
GC-502192,CUST-02352,2022-01-07,48.34,USD,ACTIVE
GC-502193,CUST-01298,2022-12-19,72.08,USD,ACTIVE
GC-502194,CUST-00267,2023-02-11,141.59,USD,ACTIVE
GC-502195,CUST-01566,2023-08-23,99.08,USD,ACTIVE
GC-502196,CUST-01987,2024-09-09,69.36,EUR,ACTIVE
GC-502197,CUST-01790,2023-01-10,193.78,USD,ACTIVE
GC-502198,CUST-00677,2024-06-01,45.13,GBP,ACTIVE
GC-502199,CUST-00703,2022-08-05,90.55,USD,ACTIVE
GC-502200,CUST-00113,2023-06-16,149.16,USD,ACTIVE
GC-502201,CUST-01513,2024-11-16,148.27,EUR,ACTIVE
GC-502202,CUST-00601,2022-08-18,99.63,USD,ACTIVE
GC-502203,CUST-02063,2023-08-17,135.46,GBP,ACTIVE
GC-502204,CUST-02239,2024-03-28,71.51,USD,ACTIVE
GC-502205,CUST-01849,2023-12-31,146.06,EUR,ACTIVE
GC-502206,CUST-02077,2024-02-05,23.85,USD,ACTIVE
GC-502207,CUST-01063,2022-04-06,93.2,USD,ACTIVE
GC-502208,CUST-00737,2023-01-22,136.28,USD,ACTIVE
GC-502209,CUST-00375,2022-06-22,148.36,USD,ACTIVE
GC-502210,CUST-01108,2022-12-05,188.47,EUR,VOIDED
GC-502211,CUST-00617,2024-08-06,95.79,GBP,ACTIVE
GC-502212,CUST-00205,2023-07-02,140.32,USD,ACTIVE
GC-502213,CUST-01060,2022-07-01,91.12,EUR,ACTIVE
GC-502214,CUST-01546,2023-12-27,95.81,USD,ACTIVE
GC-502215,CUST-00745,2023-08-23,24.71,GBP,ACTIVE
GC-502216,CUST-01542,2024-02-25,48.6,EUR,ACTIVE
GC-502217,CUST-01856,2024-11-13,45.32,USD,ACTIVE
GC-502218,CUST-01385,2022-07-29,45.8,USD,ACTIVE
GC-502219,CUST-01666,2023-07-18,136.88,EUR,ACTIVE
GC-502220,CUST-01059,2024-03-20,49.95,USD,ACTIVE
GC-502221,CUST-02359,2022-05-20,24.06,USD,ACTIVE
GC-502222,CUST-00303,2023-03-16,148.44,USD,ACTIVE
GC-502223,CUST-00669,2023-02-23,91.08,GBP,ACTIVE
GC-502224,CUST-01670,2022-01-01,49.91,USD,ACTIVE
GC-502225,CUST-01316,2024-11-12,93.32,USD,ACTIVE
GC-502226,CUST-00679,2024-01-08,71.22,USD,ACTIVE
GC-502227,CUST-01926,2024-09-18,24.43,GBP,ACTIVE
GC-502228,CUST-02205,2022-03-27,149.35,EUR,ACTIVE
GC-502229,CUST-01892,2022-10-25,68.1,USD,ACTIVE
GC-502230,CUST-02206,2023-05-25,140.94,GBP,ACTIVE
GC-502231,CUST-01804,2023-10-01,95.67,EUR,ACTIVE
GC-502232,CUST-00370,2023-11-02,138.92,USD,ACTIVE
GC-502233,CUST-01480,2023-05-20,98.89,GBP,ACTIVE
GC-502234,CUST-00289,2024-08-29,96.83,USD,ACTIVE
GC-502235,CUST-02203,2024-03-19,93.14,USD,ACTIVE
GC-502236,CUST-00229,2024-02-16,22.62,USD,ACTIVE
GC-502237,CUST-02345,2023-09-09,71.48,USD,ACTIVE
GC-502238,CUST-00733,2022-04-07,99.99,USD,ACTIVE
GC-502239,CUST-01123,2024-06-09,94.1,USD,ACTIVE
GC-502240,CUST-02008,2024-06-26,148.39,USD,ACTIVE
GC-502241,CUST-01264,2023-10-16,48.91,USD,ACTIVE
GC-502242,CUST-01742,2022-09-25,69.44,USD,ACTIVE
GC-502243,CUST-00445,2024-03-23,72.03,GBP,ACTIVE
GC-502244,CUST-00486,2022-12-25,68.86,USD,ACTIVE
GC-502245,CUST-01754,2024-09-06,189.48,GBP,ACTIVE
GC-502246,CUST-00276,2024-03-10,22.7,USD,ACTIVE
GC-502247,CUST-02185,2024-11-24,99.93,GBP,ACTIVE
GC-502248,CUST-00062,2022-08-10,142.74,USD,ACTIVE
GC-502249,CUST-01819,2022-01-28,91.35,USD,ACTIVE
GC-502250,CUST-01078,2022-12-03,90.76,GBP,ACTIVE
GC-502251,CUST-00220,2023-02-22,69.22,EUR,ACTIVE
GC-502252,CUST-01402,2023-04-12,72.72,USD,ACTIVE
GC-502253,CUST-00197,2024-08-02,74.8,EUR,ACTIVE
GC-502254,CUST-01510,2023-06-27,46.55,EUR,ACTIVE
GC-502255,CUST-00953,2024-10-28,70.22,USD,ACTIVE
GC-502256,CUST-00194,2022-03-06,92.54,GBP,ACTIVE
GC-502257,CUST-01169,2024-08-14,182.91,USD,ACTIVE
GC-502258,CUST-00457,2022-10-14,49.67,USD,ACTIVE
GC-502259,CUST-02013,2022-06-23,99.01,USD,ACTIVE
GC-502260,CUST-00785,2024-02-17,49.1,GBP,VOIDED
GC-502261,CUST-01449,2022-01-26,135.91,GBP,ACTIVE
GC-502262,CUST-01012,2022-03-27,72.86,USD,ACTIVE
GC-502263,CUST-00941,2023-10-28,142.55,GBP,ACTIVE
GC-502264,CUST-00940,2023-11-09,67.59,USD,ACTIVE
GC-502265,CUST-02109,2022-05-22,94.41,GBP,ACTIVE
GC-502266,CUST-00220,2024-12-24,148.19,USD,ACTIVE
GC-502267,CUST-01947,2023-03-22,195.69,USD,ACTIVE
GC-502268,CUST-01313,2023-05-09,136.85,GBP,ACTIVE
GC-502269,CUST-02108,2022-11-14,135.91,GBP,ACTIVE
GC-502270,CUST-00545,2024-09-08,73.8,USD,ACTIVE
GC-502271,CUST-01040,2024-02-11,24.53,USD,ACTIVE
GC-502272,CUST-01562,2023-06-02,68.49,USD,ACTIVE
GC-502273,CUST-00928,2024-07-09,138.53,USD,ACTIVE
GC-502274,CUST-00423,2022-11-06,193.19,USD,ACTIVE
GC-502275,CUST-00203,2023-03-11,45.61,USD,ACTIVE
GC-502276,CUST-00759,2023-04-17,22.54,USD,ACTIVE
GC-502277,CUST-01581,2024-08-02,91.15,USD,VOIDED
GC-502278,CUST-02081,2024-09-11,91.22,GBP,ACTIVE
GC-502279,CUST-02266,2023-08-16,184.88,USD,ACTIVE
GC-502280,CUST-01132,2024-05-12,182.77,EUR,ACTIVE
GC-502281,CUST-00070,2024-07-25,45.02,USD,ACTIVE
GC-502282,CUST-01350,2024-02-16,23.33,USD,VOIDED
GC-502283,CUST-00189,2024-06-11,187.8,USD,ACTIVE
GC-502284,CUST-00355,2022-07-04,49.93,GBP,ACTIVE
GC-502285,CUST-02219,2023-10-26,96.14,USD,ACTIVE
GC-502286,CUST-01923,2022-03-27,135.23,EUR,ACTIVE
GC-502287,CUST-01761,2024-05-09,46.47,EUR,ACTIVE
GC-502288,CUST-02325,2024-04-09,96.07,USD,ACTIVE
GC-502289,CUST-00959,2024-06-06,142.8,EUR,ACTIVE
GC-502290,CUST-00485,2024-08-25,193.21,EUR,ACTIVE
GC-502291,CUST-00740,2024-01-14,23.92,USD,VOIDED
GC-502292,CUST-00096,2023-04-30,24.86,USD,ACTIVE
GC-502293,CUST-01469,2024-07-19,143.66,GBP,ACTIVE
GC-502294,CUST-01558,2022-01-31,23.88,USD,ACTIVE
GC-502295,CUST-01510,2022-10-13,93.61,USD,ACTIVE
GC-502296,CUST-02000,2023-08-31,137.77,USD,ACTIVE
GC-502297,CUST-02259,2022-10-24,24.02,USD,ACTIVE
GC-502298,CUST-00565,2024-06-11,45.81,USD,ACTIVE
GC-502299,CUST-01956,2023-11-16,136.12,EUR,ACTIVE
GC-502300,CUST-01083,2024-01-21,45.53,USD,ACTIVE
GC-502301,CUST-01203,2024-02-03,23.3,USD,ACTIVE
GC-502302,CUST-00012,2022-10-17,71.23,USD,ACTIVE
GC-502303,CUST-00074,2022-04-12,187.99,USD,ACTIVE
GC-502304,CUST-00217,2024-07-29,49.14,USD,ACTIVE
GC-502305,CUST-01344,2023-07-28,22.72,USD,ACTIVE
GC-502306,CUST-01529,2022-01-13,22.65,USD,ACTIVE
GC-502307,CUST-00353,2023-10-08,90.81,USD,VOIDED
GC-502308,CUST-01486,2023-04-11,24.55,USD,ACTIVE
GC-502309,CUST-00135,2024-08-04,95.94,USD,ACTIVE
GC-502310,CUST-00019,2024-09-17,196.6,USD,ACTIVE
GC-502311,CUST-02066,2023-10-02,186.54,EUR,ACTIVE
GC-502312,CUST-01412,2022-09-27,69.59,EUR,ACTIVE
GC-502313,CUST-00579,2024-08-29,73.58,USD,ACTIVE
GC-502314,CUST-00290,2022-03-14,67.84,USD,ACTIVE
GC-502315,CUST-00992,2023-11-22,95.3,USD,ACTIVE
GC-502316,CUST-02245,2023-03-25,74.18,GBP,ACTIVE
GC-502317,CUST-00725,2023-10-14,99.21,USD,ACTIVE
GC-502318,CUST-01663,2022-10-10,23.33,EUR,ACTIVE
GC-502319,CUST-01820,2023-07-21,23.48,GBP,ACTIVE
GC-502320,CUST-00140,2023-11-14,22.61,USD,ACTIVE
GC-502321,CUST-01268,2022-02-26,136.53,GBP,ACTIVE
GC-502322,CUST-00411,2024-08-05,90.95,EUR,ACTIVE
GC-502323,CUST-01209,2024-06-30,90.54,GBP,ACTIVE
GC-502324,CUST-00689,2022-02-18,192.42,USD,VOIDED
GC-502325,CUST-01291,2023-07-03,24.21,GBP,ACTIVE
GC-502326,CUST-00747,2024-06-15,140.36,USD,ACTIVE
GC-502327,CUST-00208,2022-06-11,23.34,USD,ACTIVE
GC-502328,CUST-01422,2023-06-16,197.81,USD,ACTIVE
GC-502329,CUST-01900,2022-04-12,194.86,USD,ACTIVE
GC-502330,CUST-00115,2023-04-18,22.62,GBP,ACTIVE
GC-502331,CUST-00886,2023-09-15,23.01,GBP,VOIDED
GC-502332,CUST-00486,2022-01-07,68.45,USD,ACTIVE
GC-502333,CUST-01755,2022-04-04,145.48,EUR,ACTIVE
GC-502334,CUST-00295,2023-09-07,148.65,GBP,ACTIVE
GC-502335,CUST-02235,2024-01-06,49.55,USD,ACTIVE
GC-502336,CUST-01395,2022-10-28,70.41,USD,ACTIVE
GC-502337,CUST-01995,2022-01-27,23.49,GBP,ACTIVE
GC-502338,CUST-01094,2022-09-14,48.31,GBP,ACTIVE
GC-502339,CUST-01184,2023-09-21,199.26,EUR,ACTIVE
GC-502340,CUST-01369,2023-11-03,45.8,USD,ACTIVE
GC-502341,CUST-01603,2023-01-12,23.65,USD,ACTIVE
GC-502342,CUST-00286,2022-02-01,23.93,GBP,ACTIVE
GC-502343,CUST-01728,2022-04-06,45.03,USD,ACTIVE
GC-502344,CUST-02277,2024-04-27,69.32,EUR,ACTIVE
GC-502345,CUST-00363,2024-02-26,92.2,USD,ACTIVE
GC-502346,CUST-01154,2023-11-17,73.16,USD,ACTIVE
GC-502347,CUST-02225,2024-07-12,147.91,USD,ACTIVE
GC-502348,CUST-01735,2023-10-01,90.46,USD,ACTIVE
GC-502349,CUST-00035,2022-10-17,70.15,USD,ACTIVE
GC-502350,CUST-01893,2024-08-06,191.92,USD,ACTIVE
GC-502351,CUST-00470,2022-07-06,46.13,USD,ACTIVE
GC-502352,CUST-00742,2023-01-23,199.15,USD,ACTIVE
GC-502353,CUST-00701,2022-05-19,146.79,USD,ACTIVE
GC-502354,CUST-01789,2023-03-10,69.99,EUR,ACTIVE
GC-502355,CUST-01282,2024-08-07,91.67,GBP,ACTIVE
GC-502356,CUST-01564,2024-11-24,181.01,USD,ACTIVE
GC-502357,CUST-01961,2024-12-31,147.87,GBP,ACTIVE
GC-502358,CUST-00634,2024-11-07,98.99,EUR,ACTIVE
GC-502359,CUST-01359,2023-09-29,181.92,USD,ACTIVE
GC-502360,CUST-01207,2022-09-19,45.68,GBP,ACTIVE
GC-502361,CUST-01137,2023-07-25,72.41,USD,ACTIVE
GC-502362,CUST-00450,2022-05-16,71.83,USD,ACTIVE
GC-502363,CUST-00042,2022-09-17,194.7,GBP,ACTIVE
GC-502364,CUST-00852,2022-04-14,193.92,USD,ACTIVE
GC-502365,CUST-00535,2024-06-17,73.88,USD,ACTIVE
GC-502366,CUST-00999,2024-02-03,45.21,GBP,ACTIVE
GC-502367,CUST-02062,2022-07-11,74.15,USD,ACTIVE
GC-502368,CUST-01872,2024-07-30,99.03,USD,ACTIVE
GC-502369,CUST-00919,2022-09-28,180.46,USD,ACTIVE
GC-502370,CUST-00368,2024-05-01,199.57,GBP,ACTIVE
GC-502371,CUST-01549,2022-03-25,146.24,USD,ACTIVE
GC-502372,CUST-01586,2024-03-13,47.84,USD,ACTIVE
GC-502373,CUST-00486,2024-05-09,23.75,USD,ACTIVE
GC-502374,CUST-01887,2022-03-25,48.5,USD,ACTIVE
GC-502375,CUST-01613,2024-01-12,23.26,USD,ACTIVE
GC-502376,CUST-00773,2023-04-06,93.44,EUR,ACTIVE
GC-502377,CUST-00363,2023-08-29,69.12,USD,ACTIVE
GC-502378,CUST-00620,2022-07-27,147.75,GBP,ACTIVE
GC-502379,CUST-00161,2024-12-29,99.49,GBP,ACTIVE
GC-502380,CUST-00402,2024-04-14,184.8,USD,ACTIVE
GC-502381,CUST-00904,2023-02-16,73.54,EUR,VOIDED
GC-502382,CUST-01154,2024-08-01,72.5,USD,ACTIVE
GC-502383,CUST-00987,2022-06-08,196.69,USD,ACTIVE
GC-502384,CUST-02046,2024-04-10,74.85,USD,ACTIVE
GC-502385,CUST-01101,2024-10-19,94.01,USD,ACTIVE
GC-502386,CUST-01099,2023-11-19,74.75,USD,ACTIVE
GC-502387,CUST-00261,2024-06-01,68.45,USD,ACTIVE
GC-502388,CUST-01516,2022-02-15,198.17,EUR,ACTIVE
GC-502389,CUST-01255,2024-11-06,68.89,USD,ACTIVE
GC-502390,CUST-01521,2024-02-20,73.83,USD,ACTIVE
GC-502391,CUST-00982,2022-01-28,68.53,USD,ACTIVE
GC-502392,CUST-02231,2023-02-05,49.7,USD,ACTIVE
GC-502393,CUST-01298,2023-09-25,196.19,USD,ACTIVE
GC-502394,CUST-02031,2024-12-23,45.71,USD,ACTIVE
GC-502395,CUST-02249,2024-07-03,139.21,USD,ACTIVE
GC-502396,CUST-01145,2022-12-27,146.96,USD,ACTIVE
GC-502397,CUST-01399,2022-10-30,94.63,USD,ACTIVE
GC-502398,CUST-01640,2023-10-26,45.97,USD,ACTIVE
GC-502399,CUST-00254,2022-04-06,187.14,GBP,ACTIVE
GC-502400,CUST-02200,2022-05-09,69.94,USD,ACTIVE
GC-502401,CUST-00525,2022-05-15,46.6,USD,ACTIVE
GC-502402,CUST-00799,2022-09-03,24.01,USD,ACTIVE
GC-502403,CUST-00506,2023-03-22,147.09,USD,ACTIVE
GC-502404,CUST-02025,2022-12-03,45.61,USD,ACTIVE
GC-502405,CUST-00764,2024-09-19,68.46,USD,ACTIVE
GC-502406,CUST-00962,2022-10-31,48.2,USD,ACTIVE
GC-502407,CUST-00930,2023-01-25,144.12,EUR,ACTIVE
GC-502408,CUST-01941,2023-03-31,45.65,USD,ACTIVE
GC-502409,CUST-00201,2024-07-29,137.81,USD,ACTIVE
GC-502410,CUST-00495,2024-11-01,46.91,USD,ACTIVE
GC-502411,CUST-00511,2022-11-16,23.39,USD,ACTIVE
GC-502412,CUST-00911,2023-01-10,24.91,GBP,ACTIVE
GC-502413,CUST-01076,2022-09-26,49.9,USD,ACTIVE
GC-502414,CUST-02083,2022-02-04,24.39,GBP,ACTIVE
GC-502415,CUST-00732,2023-12-26,23.44,USD,ACTIVE
GC-502416,CUST-00865,2024-02-01,24.75,GBP,ACTIVE
GC-502417,CUST-01962,2023-05-17,182.29,USD,ACTIVE
GC-502418,CUST-02015,2023-07-19,45.03,USD,ACTIVE
GC-502419,CUST-00939,2023-09-17,191.23,USD,ACTIVE
GC-502420,CUST-00294,2023-03-27,47.01,USD,ACTIVE
GC-502421,CUST-01175,2024-03-28,147.42,USD,ACTIVE
GC-502422,CUST-02330,2022-05-29,193.19,USD,ACTIVE
GC-502423,CUST-00070,2022-07-07,187.52,EUR,ACTIVE
GC-502424,CUST-02242,2024-10-14,45.3,USD,ACTIVE
GC-502425,CUST-00075,2023-06-04,99.76,USD,ACTIVE
GC-502426,CUST-00292,2024-10-13,48.64,USD,ACTIVE
GC-502427,CUST-00301,2023-02-18,48.76,EUR,ACTIVE
GC-502428,CUST-00676,2024-05-23,92.31,USD,ACTIVE
GC-502429,CUST-00541,2024-06-15,96.75,GBP,ACTIVE
GC-502430,CUST-02363,2024-12-22,142.13,EUR,ACTIVE
GC-502431,CUST-00852,2023-09-25,24.01,USD,ACTIVE
GC-502432,CUST-01566,2023-11-05,45.15,USD,ACTIVE
GC-502433,CUST-00097,2023-12-16,92.72,USD,ACTIVE
GC-502434,CUST-01621,2023-09-20,144.98,USD,ACTIVE
GC-502435,CUST-01720,2023-02-17,70.7,USD,ACTIVE
GC-502436,CUST-00136,2022-02-17,46.77,USD,ACTIVE
GC-502437,CUST-01927,2023-02-12,146.09,USD,ACTIVE
GC-502438,CUST-01808,2022-06-11,191.31,USD,ACTIVE
GC-502439,CUST-00452,2022-11-27,47.31,EUR,ACTIVE
GC-502440,CUST-01748,2023-09-06,24.63,USD,ACTIVE
GC-502441,CUST-02149,2023-11-18,93.49,EUR,ACTIVE
GC-502442,CUST-01251,2022-09-06,148.92,USD,ACTIVE
GC-502443,CUST-00994,2023-06-14,141.76,USD,ACTIVE
GC-502444,CUST-01680,2023-06-25,146.39,USD,ACTIVE
GC-502445,CUST-00702,2022-10-27,23.98,USD,ACTIVE
GC-502446,CUST-02140,2023-07-07,45.79,USD,ACTIVE
GC-502447,CUST-00472,2024-09-07,93.27,USD,VOIDED
GC-502448,CUST-02125,2023-12-14,72.23,USD,ACTIVE
GC-502449,CUST-01380,2024-08-25,49.3,EUR,ACTIVE
GC-502450,CUST-00042,2022-03-29,71.75,USD,ACTIVE
GC-502451,CUST-00263,2022-10-31,138.35,GBP,ACTIVE
GC-502452,CUST-00580,2023-12-30,48.89,USD,ACTIVE
GC-502453,CUST-01891,2023-11-14,71.47,USD,ACTIVE
GC-502454,CUST-00780,2023-11-09,72.21,EUR,ACTIVE
GC-502455,CUST-02275,2024-05-31,144.14,USD,ACTIVE
GC-502456,CUST-02264,2023-09-04,72.72,USD,ACTIVE
GC-502457,CUST-00839,2023-08-31,49.14,USD,ACTIVE
GC-502458,CUST-00556,2022-03-10,46.55,USD,ACTIVE
GC-502459,CUST-01703,2024-10-30,193.5,GBP,ACTIVE
GC-502460,CUST-02213,2022-02-27,146.87,USD,ACTIVE
GC-502461,CUST-00577,2023-07-29,149.39,USD,ACTIVE
GC-502462,CUST-00368,2024-09-24,67.98,USD,ACTIVE
GC-502463,CUST-00240,2022-11-14,146.91,USD,ACTIVE
GC-502464,CUST-00670,2022-11-28,149.16,EUR,ACTIVE
GC-502465,CUST-02132,2022-11-10,45.05,EUR,ACTIVE
GC-502466,CUST-01644,2022-08-09,49.39,USD,ACTIVE
GC-502467,CUST-00809,2023-06-04,94.41,USD,ACTIVE
GC-502468,CUST-01753,2024-07-23,23.59,USD,ACTIVE
GC-502469,CUST-01021,2022-04-27,72.31,USD,ACTIVE
GC-502470,CUST-00709,2023-04-18,143.34,GBP,ACTIVE
GC-502471,CUST-01213,2024-07-27,147.14,USD,ACTIVE
GC-502472,CUST-00373,2024-07-19,49.79,GBP,ACTIVE
GC-502473,CUST-00543,2023-08-23,67.94,USD,ACTIVE
GC-502474,CUST-01061,2024-08-05,24.58,GBP,ACTIVE
GC-502475,CUST-01696,2022-08-05,149.04,EUR,ACTIVE
GC-502476,CUST-00205,2024-03-02,190.83,USD,ACTIVE
GC-502477,CUST-00737,2022-11-15,135.6,USD,ACTIVE
GC-502478,CUST-01044,2024-11-04,182.95,GBP,ACTIVE
GC-502479,CUST-00769,2024-07-13,24.49,EUR,ACTIVE
GC-502480,CUST-00353,2022-04-07,141.87,USD,ACTIVE
GC-502481,CUST-00205,2022-06-01,24.66,USD,ACTIVE
GC-502482,CUST-00730,2023-10-14,23.73,GBP,ACTIVE
GC-502483,CUST-02017,2024-03-05,69.37,GBP,ACTIVE
GC-502484,CUST-00745,2022-12-01,73.93,USD,ACTIVE
GC-502485,CUST-01539,2022-12-27,186.41,USD,ACTIVE
GC-502486,CUST-00788,2023-02-04,180.03,GBP,ACTIVE
GC-502487,CUST-01249,2024-10-25,95.09,EUR,ACTIVE
GC-502488,CUST-01355,2022-01-25,90.21,USD,ACTIVE
GC-502489,CUST-01533,2024-02-13,186.99,EUR,ACTIVE
GC-502490,CUST-01283,2023-01-24,94.97,GBP,ACTIVE
GC-502491,CUST-00745,2024-03-24,193.16,USD,ACTIVE
GC-502492,CUST-01297,2024-04-28,68.89,USD,ACTIVE
GC-502493,CUST-00699,2022-11-24,137.3,USD,ACTIVE
GC-502494,CUST-02346,2022-11-19,139.29,USD,ACTIVE
GC-502495,CUST-01682,2023-03-24,47.96,USD,ACTIVE
GC-502496,CUST-00737,2022-03-29,90.76,USD,ACTIVE
GC-502497,CUST-02107,2022-02-25,191.02,GBP,ACTIVE
GC-502498,CUST-00439,2023-04-02,146.4,GBP,ACTIVE
GC-502499,CUST-02351,2024-12-30,197.11,USD,ACTIVE
GC-502500,CUST-00343,2022-12-29,24.87,USD,ACTIVE
GC-502501,CUST-01525,2023-08-30,198.23,EUR,ACTIVE
GC-502502,CUST-02205,2022-11-11,141.26,USD,ACTIVE
GC-502503,CUST-02279,2022-04-30,74.92,USD,ACTIVE
GC-502504,CUST-00175,2024-03-06,148.92,USD,VOIDED
GC-502505,CUST-02040,2024-06-24,142.21,GBP,ACTIVE
GC-502506,CUST-01341,2024-03-05,92.82,GBP,ACTIVE
GC-502507,CUST-00487,2024-06-10,46.09,GBP,ACTIVE
GC-502508,CUST-00458,2022-10-16,98.09,GBP,ACTIVE
GC-502509,CUST-00750,2022-02-05,181.28,USD,ACTIVE
GC-502510,CUST-00369,2024-08-22,91.53,EUR,ACTIVE
GC-502511,CUST-01138,2024-12-14,183.22,USD,ACTIVE
GC-502512,CUST-00455,2022-02-10,49.38,USD,ACTIVE
GC-502513,CUST-00661,2023-11-21,140.94,USD,ACTIVE
GC-502514,CUST-01318,2022-04-06,46.35,USD,VOIDED
GC-502515,CUST-00963,2022-01-04,145.34,USD,ACTIVE
GC-502516,CUST-02313,2022-05-08,93.98,USD,ACTIVE
GC-502517,CUST-00672,2024-07-25,49.29,USD,ACTIVE
GC-502518,CUST-00848,2024-10-24,96.73,EUR,VOIDED
GC-502519,CUST-00835,2023-03-16,99.0,USD,ACTIVE
GC-502520,CUST-00468,2024-04-04,94.55,USD,ACTIVE
GC-502521,CUST-01249,2022-08-11,22.97,USD,ACTIVE
GC-502522,CUST-00643,2023-02-16,192.18,USD,ACTIVE
GC-502523,CUST-02082,2023-04-04,47.31,USD,ACTIVE
GC-502524,CUST-00260,2024-12-18,72.81,USD,ACTIVE
GC-502525,CUST-01664,2024-09-14,90.95,USD,ACTIVE
GC-502526,CUST-01517,2022-12-09,197.98,USD,ACTIVE
GC-502527,CUST-01822,2024-04-19,99.18,USD,ACTIVE
GC-502528,CUST-01444,2024-05-08,144.65,EUR,ACTIVE
GC-502529,CUST-01601,2024-02-11,199.07,USD,ACTIVE
GC-502530,CUST-00837,2023-09-23,143.9,EUR,VOIDED
GC-502531,CUST-00666,2023-12-05,48.01,USD,ACTIVE
GC-502532,CUST-00037,2024-06-29,74.15,GBP,ACTIVE
GC-502533,CUST-00093,2024-06-30,189.5,USD,ACTIVE
GC-502534,CUST-01733,2023-09-16,95.74,USD,ACTIVE
GC-502535,CUST-01045,2023-12-22,147.76,GBP,ACTIVE
GC-502536,CUST-01684,2024-08-04,73.79,USD,ACTIVE
GC-502537,CUST-02198,2024-12-28,92.93,USD,ACTIVE
GC-502538,CUST-00115,2023-06-28,67.57,USD,ACTIVE
GC-502539,CUST-02109,2024-03-18,74.74,USD,ACTIVE
GC-502540,CUST-00672,2024-03-27,90.39,USD,ACTIVE
GC-502541,CUST-01469,2024-12-01,45.0,USD,ACTIVE
GC-502542,CUST-00779,2022-03-26,93.05,USD,ACTIVE
GC-502543,CUST-00971,2024-08-28,199.9,USD,ACTIVE
GC-502544,CUST-01704,2023-04-30,49.63,USD,ACTIVE
GC-502545,CUST-00418,2023-12-30,45.09,GBP,ACTIVE
GC-502546,CUST-02316,2023-01-28,144.97,USD,VOIDED
GC-502547,CUST-01206,2024-06-03,135.78,USD,ACTIVE
GC-502548,CUST-00485,2024-12-23,47.07,USD,ACTIVE
GC-502549,CUST-00144,2022-03-05,195.0,USD,ACTIVE
GC-502550,CUST-00178,2024-03-16,72.49,USD,ACTIVE
GC-502551,CUST-01533,2022-12-04,23.44,USD,ACTIVE
GC-502552,CUST-00479,2023-10-25,143.96,USD,ACTIVE
GC-502553,CUST-01292,2024-05-21,49.69,USD,ACTIVE
GC-502554,CUST-00033,2023-11-11,49.66,USD,ACTIVE
GC-502555,CUST-01208,2024-06-19,71.24,USD,ACTIVE
GC-502556,CUST-01791,2023-10-31,24.62,USD,ACTIVE
GC-502557,CUST-00923,2023-10-03,98.3,USD,ACTIVE
GC-502558,CUST-00681,2022-04-26,184.98,USD,ACTIVE
GC-502559,CUST-00375,2022-05-20,92.37,GBP,ACTIVE
GC-502560,CUST-01898,2024-10-10,97.72,USD,ACTIVE
GC-502561,CUST-01315,2023-10-20,68.78,EUR,ACTIVE
GC-502562,CUST-01251,2022-12-15,68.55,GBP,ACTIVE
GC-502563,CUST-01664,2022-08-25,71.17,EUR,ACTIVE
GC-502564,CUST-01838,2022-05-17,74.37,USD,ACTIVE
GC-502565,CUST-00880,2024-01-01,70.79,USD,ACTIVE
GC-502566,CUST-01230,2024-07-29,69.67,USD,VOIDED
GC-502567,CUST-00833,2022-03-17,47.44,USD,ACTIVE
GC-502568,CUST-00824,2023-05-06,148.78,GBP,ACTIVE
GC-502569,CUST-02102,2024-08-29,148.34,EUR,ACTIVE
GC-502570,CUST-00280,2023-12-24,95.43,USD,ACTIVE
GC-502571,CUST-02273,2024-06-09,72.63,USD,ACTIVE
GC-502572,CUST-01339,2023-03-12,184.53,USD,ACTIVE
GC-502573,CUST-00205,2022-07-27,147.95,EUR,ACTIVE
GC-502574,CUST-00666,2024-03-25,24.97,EUR,ACTIVE
GC-502575,CUST-01623,2022-10-07,143.63,EUR,VOIDED
GC-502576,CUST-01762,2023-06-21,24.02,USD,ACTIVE
GC-502577,CUST-00119,2022-03-17,23.83,USD,ACTIVE
GC-502578,CUST-01965,2023-04-12,23.83,EUR,ACTIVE
GC-502579,CUST-01395,2022-12-02,181.7,USD,ACTIVE
GC-502580,CUST-02139,2023-08-18,48.25,USD,ACTIVE
GC-502581,CUST-01519,2024-06-16,148.66,USD,ACTIVE
GC-502582,CUST-01428,2024-11-30,146.13,USD,ACTIVE
GC-502583,CUST-00734,2022-10-21,97.45,USD,ACTIVE
GC-502584,CUST-00336,2024-08-04,73.13,USD,ACTIVE
GC-502585,CUST-00845,2024-05-21,47.62,USD,ACTIVE
GC-502586,CUST-01780,2022-08-22,138.69,USD,ACTIVE
GC-502587,CUST-00327,2023-07-18,135.17,USD,ACTIVE
GC-502588,CUST-00432,2024-06-30,135.7,USD,ACTIVE
GC-502589,CUST-00851,2023-03-29,24.07,USD,ACTIVE
GC-502590,CUST-02067,2022-02-12,99.61,GBP,ACTIVE
GC-502591,CUST-01305,2023-02-04,187.89,USD,ACTIVE
GC-502592,CUST-00500,2023-05-09,22.53,EUR,ACTIVE
GC-502593,CUST-01260,2022-10-03,70.12,GBP,ACTIVE
GC-502594,CUST-00174,2022-05-01,139.92,GBP,ACTIVE
GC-502595,CUST-00556,2023-09-06,189.22,USD,ACTIVE
GC-502596,CUST-00889,2023-12-16,191.99,EUR,ACTIVE
GC-502597,CUST-00857,2023-12-25,135.91,USD,ACTIVE
GC-502598,CUST-02231,2023-10-21,23.42,USD,ACTIVE
GC-502599,CUST-01581,2024-02-09,142.31,USD,ACTIVE
GC-502600,CUST-00474,2022-07-27,69.35,USD,ACTIVE
GC-502601,CUST-00983,2024-08-23,47.28,USD,ACTIVE
GC-502602,CUST-01728,2024-02-14,23.36,USD,ACTIVE
GC-502603,CUST-02135,2022-06-18,69.42,USD,ACTIVE
GC-502604,CUST-00314,2022-03-13,149.99,USD,ACTIVE
GC-502605,CUST-00510,2022-03-18,191.2,USD,ACTIVE
GC-502606,CUST-00877,2022-01-17,47.43,USD,ACTIVE
GC-502607,CUST-02086,2022-07-29,185.18,USD,ACTIVE
GC-502608,CUST-00089,2024-04-23,23.55,EUR,ACTIVE
GC-502609,CUST-02086,2024-07-19,73.16,USD,ACTIVE
GC-502610,CUST-00557,2024-10-02,92.66,USD,ACTIVE
GC-502611,CUST-01741,2022-09-03,98.39,USD,ACTIVE
GC-502612,CUST-00832,2023-09-17,142.56,USD,ACTIVE
GC-502613,CUST-02098,2023-04-01,46.07,GBP,ACTIVE
GC-502614,CUST-00462,2023-12-16,147.39,USD,ACTIVE
GC-502615,CUST-00764,2022-09-19,46.74,USD,ACTIVE
GC-502616,CUST-01074,2022-05-19,49.31,GBP,ACTIVE
GC-502617,CUST-00143,2023-12-31,91.34,USD,ACTIVE
GC-502618,CUST-00654,2023-07-09,49.2,USD,ACTIVE
GC-502619,CUST-00244,2024-09-15,139.64,GBP,ACTIVE
GC-502620,CUST-01908,2022-02-27,194.71,EUR,ACTIVE
GC-502621,CUST-00591,2023-01-15,23.16,USD,VOIDED
GC-502622,CUST-00877,2022-12-20,22.77,USD,ACTIVE
GC-502623,CUST-00146,2023-01-30,95.26,USD,ACTIVE
GC-502624,CUST-00882,2022-04-13,22.87,USD,ACTIVE
GC-502625,CUST-00556,2022-05-24,68.97,EUR,ACTIVE
GC-502626,CUST-01283,2022-03-03,23.74,USD,ACTIVE
GC-502627,CUST-02307,2022-01-26,92.16,USD,ACTIVE
GC-502628,CUST-00837,2024-02-19,24.36,EUR,ACTIVE
GC-502629,CUST-01296,2023-07-27,97.92,GBP,ACTIVE
GC-502630,CUST-02242,2022-05-21,23.64,USD,ACTIVE
GC-502631,CUST-00753,2024-01-09,24.12,USD,ACTIVE
GC-502632,CUST-00742,2023-03-16,73.16,EUR,ACTIVE
GC-502633,CUST-00070,2023-07-11,196.47,USD,ACTIVE
GC-502634,CUST-00739,2024-02-09,23.02,EUR,ACTIVE
GC-502635,CUST-01447,2023-10-09,49.61,USD,ACTIVE
GC-502636,CUST-00549,2023-07-08,187.18,USD,ACTIVE
GC-502637,CUST-01310,2022-07-06,95.4,USD,ACTIVE
GC-502638,CUST-01726,2022-09-17,93.79,USD,ACTIVE
GC-502639,CUST-02049,2024-12-12,70.92,USD,ACTIVE
GC-502640,CUST-00946,2024-06-16,149.65,GBP,ACTIVE
GC-502641,CUST-02324,2022-09-25,93.01,USD,ACTIVE
GC-502642,CUST-02168,2023-02-17,149.43,USD,ACTIVE
GC-502643,CUST-00809,2023-10-30,71.55,USD,ACTIVE
GC-502644,CUST-01681,2023-10-15,91.87,USD,ACTIVE
GC-502645,CUST-00040,2022-12-11,46.0,USD,ACTIVE
GC-502646,CUST-00060,2024-01-06,24.7,USD,ACTIVE
GC-502647,CUST-00250,2022-02-12,142.78,USD,ACTIVE
GC-502648,CUST-01652,2024-07-17,136.67,USD,ACTIVE
GC-502649,CUST-02135,2022-07-04,68.39,USD,ACTIVE
GC-502650,CUST-02375,2022-07-09,146.29,USD,ACTIVE
GC-502651,CUST-00963,2022-10-12,92.02,GBP,ACTIVE
GC-502652,CUST-01230,2022-06-18,94.8,EUR,ACTIVE
GC-502653,CUST-02110,2023-07-22,46.25,GBP,ACTIVE
GC-502654,CUST-01001,2024-07-01,23.81,USD,ACTIVE
GC-502655,CUST-02275,2024-01-27,69.97,GBP,ACTIVE
GC-502656,CUST-01266,2022-11-04,48.18,USD,ACTIVE
GC-502657,CUST-00281,2024-01-14,73.22,USD,ACTIVE
GC-502658,CUST-02384,2023-07-14,94.42,USD,ACTIVE
GC-502659,CUST-00392,2022-04-30,46.33,EUR,ACTIVE
GC-502660,CUST-00066,2022-10-13,148.65,GBP,ACTIVE
GC-502661,CUST-00624,2022-10-10,47.57,GBP,ACTIVE
GC-502662,CUST-01184,2022-01-03,91.41,USD,ACTIVE
GC-502663,CUST-01686,2023-10-01,46.72,USD,ACTIVE
GC-502664,CUST-00572,2023-11-11,136.74,USD,ACTIVE
GC-502665,CUST-01175,2024-03-25,22.65,USD,ACTIVE
GC-502666,CUST-00898,2022-04-24,94.08,USD,ACTIVE
GC-502667,CUST-02301,2023-05-12,47.29,EUR,ACTIVE
GC-502668,CUST-00720,2023-02-15,146.03,USD,ACTIVE
GC-502669,CUST-00367,2022-09-14,198.09,USD,ACTIVE
GC-502670,CUST-01759,2024-06-10,49.78,USD,ACTIVE
GC-502671,CUST-01279,2024-02-21,24.93,GBP,ACTIVE
GC-502672,CUST-01569,2022-02-21,136.32,USD,ACTIVE
GC-502673,CUST-02045,2023-02-24,71.19,GBP,ACTIVE
GC-502674,CUST-01433,2024-05-13,99.99,USD,ACTIVE
GC-502675,CUST-01615,2024-07-16,140.88,USD,ACTIVE
GC-502676,CUST-00626,2022-09-24,24.89,USD,ACTIVE
GC-502677,CUST-01811,2024-04-17,95.11,EUR,ACTIVE
GC-502678,CUST-01939,2024-08-14,183.19,USD,ACTIVE
GC-502679,CUST-01482,2022-01-31,99.75,USD,ACTIVE
GC-502680,CUST-01243,2024-10-22,99.93,EUR,ACTIVE
GC-502681,CUST-00859,2023-09-22,72.95,USD,ACTIVE
GC-502682,CUST-02244,2022-11-09,45.43,USD,ACTIVE
GC-502683,CUST-01036,2023-12-31,69.43,USD,ACTIVE
GC-502684,CUST-01638,2023-07-21,196.37,USD,ACTIVE
GC-502685,CUST-02020,2023-02-05,136.2,EUR,ACTIVE
GC-502686,CUST-00011,2024-05-28,69.19,USD,ACTIVE
GC-502687,CUST-01178,2024-10-21,48.62,EUR,ACTIVE
GC-502688,CUST-01720,2022-02-17,92.6,USD,ACTIVE
GC-502689,CUST-00403,2022-07-26,45.46,USD,ACTIVE
GC-502690,CUST-01274,2023-02-06,185.58,GBP,ACTIVE
GC-502691,CUST-01013,2022-03-02,188.03,USD,ACTIVE
GC-502692,CUST-00830,2022-12-01,184.03,USD,ACTIVE
GC-502693,CUST-02256,2022-04-12,24.52,USD,ACTIVE
GC-502694,CUST-00860,2023-09-02,23.1,USD,ACTIVE
GC-502695,CUST-00406,2024-08-13,141.22,GBP,ACTIVE
GC-502696,CUST-01590,2022-11-15,194.31,USD,ACTIVE
GC-502697,CUST-01167,2024-08-13,74.01,EUR,ACTIVE
GC-502698,CUST-01793,2023-11-29,71.48,USD,ACTIVE
GC-502699,CUST-00093,2024-08-25,142.93,USD,ACTIVE
GC-502700,CUST-02141,2022-01-08,48.9,USD,ACTIVE
GC-502701,CUST-00231,2023-04-10,24.86,USD,ACTIVE
GC-502702,CUST-02264,2024-11-14,142.05,USD,ACTIVE
GC-502703,CUST-00831,2024-02-26,94.9,USD,ACTIVE
GC-502704,CUST-01988,2023-11-25,23.62,USD,ACTIVE
GC-502705,CUST-01501,2023-12-22,135.47,USD,ACTIVE
GC-502706,CUST-01201,2023-02-02,49.38,USD,ACTIVE
GC-502707,CUST-00156,2024-02-27,195.27,EUR,ACTIVE
GC-502708,CUST-01868,2023-06-16,189.44,USD,ACTIVE
GC-502709,CUST-00582,2022-07-03,24.34,USD,ACTIVE
GC-502710,CUST-00595,2024-03-06,23.7,USD,ACTIVE
GC-502711,CUST-01491,2022-04-06,146.5,GBP,VOIDED
GC-502712,CUST-00642,2023-08-01,194.96,USD,ACTIVE
GC-502713,CUST-00910,2022-10-08,147.83,USD,ACTIVE
GC-502714,CUST-00306,2022-02-01,45.23,USD,ACTIVE
GC-502715,CUST-01545,2024-09-02,73.23,GBP,ACTIVE
GC-502716,CUST-01590,2023-08-19,195.88,USD,ACTIVE
GC-502717,CUST-01352,2023-04-22,136.36,USD,ACTIVE
GC-502718,CUST-00486,2023-07-20,92.6,USD,ACTIVE
GC-502719,CUST-02398,2024-05-19,71.04,USD,ACTIVE
GC-502720,CUST-01315,2022-08-16,146.56,USD,VOIDED
GC-502721,CUST-02019,2023-11-06,46.17,USD,ACTIVE
GC-502722,CUST-01892,2022-11-26,187.67,USD,ACTIVE
GC-502723,CUST-01199,2024-06-10,73.29,GBP,ACTIVE
GC-502724,CUST-00265,2024-06-23,23.65,USD,ACTIVE
GC-502725,CUST-01900,2022-09-08,98.06,USD,ACTIVE
GC-502726,CUST-02178,2023-04-16,194.45,USD,ACTIVE
GC-502727,CUST-01303,2023-09-21,135.24,USD,ACTIVE
GC-502728,CUST-01215,2022-05-30,147.7,USD,ACTIVE
GC-502729,CUST-00742,2024-02-25,47.81,USD,ACTIVE
GC-502730,CUST-00188,2024-07-07,92.51,USD,ACTIVE
GC-502731,CUST-01546,2023-02-28,99.46,USD,ACTIVE
GC-502732,CUST-01386,2023-03-03,149.5,GBP,ACTIVE
GC-502733,CUST-01947,2022-04-17,193.88,USD,ACTIVE
GC-502734,CUST-02144,2024-03-16,184.68,EUR,ACTIVE
GC-502735,CUST-01518,2023-04-27,23.37,USD,ACTIVE
GC-502736,CUST-00594,2024-08-29,141.27,USD,ACTIVE
GC-502737,CUST-01841,2024-05-28,23.29,USD,ACTIVE
GC-502738,CUST-01318,2024-04-22,24.34,USD,ACTIVE
GC-502739,CUST-00316,2022-02-26,138.9,USD,ACTIVE
GC-502740,CUST-00861,2024-04-04,47.28,GBP,ACTIVE
GC-502741,CUST-00722,2022-12-26,47.41,GBP,ACTIVE
GC-502742,CUST-01904,2024-01-30,94.26,GBP,ACTIVE
GC-502743,CUST-00437,2024-05-16,24.45,USD,ACTIVE
GC-502744,CUST-01524,2022-08-22,73.78,USD,ACTIVE
GC-502745,CUST-00767,2022-03-02,188.26,USD,ACTIVE
GC-502746,CUST-01091,2023-01-13,92.69,GBP,ACTIVE
GC-502747,CUST-01730,2022-02-21,94.65,USD,VOIDED
GC-502748,CUST-00080,2023-03-19,99.24,USD,ACTIVE
GC-502749,CUST-00855,2023-01-14,91.84,USD,VOIDED
GC-502750,CUST-01544,2023-04-04,91.6,USD,ACTIVE
GC-502751,CUST-01629,2023-10-28,22.89,USD,ACTIVE
GC-502752,CUST-00897,2023-04-06,97.01,USD,ACTIVE
GC-502753,CUST-00357,2022-11-24,24.56,EUR,ACTIVE
GC-502754,CUST-00196,2023-09-04,90.59,EUR,ACTIVE
GC-502755,CUST-01854,2024-03-20,73.68,GBP,ACTIVE
GC-502756,CUST-02004,2023-06-27,192.53,EUR,ACTIVE
GC-502757,CUST-01489,2024-04-25,45.22,USD,ACTIVE
GC-502758,CUST-00424,2022-12-18,22.91,EUR,ACTIVE
GC-502759,CUST-01226,2023-05-03,23.2,EUR,ACTIVE
GC-502760,CUST-01013,2023-02-27,24.89,USD,ACTIVE
GC-502761,CUST-00167,2022-11-12,196.11,USD,ACTIVE
GC-502762,CUST-01346,2022-03-10,95.81,USD,ACTIVE
GC-502763,CUST-01167,2023-03-03,48.78,EUR,ACTIVE
GC-502764,CUST-01207,2023-05-20,47.96,USD,ACTIVE
GC-502765,CUST-02202,2022-02-24,146.2,USD,ACTIVE
GC-502766,CUST-01609,2023-10-04,144.22,EUR,ACTIVE
GC-502767,CUST-00309,2024-09-12,71.91,USD,ACTIVE
GC-502768,CUST-01099,2022-07-10,49.51,EUR,ACTIVE
GC-502769,CUST-00410,2024-09-13,48.61,USD,ACTIVE
GC-502770,CUST-01123,2024-08-27,48.34,USD,ACTIVE
GC-502771,CUST-00105,2024-05-21,98.09,USD,ACTIVE
GC-502772,CUST-02340,2022-11-21,197.59,GBP,VOIDED
GC-502773,CUST-01292,2022-10-09,22.98,USD,ACTIVE
GC-502774,CUST-00258,2023-12-26,49.3,GBP,ACTIVE
GC-502775,CUST-02120,2024-06-23,141.91,USD,ACTIVE
GC-502776,CUST-00520,2024-02-06,185.03,GBP,ACTIVE
GC-502777,CUST-02056,2023-04-29,72.21,GBP,ACTIVE
GC-502778,CUST-02211,2022-08-13,48.68,EUR,ACTIVE
GC-502779,CUST-01768,2024-10-06,98.3,GBP,ACTIVE
GC-502780,CUST-00961,2022-12-15,149.79,EUR,ACTIVE
GC-502781,CUST-02224,2023-08-17,67.93,USD,ACTIVE
GC-502782,CUST-00704,2023-10-19,97.11,GBP,ACTIVE
GC-502783,CUST-00690,2024-01-13,49.31,USD,ACTIVE
GC-502784,CUST-01307,2024-02-04,140.88,USD,ACTIVE
GC-502785,CUST-00708,2023-01-11,24.39,USD,ACTIVE
GC-502786,CUST-01032,2023-01-05,22.73,GBP,ACTIVE
GC-502787,CUST-01121,2022-06-28,143.6,USD,ACTIVE
GC-502788,CUST-00056,2024-05-05,49.16,USD,ACTIVE
GC-502789,CUST-00216,2024-01-10,45.93,USD,ACTIVE
GC-502790,CUST-02355,2023-03-26,73.22,USD,ACTIVE
GC-502791,CUST-00911,2024-02-22,180.94,USD,ACTIVE
GC-502792,CUST-01313,2024-03-30,91.11,USD,ACTIVE
GC-502793,CUST-01713,2022-04-23,98.7,USD,ACTIVE
GC-502794,CUST-01334,2023-04-13,46.0,USD,ACTIVE
GC-502795,CUST-01681,2022-08-23,198.74,USD,ACTIVE
GC-502796,CUST-01160,2022-07-10,68.53,USD,ACTIVE
GC-502797,CUST-01594,2023-12-16,68.37,USD,ACTIVE
GC-502798,CUST-00732,2024-08-08,197.9,USD,ACTIVE
GC-502799,CUST-01729,2023-03-03,139.38,USD,ACTIVE
GC-502800,CUST-00185,2023-07-23,23.68,USD,ACTIVE
GC-502801,CUST-02096,2024-06-22,24.59,USD,ACTIVE
GC-502802,CUST-00749,2022-03-26,71.7,USD,ACTIVE
GC-502803,CUST-00805,2024-10-23,138.83,USD,ACTIVE
GC-502804,CUST-00045,2022-12-05,73.3,USD,ACTIVE
GC-502805,CUST-00170,2023-07-30,91.73,GBP,ACTIVE
GC-502806,CUST-01282,2024-09-13,68.81,GBP,ACTIVE
GC-502807,CUST-00066,2022-03-08,47.38,EUR,ACTIVE
GC-502808,CUST-01751,2022-04-13,98.46,USD,ACTIVE
GC-502809,CUST-00385,2023-08-25,95.05,USD,VOIDED
GC-502810,CUST-01073,2023-07-19,90.51,USD,ACTIVE
GC-502811,CUST-02221,2024-07-13,74.09,GBP,ACTIVE
GC-502812,CUST-00958,2024-04-07,23.42,EUR,ACTIVE
GC-502813,CUST-00138,2022-05-03,94.75,USD,ACTIVE
GC-502814,CUST-02363,2022-08-14,139.62,USD,ACTIVE
GC-502815,CUST-02303,2024-02-28,74.82,USD,ACTIVE
GC-502816,CUST-02086,2023-05-19,23.49,USD,ACTIVE
GC-502817,CUST-00865,2022-02-15,97.01,USD,VOIDED
GC-502818,CUST-00493,2022-10-05,183.67,USD,ACTIVE
GC-502819,CUST-01765,2023-11-05,146.4,USD,ACTIVE
GC-502820,CUST-00192,2024-03-04,47.86,USD,ACTIVE
GC-502821,CUST-00693,2024-11-20,148.03,GBP,ACTIVE
GC-502822,CUST-00099,2023-10-07,73.86,GBP,ACTIVE
GC-502823,CUST-02339,2022-10-10,24.24,USD,ACTIVE
GC-502824,CUST-02298,2024-05-15,23.86,GBP,ACTIVE
GC-502825,CUST-00844,2023-01-18,23.51,USD,ACTIVE
GC-502826,CUST-00061,2024-08-29,143.72,USD,ACTIVE
GC-502827,CUST-00329,2022-11-24,23.9,USD,ACTIVE
GC-502828,CUST-02187,2024-05-16,138.94,USD,ACTIVE
GC-502829,CUST-00357,2023-05-02,72.65,USD,ACTIVE
GC-502830,CUST-00079,2022-08-20,73.31,USD,ACTIVE
GC-502831,CUST-01715,2024-07-09,95.99,USD,ACTIVE
GC-502832,CUST-02207,2024-06-18,23.42,USD,ACTIVE
GC-502833,CUST-01113,2023-04-21,146.14,EUR,ACTIVE
GC-502834,CUST-00458,2024-04-28,147.9,USD,ACTIVE
GC-502835,CUST-01544,2023-07-10,48.39,GBP,ACTIVE
GC-502836,CUST-02094,2022-07-10,23.0,USD,ACTIVE
GC-502837,CUST-01223,2022-03-29,23.01,USD,ACTIVE
GC-502838,CUST-02254,2022-12-23,73.75,GBP,ACTIVE
GC-502839,CUST-00124,2022-02-09,47.58,USD,ACTIVE
GC-502840,CUST-01389,2023-01-12,189.34,GBP,ACTIVE
GC-502841,CUST-01577,2022-08-14,94.06,USD,ACTIVE
GC-502842,CUST-00136,2024-12-22,23.1,USD,ACTIVE
GC-502843,CUST-00718,2024-05-12,198.03,USD,ACTIVE
GC-502844,CUST-01037,2023-11-16,196.43,EUR,ACTIVE
GC-502845,CUST-01222,2022-11-29,69.11,GBP,ACTIVE
GC-502846,CUST-02399,2022-07-04,47.29,USD,ACTIVE
GC-502847,CUST-02259,2023-06-30,94.05,EUR,ACTIVE
GC-502848,CUST-01024,2024-02-11,90.01,GBP,VOIDED
GC-502849,CUST-01203,2023-05-12,68.5,USD,ACTIVE
GC-502850,CUST-00173,2023-12-22,48.49,USD,ACTIVE
GC-502851,CUST-02090,2022-10-28,74.06,USD,ACTIVE
GC-502852,CUST-02042,2023-05-25,69.57,EUR,ACTIVE
GC-502853,CUST-01684,2022-11-08,46.15,USD,ACTIVE
GC-502854,CUST-01899,2024-12-19,71.89,USD,ACTIVE
GC-502855,CUST-01272,2024-09-19,45.67,GBP,ACTIVE
GC-502856,CUST-00762,2024-12-10,45.83,USD,ACTIVE
GC-502857,CUST-00046,2024-02-26,90.73,USD,ACTIVE
GC-502858,CUST-00633,2023-05-23,73.14,USD,ACTIVE
GC-502859,CUST-02278,2024-11-20,189.91,USD,ACTIVE
GC-502860,CUST-01525,2024-06-07,68.41,USD,ACTIVE
GC-502861,CUST-00392,2023-11-02,142.92,USD,ACTIVE
GC-502862,CUST-00347,2022-11-13,90.1,USD,ACTIVE
GC-502863,CUST-01187,2023-09-02,199.58,USD,ACTIVE
GC-502864,CUST-01634,2022-10-28,194.94,EUR,ACTIVE
GC-502865,CUST-01250,2023-04-10,72.98,USD,ACTIVE
GC-502866,CUST-00892,2023-09-08,23.01,USD,ACTIVE
GC-502867,CUST-01317,2022-11-08,142.05,GBP,ACTIVE
GC-502868,CUST-02213,2024-06-09,73.75,GBP,ACTIVE
GC-502869,CUST-00228,2024-11-28,46.68,USD,ACTIVE
GC-502870,CUST-01985,2024-05-23,149.14,USD,ACTIVE
GC-502871,CUST-02289,2024-03-31,149.1,USD,ACTIVE
GC-502872,CUST-00140,2024-01-28,136.98,USD,ACTIVE
GC-502873,CUST-01493,2023-05-19,23.62,GBP,ACTIVE
GC-502874,CUST-01190,2022-01-14,48.98,USD,ACTIVE
GC-502875,CUST-01294,2024-04-08,22.63,USD,ACTIVE
GC-502876,CUST-00353,2023-01-03,48.48,USD,ACTIVE
GC-502877,CUST-00813,2024-11-22,46.05,USD,ACTIVE
GC-502878,CUST-00754,2023-08-25,73.85,USD,ACTIVE
GC-502879,CUST-00924,2023-10-08,24.23,USD,ACTIVE
GC-502880,CUST-01464,2022-07-03,184.78,USD,ACTIVE
GC-502881,CUST-02205,2023-12-12,70.14,USD,ACTIVE
GC-502882,CUST-00152,2022-05-31,71.32,EUR,ACTIVE
GC-502883,CUST-01020,2022-08-28,24.12,USD,ACTIVE
GC-502884,CUST-00208,2023-08-07,138.69,USD,ACTIVE
GC-502885,CUST-01276,2023-10-16,23.85,USD,ACTIVE
GC-502886,CUST-02237,2022-11-03,24.51,USD,ACTIVE
GC-502887,CUST-01568,2024-03-17,194.63,USD,ACTIVE
GC-502888,CUST-02229,2024-03-28,72.21,GBP,ACTIVE
GC-502889,CUST-00087,2024-06-29,135.19,EUR,ACTIVE
GC-502890,CUST-01158,2024-06-14,138.1,GBP,ACTIVE
GC-502891,CUST-01404,2024-05-05,45.28,USD,ACTIVE
GC-502892,CUST-01229,2023-06-24,148.62,USD,VOIDED
GC-502893,CUST-01770,2024-09-25,145.8,USD,ACTIVE
GC-502894,CUST-01979,2022-03-29,45.21,EUR,ACTIVE
GC-502895,CUST-00482,2022-07-09,196.45,EUR,ACTIVE
GC-502896,CUST-01156,2023-04-01,23.0,USD,ACTIVE
GC-502897,CUST-01597,2024-02-15,23.34,USD,ACTIVE
GC-502898,CUST-00457,2024-04-05,74.96,USD,ACTIVE
GC-502899,CUST-00602,2022-02-07,48.0,USD,ACTIVE
GC-502900,CUST-01214,2024-09-10,199.17,GBP,ACTIVE
GC-502901,CUST-00564,2023-02-07,97.51,USD,ACTIVE
GC-502902,CUST-01588,2024-04-15,91.8,USD,ACTIVE
GC-502903,CUST-00302,2024-12-30,22.82,USD,ACTIVE
GC-502904,CUST-00025,2023-03-19,141.02,USD,ACTIVE
GC-502905,CUST-00035,2024-01-30,48.65,USD,VOIDED
GC-502906,CUST-00360,2024-05-28,24.06,USD,ACTIVE
GC-502907,CUST-00045,2023-03-20,23.98,EUR,ACTIVE
GC-502908,CUST-00972,2022-03-01,68.51,USD,ACTIVE
GC-502909,CUST-01389,2022-11-20,48.84,GBP,ACTIVE
GC-502910,CUST-01608,2022-03-27,145.75,USD,ACTIVE
GC-502911,CUST-01056,2023-07-14,149.28,GBP,ACTIVE
GC-502912,CUST-02281,2023-07-31,74.44,GBP,ACTIVE
GC-502913,CUST-00510,2022-02-03,136.81,GBP,ACTIVE
GC-502914,CUST-01664,2022-11-18,146.91,USD,ACTIVE
GC-502915,CUST-01557,2022-01-25,91.03,USD,ACTIVE
GC-502916,CUST-01839,2022-11-12,90.16,USD,ACTIVE
GC-502917,CUST-00258,2024-01-20,67.7,EUR,ACTIVE
GC-502918,CUST-01734,2024-10-14,70.67,USD,ACTIVE
GC-502919,CUST-00254,2024-02-04,46.28,USD,ACTIVE
GC-502920,CUST-01337,2023-09-22,138.98,USD,ACTIVE
GC-502921,CUST-01083,2024-01-19,24.2,USD,ACTIVE
GC-502922,CUST-02358,2024-12-24,99.64,USD,ACTIVE
GC-502923,CUST-01760,2023-11-08,23.88,USD,ACTIVE
GC-502924,CUST-02028,2023-06-25,191.19,GBP,ACTIVE
GC-502925,CUST-01959,2024-08-28,23.86,GBP,ACTIVE
GC-502926,CUST-00411,2023-01-16,24.01,USD,ACTIVE
GC-502927,CUST-01963,2023-03-12,46.05,GBP,ACTIVE
GC-502928,CUST-00164,2023-01-17,46.61,EUR,ACTIVE
GC-502929,CUST-01885,2024-02-10,144.79,EUR,ACTIVE
GC-502930,CUST-00917,2024-12-31,182.81,USD,ACTIVE
GC-502931,CUST-00747,2022-02-14,23.13,EUR,ACTIVE
GC-502932,CUST-00774,2023-04-12,139.18,USD,ACTIVE
GC-502933,CUST-02027,2022-05-25,142.88,EUR,VOIDED
GC-502934,CUST-00038,2024-09-16,73.97,USD,ACTIVE
GC-502935,CUST-00236,2024-06-25,95.68,USD,ACTIVE
GC-502936,CUST-00285,2023-02-18,45.62,EUR,ACTIVE
GC-502937,CUST-01612,2023-08-06,48.37,USD,ACTIVE
GC-502938,CUST-01772,2022-11-05,94.49,USD,ACTIVE
GC-502939,CUST-01632,2024-04-02,189.56,USD,ACTIVE
GC-502940,CUST-02288,2024-01-11,46.89,USD,ACTIVE
GC-502941,CUST-01283,2022-12-14,146.94,EUR,ACTIVE
GC-502942,CUST-00348,2022-03-18,97.91,GBP,ACTIVE
GC-502943,CUST-01939,2024-01-22,47.14,EUR,ACTIVE
GC-502944,CUST-01659,2023-01-26,199.64,EUR,ACTIVE
GC-502945,CUST-01653,2023-06-22,181.42,USD,ACTIVE
GC-502946,CUST-01095,2023-10-08,96.46,EUR,ACTIVE
GC-502947,CUST-00892,2024-09-19,147.58,GBP,ACTIVE
GC-502948,CUST-00317,2023-06-12,190.12,EUR,ACTIVE
GC-502949,CUST-01291,2023-10-05,71.98,USD,ACTIVE
GC-502950,CUST-00586,2024-05-03,69.12,USD,ACTIVE
GC-502951,CUST-01054,2024-02-20,45.5,USD,ACTIVE
GC-502952,CUST-02186,2022-06-02,23.32,GBP,ACTIVE
GC-502953,CUST-00670,2022-10-09,149.58,USD,ACTIVE
GC-502954,CUST-01246,2024-10-16,49.13,USD,ACTIVE
GC-502955,CUST-01889,2024-10-29,90.64,GBP,ACTIVE
GC-502956,CUST-00579,2022-09-21,95.26,USD,ACTIVE
GC-502957,CUST-00203,2024-02-27,24.97,GBP,ACTIVE
GC-502958,CUST-01047,2024-01-28,71.01,USD,ACTIVE
GC-502959,CUST-01604,2022-02-20,71.36,GBP,ACTIVE
GC-502960,CUST-01104,2024-03-03,190.83,USD,ACTIVE
GC-502961,CUST-01618,2022-09-02,135.89,USD,VOIDED
GC-502962,CUST-01709,2022-06-21,91.32,USD,ACTIVE
GC-502963,CUST-01460,2023-10-15,96.84,GBP,ACTIVE
GC-502964,CUST-02022,2023-12-23,46.27,USD,ACTIVE
GC-502965,CUST-01700,2024-12-23,72.62,USD,ACTIVE
GC-502966,CUST-01446,2023-06-07,22.88,USD,VOIDED
GC-502967,CUST-01240,2023-06-17,143.83,USD,ACTIVE
GC-502968,CUST-00070,2024-11-15,73.65,USD,ACTIVE
GC-502969,CUST-01854,2022-02-10,91.94,USD,VOIDED
GC-502970,CUST-01222,2023-07-03,47.56,USD,ACTIVE
GC-502971,CUST-02191,2023-04-03,146.65,USD,ACTIVE
GC-502972,CUST-00272,2024-09-01,98.68,EUR,VOIDED
GC-502973,CUST-02359,2024-09-24,70.02,USD,ACTIVE
GC-502974,CUST-00449,2023-03-06,96.09,USD,ACTIVE
GC-502975,CUST-01226,2024-11-09,139.83,USD,ACTIVE
GC-502976,CUST-00913,2023-05-30,24.72,GBP,ACTIVE
GC-502977,CUST-02247,2022-04-03,199.65,USD,ACTIVE
GC-502978,CUST-01028,2023-07-08,197.44,USD,ACTIVE
GC-502979,CUST-00369,2023-12-26,149.62,EUR,ACTIVE
GC-502980,CUST-01149,2022-02-05,49.22,USD,ACTIVE
GC-502981,CUST-00395,2024-06-20,94.71,GBP,ACTIVE
GC-502982,CUST-01095,2024-12-06,46.01,GBP,ACTIVE
GC-502983,CUST-01311,2024-11-30,190.29,USD,ACTIVE
GC-502984,CUST-00652,2023-05-17,45.84,GBP,VOIDED
GC-502985,CUST-00128,2024-01-09,140.65,GBP,ACTIVE
GC-502986,CUST-01147,2022-12-06,98.39,USD,ACTIVE
GC-502987,CUST-00355,2024-01-31,148.85,USD,ACTIVE
GC-502988,CUST-01920,2024-10-22,73.34,USD,VOIDED
GC-502989,CUST-01482,2023-11-28,70.61,EUR,ACTIVE
GC-502990,CUST-00902,2024-08-28,96.25,USD,ACTIVE
GC-502991,CUST-00702,2023-04-12,196.55,USD,ACTIVE
GC-502992,CUST-01755,2023-10-10,190.84,USD,ACTIVE
GC-502993,CUST-00228,2023-07-29,95.81,USD,ACTIVE
GC-502994,CUST-00290,2024-06-30,93.14,USD,ACTIVE
GC-502995,CUST-00318,2022-03-23,184.2,USD,ACTIVE
GC-502996,CUST-02089,2024-03-10,98.27,USD,ACTIVE
GC-502997,CUST-02255,2024-11-14,92.05,USD,ACTIVE
GC-502998,CUST-00070,2024-09-07,22.88,USD,ACTIVE
GC-502999,CUST-00446,2023-01-05,195.73,USD,ACTIVE
GC-503000,CUST-01367,2022-06-30,136.5,EUR,ACTIVE
GC-503001,CUST-00403,2024-11-12,24.12,USD,ACTIVE
GC-503002,CUST-00151,2022-08-31,95.86,USD,ACTIVE
GC-503003,CUST-00602,2022-10-22,144.1,USD,ACTIVE
GC-503004,CUST-02095,2024-06-13,72.06,GBP,ACTIVE
GC-503005,CUST-01886,2024-11-12,98.62,EUR,ACTIVE
GC-503006,CUST-00783,2023-11-24,188.92,USD,ACTIVE
GC-503007,CUST-00968,2022-07-27,197.98,USD,ACTIVE
GC-503008,CUST-01349,2023-11-28,24.2,GBP,ACTIVE
GC-503009,CUST-00135,2024-01-03,181.87,USD,ACTIVE
GC-503010,CUST-02202,2023-03-05,23.28,USD,ACTIVE
GC-503011,CUST-00202,2023-02-11,149.86,USD,ACTIVE
GC-503012,CUST-01612,2024-12-29,24.36,EUR,ACTIVE
GC-503013,CUST-01794,2024-07-11,95.38,EUR,ACTIVE
GC-503014,CUST-00951,2023-09-12,70.18,GBP,ACTIVE
GC-503015,CUST-01734,2024-05-25,22.67,USD,ACTIVE
GC-503016,CUST-01308,2024-09-09,95.06,USD,ACTIVE
GC-503017,CUST-01455,2024-10-17,97.06,USD,ACTIVE
GC-503018,CUST-00604,2024-06-18,23.77,USD,ACTIVE
GC-503019,CUST-00364,2023-11-10,74.41,EUR,ACTIVE
GC-503020,CUST-00671,2023-04-10,46.5,USD,ACTIVE
GC-503021,CUST-00099,2024-08-13,69.69,USD,ACTIVE
GC-503022,CUST-01462,2023-08-04,24.8,GBP,ACTIVE
GC-503023,CUST-02104,2022-07-12,143.28,USD,ACTIVE
GC-503024,CUST-01175,2022-07-22,73.78,USD,ACTIVE
GC-503025,CUST-01584,2022-04-30,138.83,GBP,ACTIVE
GC-503026,CUST-01995,2024-07-10,24.34,USD,ACTIVE
GC-503027,CUST-00514,2024-04-09,192.74,USD,ACTIVE
GC-503028,CUST-00118,2022-11-07,186.96,USD,ACTIVE
GC-503029,CUST-02397,2024-02-27,45.58,GBP,VOIDED
GC-503030,CUST-01703,2024-02-12,91.23,USD,ACTIVE
GC-503031,CUST-01696,2024-06-10,22.85,USD,ACTIVE
GC-503032,CUST-01101,2022-03-23,48.63,USD,ACTIVE
GC-503033,CUST-00067,2022-07-12,96.14,USD,ACTIVE
GC-503034,CUST-00257,2024-07-26,99.08,USD,ACTIVE
GC-503035,CUST-00216,2022-08-14,92.46,EUR,ACTIVE
GC-503036,CUST-00894,2022-05-17,146.73,EUR,ACTIVE
GC-503037,CUST-01077,2022-07-09,135.67,USD,ACTIVE
GC-503038,CUST-02243,2023-10-25,48.71,USD,ACTIVE
GC-503039,CUST-02251,2024-03-28,45.9,USD,VOIDED
GC-503040,CUST-00937,2022-01-02,97.55,USD,ACTIVE
GC-503041,CUST-00343,2024-02-05,92.92,GBP,ACTIVE
GC-503042,CUST-01465,2022-07-10,72.73,USD,ACTIVE
GC-503043,CUST-02155,2024-11-24,147.36,USD,ACTIVE
GC-503044,CUST-00034,2023-08-16,139.83,USD,ACTIVE
GC-503045,CUST-01784,2024-05-20,137.91,USD,ACTIVE
GC-503046,CUST-01532,2024-10-25,22.75,USD,ACTIVE
GC-503047,CUST-01968,2023-05-14,69.05,USD,ACTIVE
GC-503048,CUST-00266,2023-05-28,94.81,USD,ACTIVE
GC-503049,CUST-01661,2024-12-10,93.01,USD,ACTIVE
GC-503050,CUST-01666,2022-01-05,98.22,USD,ACTIVE
GC-503051,CUST-01002,2022-05-28,68.84,USD,ACTIVE
GC-503052,CUST-01656,2022-03-10,45.98,USD,ACTIVE
GC-503053,CUST-01769,2023-11-18,198.85,GBP,VOIDED
GC-503054,CUST-00078,2023-10-31,46.44,USD,ACTIVE
GC-503055,CUST-00629,2022-02-25,94.8,USD,ACTIVE
GC-503056,CUST-01049,2023-10-17,143.5,GBP,ACTIVE
GC-503057,CUST-01646,2024-05-19,49.24,USD,ACTIVE
GC-503058,CUST-00951,2022-09-25,183.52,USD,ACTIVE
GC-503059,CUST-00467,2023-03-02,139.6,USD,ACTIVE
GC-503060,CUST-00789,2023-04-12,46.82,GBP,ACTIVE
GC-503061,CUST-01161,2023-11-14,46.52,USD,ACTIVE
GC-503062,CUST-01762,2024-05-29,68.8,USD,ACTIVE
GC-503063,CUST-02390,2024-01-01,97.5,USD,ACTIVE
GC-503064,CUST-01940,2023-05-12,191.46,USD,ACTIVE
GC-503065,CUST-01477,2022-12-30,98.3,EUR,ACTIVE
GC-503066,CUST-01520,2023-11-12,23.17,EUR,ACTIVE
GC-503067,CUST-00646,2024-01-28,190.22,USD,ACTIVE
GC-503068,CUST-01707,2024-05-02,23.17,USD,ACTIVE
GC-503069,CUST-00898,2023-05-26,145.47,USD,ACTIVE
GC-503070,CUST-01110,2024-03-17,186.36,USD,ACTIVE
GC-503071,CUST-02299,2024-04-15,197.61,USD,ACTIVE
GC-503072,CUST-01389,2023-05-27,69.02,USD,VOIDED
GC-503073,CUST-01591,2024-10-08,46.49,EUR,ACTIVE
GC-503074,CUST-00805,2023-04-05,69.09,USD,ACTIVE
GC-503075,CUST-01683,2023-11-04,188.58,EUR,ACTIVE
GC-503076,CUST-00108,2024-04-25,97.31,USD,ACTIVE
GC-503077,CUST-01927,2023-04-30,146.28,EUR,ACTIVE
GC-503078,CUST-01701,2022-07-16,48.37,USD,ACTIVE
GC-503079,CUST-00363,2022-03-01,23.74,USD,ACTIVE
GC-503080,CUST-01555,2022-05-01,183.32,USD,ACTIVE
GC-503081,CUST-00391,2023-07-15,141.35,EUR,ACTIVE
GC-503082,CUST-01170,2024-03-26,146.52,USD,ACTIVE
GC-503083,CUST-01626,2023-01-12,185.56,USD,ACTIVE
GC-503084,CUST-00674,2024-03-06,70.08,GBP,ACTIVE
GC-503085,CUST-01232,2022-01-24,98.21,USD,ACTIVE
GC-503086,CUST-01885,2022-07-01,94.51,EUR,ACTIVE
GC-503087,CUST-01687,2023-04-05,69.16,USD,ACTIVE
GC-503088,CUST-01596,2022-08-09,73.39,USD,ACTIVE
GC-503089,CUST-00466,2024-04-01,47.84,GBP,ACTIVE
GC-503090,CUST-01975,2023-02-25,71.5,GBP,ACTIVE
GC-503091,CUST-02308,2023-06-28,181.24,USD,ACTIVE
GC-503092,CUST-02022,2023-03-20,24.98,USD,VOIDED
GC-503093,CUST-00374,2022-08-01,24.94,USD,ACTIVE
GC-503094,CUST-00341,2022-02-21,72.42,USD,ACTIVE
GC-503095,CUST-02302,2024-05-04,23.51,USD,ACTIVE
GC-503096,CUST-00592,2022-09-07,71.26,USD,ACTIVE
GC-503097,CUST-01239,2023-06-19,23.02,USD,ACTIVE
GC-503098,CUST-00252,2024-09-06,181.92,EUR,ACTIVE
GC-503099,CUST-00842,2024-02-22,23.31,USD,ACTIVE
GC-503100,CUST-00067,2022-10-05,96.69,USD,ACTIVE
GC-503101,CUST-02276,2022-06-30,22.8,USD,ACTIVE
GC-503102,CUST-01226,2023-10-12,99.34,USD,ACTIVE
GC-503103,CUST-00873,2024-06-12,140.53,USD,ACTIVE
GC-503104,CUST-01236,2022-08-16,91.22,GBP,ACTIVE
GC-503105,CUST-01173,2022-12-13,183.04,USD,ACTIVE
GC-503106,CUST-01358,2022-04-16,144.95,USD,ACTIVE
GC-503107,CUST-01411,2023-11-22,68.82,USD,ACTIVE
GC-503108,CUST-01278,2022-06-03,48.16,USD,ACTIVE
GC-503109,CUST-01745,2024-03-10,71.3,EUR,ACTIVE
GC-503110,CUST-00240,2022-03-04,23.98,USD,ACTIVE
GC-503111,CUST-01396,2024-06-05,74.54,USD,VOIDED
GC-503112,CUST-00853,2024-01-19,139.44,USD,ACTIVE
GC-503113,CUST-01837,2022-06-26,46.95,USD,ACTIVE
GC-503114,CUST-01482,2024-04-09,23.15,USD,ACTIVE
GC-503115,CUST-00093,2022-03-29,73.94,USD,ACTIVE
GC-503116,CUST-01125,2022-08-16,24.97,USD,ACTIVE
GC-503117,CUST-01687,2024-04-17,135.88,EUR,ACTIVE
GC-503118,CUST-00691,2023-01-29,182.23,EUR,ACTIVE
GC-503119,CUST-01138,2024-08-22,47.63,USD,ACTIVE
GC-503120,CUST-01218,2022-03-07,68.19,USD,ACTIVE
GC-503121,CUST-01098,2024-07-15,23.07,EUR,VOIDED
GC-503122,CUST-00417,2022-08-25,72.5,USD,ACTIVE
GC-503123,CUST-00796,2023-10-15,45.82,USD,ACTIVE
GC-503124,CUST-00538,2022-01-16,68.38,USD,ACTIVE
GC-503125,CUST-01473,2024-09-29,24.0,EUR,ACTIVE
GC-503126,CUST-00071,2022-05-30,68.27,USD,ACTIVE
GC-503127,CUST-01076,2023-08-13,141.15,USD,ACTIVE
GC-503128,CUST-00910,2023-12-07,144.64,USD,ACTIVE
GC-503129,CUST-00598,2022-07-19,192.41,USD,VOIDED
GC-503130,CUST-01822,2023-05-29,188.05,USD,ACTIVE
GC-503131,CUST-01307,2023-11-11,74.68,EUR,VOIDED
GC-503132,CUST-01525,2023-09-19,23.86,GBP,ACTIVE
GC-503133,CUST-02130,2024-05-28,90.67,USD,ACTIVE
GC-503134,CUST-01722,2024-07-30,47.26,USD,ACTIVE
GC-503135,CUST-00382,2023-04-02,191.2,USD,ACTIVE
GC-503136,CUST-00659,2024-03-25,69.76,USD,ACTIVE
GC-503137,CUST-00739,2023-10-24,139.23,USD,ACTIVE
GC-503138,CUST-00577,2023-05-29,46.51,USD,ACTIVE
GC-503139,CUST-01122,2022-06-13,182.52,USD,ACTIVE
GC-503140,CUST-01401,2023-05-21,136.62,USD,ACTIVE
GC-503141,CUST-02307,2024-02-15,46.39,USD,ACTIVE
GC-503142,CUST-01385,2023-08-20,49.65,USD,ACTIVE
GC-503143,CUST-02203,2022-10-13,92.26,EUR,ACTIVE
GC-503144,CUST-00372,2024-06-25,23.71,USD,ACTIVE
GC-503145,CUST-00357,2024-04-14,148.91,USD,ACTIVE
GC-503146,CUST-01472,2023-05-09,49.5,EUR,ACTIVE
GC-503147,CUST-01454,2022-03-09,24.6,USD,ACTIVE
GC-503148,CUST-02049,2022-04-03,146.7,USD,ACTIVE
GC-503149,CUST-00758,2022-11-06,90.95,USD,ACTIVE
GC-503150,CUST-00436,2023-05-06,46.06,GBP,ACTIVE
GC-503151,CUST-02005,2024-09-24,135.93,USD,ACTIVE
GC-503152,CUST-00753,2023-12-01,23.44,USD,ACTIVE
GC-503153,CUST-01543,2023-07-30,90.64,GBP,ACTIVE
GC-503154,CUST-01267,2022-01-06,95.79,GBP,ACTIVE
GC-503155,CUST-00585,2023-04-10,73.45,USD,ACTIVE
GC-503156,CUST-01907,2024-12-30,69.99,USD,ACTIVE
GC-503157,CUST-01004,2024-06-28,182.37,USD,ACTIVE
GC-503158,CUST-02044,2024-05-26,188.56,USD,ACTIVE
GC-503159,CUST-01929,2024-05-06,45.13,USD,ACTIVE
GC-503160,CUST-02269,2022-06-27,186.42,GBP,ACTIVE
GC-503161,CUST-01601,2024-09-06,145.2,GBP,ACTIVE
GC-503162,CUST-01752,2023-02-23,45.68,USD,ACTIVE
GC-503163,CUST-00505,2023-12-30,45.36,EUR,ACTIVE
GC-503164,CUST-02117,2023-08-06,140.51,GBP,ACTIVE
GC-503165,CUST-00344,2022-06-20,48.03,USD,ACTIVE
GC-503166,CUST-00119,2023-05-17,73.3,USD,ACTIVE
GC-503167,CUST-02204,2022-11-01,193.95,USD,ACTIVE
GC-503168,CUST-01792,2023-12-07,192.53,EUR,ACTIVE
GC-503169,CUST-00855,2022-09-17,145.7,USD,ACTIVE
GC-503170,CUST-02269,2023-02-18,94.13,GBP,ACTIVE
GC-503171,CUST-01397,2023-03-07,45.21,EUR,ACTIVE
GC-503172,CUST-00125,2024-03-05,48.5,USD,ACTIVE
GC-503173,CUST-00261,2022-10-23,49.97,USD,ACTIVE
GC-503174,CUST-01581,2024-08-19,71.47,USD,ACTIVE
GC-503175,CUST-02367,2023-08-13,73.73,GBP,ACTIVE
GC-503176,CUST-00566,2023-10-07,95.79,USD,ACTIVE
GC-503177,CUST-00450,2022-10-20,24.67,GBP,ACTIVE
GC-503178,CUST-01712,2024-10-05,149.17,USD,ACTIVE
GC-503179,CUST-01806,2023-03-18,197.55,USD,ACTIVE
GC-503180,CUST-00537,2022-08-14,98.69,USD,ACTIVE
GC-503181,CUST-00018,2023-01-17,46.46,USD,ACTIVE
GC-503182,CUST-01194,2022-04-17,23.01,USD,ACTIVE
GC-503183,CUST-02170,2022-10-02,70.9,USD,ACTIVE
GC-503184,CUST-00590,2023-05-13,96.45,USD,VOIDED
GC-503185,CUST-00230,2023-07-07,24.29,USD,ACTIVE
GC-503186,CUST-01747,2023-02-15,22.67,USD,ACTIVE
GC-503187,CUST-00621,2022-02-25,193.52,USD,ACTIVE
GC-503188,CUST-01733,2024-07-13,140.72,GBP,ACTIVE
GC-503189,CUST-02213,2024-04-10,194.8,USD,ACTIVE
GC-503190,CUST-01562,2022-01-18,193.54,USD,ACTIVE
GC-503191,CUST-01172,2024-06-09,45.12,EUR,ACTIVE
GC-503192,CUST-00213,2022-08-21,46.31,USD,ACTIVE
GC-503193,CUST-00318,2022-08-10,70.44,USD,ACTIVE
GC-503194,CUST-01171,2023-06-07,22.65,GBP,ACTIVE
GC-503195,CUST-00262,2023-12-15,98.94,USD,ACTIVE
GC-503196,CUST-01310,2023-12-23,22.99,EUR,ACTIVE
GC-503197,CUST-00050,2022-07-31,148.97,USD,ACTIVE
GC-503198,CUST-00153,2022-11-13,182.05,USD,VOIDED
GC-503199,CUST-02160,2023-02-23,182.06,USD,ACTIVE
GC-503200,CUST-02114,2024-03-08,149.67,USD,ACTIVE
